-- phpMyAdmin SQL Dump
-- version 5.1.1
-- https://www.phpmyadmin.net/
--
-- Servidor: localhost
-- Tiempo de generación: 11-05-2022 a las 16:25:23
-- Versión del servidor: 10.4.22-MariaDB
-- Versión de PHP: 8.0.14

SET SQL_MODE = "NO_AUTO_VALUE_ON_ZERO";
START TRANSACTION;
SET time_zone = "+00:00";


/*!40101 SET @OLD_CHARACTER_SET_CLIENT=@@CHARACTER_SET_CLIENT */;
/*!40101 SET @OLD_CHARACTER_SET_RESULTS=@@CHARACTER_SET_RESULTS */;
/*!40101 SET @OLD_COLLATION_CONNECTION=@@COLLATION_CONNECTION */;
/*!40101 SET NAMES utf8mb4 */;

--
-- Base de datos: `gdsnetmx_inventario`
--

-- --------------------------------------------------------

--
-- Estructura de tabla para la tabla `acl`
--

CREATE TABLE `acl` (
  `ai` int(10) UNSIGNED NOT NULL,
  `action_id` int(10) UNSIGNED NOT NULL,
  `user_id` int(10) UNSIGNED DEFAULT NULL
) ENGINE=InnoDB DEFAULT CHARSET=utf8;

--
-- Volcado de datos para la tabla `acl`
--

INSERT INTO `acl` (`ai`, `action_id`, `user_id`) VALUES
(1, 1, 2157535143),
(2, 2, 2157535143);

-- --------------------------------------------------------

--
-- Estructura de tabla para la tabla `acl_actions`
--

CREATE TABLE `acl_actions` (
  `action_id` int(10) UNSIGNED NOT NULL,
  `action_code` varchar(100) NOT NULL COMMENT 'No periods allowed!',
  `action_desc` varchar(100) NOT NULL COMMENT 'Human readable description',
  `category_id` int(10) UNSIGNED NOT NULL
) ENGINE=InnoDB DEFAULT CHARSET=utf8;

--
-- Volcado de datos para la tabla `acl_actions`
--

INSERT INTO `acl_actions` (`action_id`, `action_code`, `action_desc`, `category_id`) VALUES
(1, 'view_administradores', 'Ver Administradores', 1),
(2, 'index', 'medoto index', 1),
(3, '', '', 1);

-- --------------------------------------------------------

--
-- Estructura de tabla para la tabla `acl_categories`
--

CREATE TABLE `acl_categories` (
  `category_id` int(10) UNSIGNED NOT NULL,
  `category_code` varchar(100) NOT NULL COMMENT 'No periods allowed!',
  `category_desc` varchar(100) NOT NULL COMMENT 'Human readable description'
) ENGINE=InnoDB DEFAULT CHARSET=utf8;

--
-- Volcado de datos para la tabla `acl_categories`
--

INSERT INTO `acl_categories` (`category_id`, `category_code`, `category_desc`) VALUES
(1, 'administradores', 'Administradores');

-- --------------------------------------------------------

--
-- Estructura de tabla para la tabla `administradores`
--

CREATE TABLE `administradores` (
  `id` int(1) NOT NULL,
  `nombre` varchar(16) DEFAULT NULL,
  `username` varchar(16) DEFAULT NULL,
  `password` varchar(60) DEFAULT NULL,
  `id_rol` int(1) DEFAULT NULL,
  `id_estado` int(1) DEFAULT NULL,
  `fechaRegistro` varchar(10) DEFAULT NULL,
  `fechaModificacion` varchar(10) DEFAULT NULL
) ENGINE=Aria DEFAULT CHARSET=utf8;

--
-- Volcado de datos para la tabla `administradores`
--

INSERT INTO `administradores` (`id`, `nombre`, `username`, `password`, `id_rol`, `id_estado`, `fechaRegistro`, `fechaModificacion`) VALUES
(1, 'ADMINISTRADOR', 'administrador', '$2y$10$op3o35b4.FpbTN9Brcr39uO9eLnp.S7xzXXRFoLo0C.JQN0chwj8u', 1, 1, '2021-12-20', '2021-12-20'),
(2, 'MAURICIO CORNEJO', 'Mauricio.Cornejo', '$2y$10$oSxNoAaETzZqqP.XPCASAeZNIOxwbrX9FWFxIpqfhQCrYgD3Y/T3a', 1, 1, '2021-12-20', '2021-12-20'),
(3, 'MIGUEL MENDOZA', 'Miguel.Mendoza', '$2y$10$UouYGYt7Evj3/Xm6FFEUwuODMlbGaVNJbx9xl5PfaPQ1zu2pTFbP6', 1, 1, '2021-12-20', '2021-12-20'),
(4, 'MIGUEL PEREZ', 'Miguel.Perez', '$2y$10$yk/4d35YRTaqZbXB8J9sEuQGd3HDt0IHy2R.uQViA02X.SA2v2gQS', 1, 1, '2021-12-20', '2021-12-20'),
(5, 'FABIAN APARICIO', 'Fabian.Aparicio', '$2y$10$rsTRrddyKbaxdTGGBDOIEOjObmAHp7xhlZdDKA9YRYAVyJnjWgfxm', 1, 1, '2021-12-20', '2021-12-20'),
(6, 'MARTIN GALICIA', 'Martin.Galicia', '$2y$10$jE2w7DJ3hktDdDTGTKgMxuOd.l1KKA6lt2bBpzuxLvPswQ5CQCqJe', 1, 1, '2021-12-20', '2021-12-20'),
(7, 'JARED FABIAN', 'Jared.Fabian', '$2y$10$oGEjfbyJvOdsdTu66Jj/2e.wIIPGxhW7ulPweQfPMBnN38Vqa0Npq', 1, 1, '2021-12-20', '2021-12-20');

-- --------------------------------------------------------

--
-- Estructura de tabla para la tabla `asignacion`
--

CREATE TABLE `asignacion` (
  `id` int(1) NOT NULL,
  `id_usuario` int(11) NOT NULL,
  `id_equipo` int(11) NOT NULL,
  `entrega` date NOT NULL,
  `devolucion` date DEFAULT NULL,
  `id_tipoAsignacion` int(11) NOT NULL,
  `id_estado` int(11) NOT NULL,
  `fechaRegistro` date NOT NULL,
  `fechaModificacion` date NOT NULL
) ENGINE=Aria DEFAULT CHARSET=latin1;

--
-- Volcado de datos para la tabla `asignacion`
--

INSERT INTO `asignacion` (`id`, `id_usuario`, `id_equipo`, `entrega`, `devolucion`, `id_tipoAsignacion`, `id_estado`, `fechaRegistro`, `fechaModificacion`) VALUES
(1, 1, 125, '2019-05-30', NULL, 3, 1, '2021-11-18', '2021-11-18'),
(2, 1, 126, '2021-01-18', NULL, 1, 1, '2021-11-18', '2021-11-18'),
(3, 3, 122, '2021-02-23', NULL, 3, 1, '2021-11-18', '2021-11-18'),
(4, 10, 130, '2020-09-10', NULL, 3, 1, '2021-11-18', '2021-11-18'),
(5, 13, 138, '2020-08-31', NULL, 3, 1, '2021-11-18', '2021-11-18'),
(6, 15, 133, '2021-01-13', NULL, 3, 1, '2021-11-18', '2021-11-18'),
(7, 16, 136, '2019-02-25', NULL, 3, 1, '2021-11-18', '2021-11-18'),
(8, 17, 137, '2019-02-25', NULL, 3, 1, '2021-11-18', '2021-11-18'),
(9, 2, 121, '2019-03-08', NULL, 3, 1, '2021-11-18', '2021-11-18'),
(10, 5, 124, '2020-02-24', '2022-02-01', 3, 2, '2021-11-18', '2022-02-01'),
(11, 9, 129, '2020-07-16', NULL, 3, 1, '2021-11-18', '2021-11-18'),
(12, 18, 134, '2021-02-15', NULL, 3, 1, '2021-11-18', '2021-11-18'),
(13, 7, 128, '2021-10-11', NULL, 3, 1, '2021-11-18', '2021-11-18'),
(14, 11, 131, '2021-02-04', NULL, 3, 1, '2021-12-21', '2021-12-21'),
(15, 6, 114, '2020-09-18', NULL, 3, 1, '2021-12-21', '2021-12-21'),
(16, 4, 123, '2019-04-02', NULL, 3, 1, '2021-12-21', '2021-12-21'),
(17, 12, 132, '2020-09-21', NULL, 3, 1, '2021-12-21', '2021-12-21'),
(18, 14, 135, '2021-12-01', NULL, 3, 1, '2021-12-21', '2021-12-21'),
(19, 19, 142, '2021-01-13', NULL, 3, 1, '2021-12-21', '2021-12-21'),
(20, 47, 80, '2021-02-15', NULL, 3, 1, '2021-12-21', '2021-12-21'),
(21, 20, 32, '2021-04-27', NULL, 3, 1, '2021-12-23', '2021-12-23'),
(22, 24, 33, '2021-04-05', NULL, 3, 1, '2021-12-23', '2021-12-23'),
(23, 22, 41, '2021-12-08', NULL, 3, 1, '2021-12-23', '2021-12-23'),
(24, 23, 36, '2021-04-05', NULL, 3, 1, '2021-12-23', '2021-12-23'),
(25, 25, 40, '2021-05-19', NULL, 3, 1, '2021-12-23', '2021-12-23'),
(26, 26, 35, '2019-05-30', NULL, 3, 1, '2021-12-23', '2021-12-23'),
(27, 27, 38, '2020-07-17', NULL, 3, 1, '2021-12-23', '2021-12-23'),
(28, 28, 34, '2021-06-01', '2022-02-22', 3, 2, '2021-12-23', '2022-02-22'),
(29, 29, 39, '2021-10-22', NULL, 3, 1, '2021-12-23', '2021-12-23'),
(30, 30, 48, '2018-10-29', NULL, 3, 1, '2021-12-23', '2021-12-23'),
(31, 31, 53, '2021-10-12', NULL, 3, 1, '2021-12-23', '2021-12-23'),
(32, 32, 56, '2021-10-01', NULL, 3, 1, '2021-12-23', '2021-12-23'),
(33, 33, 50, '2021-07-07', NULL, 3, 1, '2021-12-23', '2021-12-23'),
(34, 100, 31, '2021-11-16', NULL, 3, 1, '2021-12-23', '2021-12-23'),
(35, 36, 45, '2021-07-19', NULL, 3, 1, '2021-12-23', '2021-12-23'),
(36, 37, 46, '2021-10-06', NULL, 3, 1, '2021-12-23', '2021-12-23'),
(37, 38, 43, '2021-09-07', '2022-02-21', 3, 2, '2021-12-23', '2022-02-21'),
(38, 35, 42, '2021-01-26', NULL, 3, 1, '2021-12-23', '2021-12-23'),
(39, 45, 62, '2021-12-23', NULL, 3, 1, '2021-12-23', '2021-12-23'),
(40, 46, 57, '2021-12-23', NULL, 3, 1, '2021-12-23', '2021-12-23'),
(41, 101, 253, '2020-02-23', '2021-12-24', 3, 2, '2021-12-24', '2021-12-24'),
(42, 102, 153, '2021-11-03', '2022-02-21', 3, 2, '2021-12-24', '2022-02-21'),
(43, 103, 61, '2021-12-08', '2022-02-10', 3, 2, '2021-12-24', '2022-02-10'),
(44, 104, 253, '2021-12-24', NULL, 3, 1, '2021-12-24', '2021-12-24'),
(45, 39, 53, '2021-10-12', '2022-02-02', 3, 2, '2021-12-26', '2022-02-02'),
(46, 41, 47, '2021-10-12', NULL, 3, 1, '2021-12-26', '2021-12-26'),
(47, 42, 55, '2021-10-12', NULL, 3, 1, '2021-12-26', '2021-12-26'),
(48, 43, 49, '2019-12-25', NULL, 3, 1, '2021-12-26', '2021-12-26'),
(49, 40, 54, '2021-07-30', NULL, 3, 1, '2021-12-26', '2021-12-26'),
(50, 44, 51, '2019-08-05', NULL, 3, 1, '2021-12-26', '2021-12-26'),
(51, 48, 63, '2021-02-22', NULL, 3, 1, '2021-12-26', '2021-12-26'),
(52, 49, 64, '2019-04-02', NULL, 3, 1, '2021-12-26', '2021-12-26'),
(53, 50, 77, '2018-07-26', NULL, 3, 1, '2021-12-26', '2021-12-26'),
(54, 53, 81, '2020-12-10', '2022-02-21', 3, 2, '2021-12-26', '2022-02-21'),
(55, 54, 82, '2020-03-11', NULL, 3, 1, '2021-12-26', '2021-12-26'),
(56, 55, 119, '2021-11-19', NULL, 3, 1, '2021-12-26', '2021-12-26'),
(57, 56, 83, '2019-02-25', NULL, 3, 1, '2021-12-26', '2021-12-26'),
(58, 57, 84, '2019-02-26', NULL, 3, 1, '2021-12-26', '2021-12-26'),
(59, 58, 91, '2019-02-25', NULL, 3, 1, '2021-12-26', '2021-12-26'),
(60, 59, 92, '2019-02-25', NULL, 3, 1, '2021-12-26', '2021-12-26'),
(61, 59, 87, '2021-07-15', '2022-02-18', 1, 2, '2021-12-26', '2022-02-18'),
(62, 73, 94, '2019-08-02', NULL, 3, 1, '2021-12-26', '2021-12-26'),
(63, 70, 99, '2021-05-04', NULL, 3, 1, '2021-12-26', '2021-12-26'),
(64, 60, 86, '2019-04-03', NULL, 3, 1, '2021-12-26', '2021-12-26'),
(65, 66, 88, '2020-09-01', NULL, 3, 1, '2021-12-26', '2021-12-26'),
(66, 67, 89, '2021-02-01', NULL, 3, 1, '2021-12-26', '2021-12-26'),
(67, 71, 93, '2021-11-17', NULL, 3, 1, '2021-12-26', '2021-12-26'),
(68, 62, 95, '2021-11-22', NULL, 3, 1, '2021-12-26', '2021-12-26'),
(69, 63, 102, '2021-11-22', '2022-02-18', 3, 2, '2021-12-26', '2022-02-18'),
(70, 61, 96, '2021-11-18', NULL, 3, 1, '2021-12-26', '2021-12-26'),
(71, 72, 101, '2021-08-25', '2022-02-01', 3, 2, '2021-12-26', '2022-02-01'),
(72, 68, 90, '2021-04-22', NULL, 3, 1, '2021-12-26', '2021-12-26'),
(73, 69, 97, '2021-05-13', NULL, 3, 1, '2021-12-26', '2021-12-26'),
(74, 74, 106, '2019-02-26', NULL, 3, 1, '2021-12-26', '2021-12-26'),
(75, 79, 111, '2020-09-28', NULL, 3, 1, '2021-12-26', '2021-12-26'),
(76, 77, 109, '2021-05-07', NULL, 3, 1, '2021-12-27', '2021-12-27'),
(77, 90, 166, '2021-12-27', NULL, 3, 1, '2021-12-27', '2021-12-27'),
(78, 75, 103, '2017-10-16', NULL, 3, 1, '2021-12-27', '2021-12-27'),
(79, 75, 104, '2021-03-23', NULL, 1, 1, '2021-12-27', '2021-12-27'),
(80, 93, 12, '2019-08-01', NULL, 3, 1, '2021-12-27', '2021-12-27'),
(81, 94, 6, '2021-10-22', NULL, 3, 1, '2021-12-27', '2021-12-27'),
(82, 94, 5, '2019-11-07', NULL, 1, 1, '2021-12-27', '2021-12-27'),
(83, 95, 14, '2021-12-27', NULL, 3, 1, '2021-12-27', '2021-12-27'),
(84, 95, 8, '2019-04-30', NULL, 1, 1, '2021-12-27', '2021-12-27'),
(85, 96, 7, '2020-07-16', NULL, 3, 1, '2022-01-08', '2022-01-08'),
(86, 97, 9, '2020-03-06', NULL, 3, 1, '2022-01-08', '2022-01-08'),
(87, 97, 13, '2022-01-08', NULL, 1, 1, '2022-01-08', '2022-01-08'),
(88, 98, 11, '2022-01-08', NULL, 3, 1, '2022-01-08', '2022-01-08'),
(89, 99, 10, '2021-08-18', NULL, 3, 1, '2022-01-08', '2022-01-08'),
(90, 127, 237, '2021-09-15', NULL, 3, 1, '2022-01-08', '2022-01-08'),
(91, 116, 240, '2020-01-20', NULL, 3, 1, '2022-01-08', '2022-01-08'),
(92, 128, 234, '2017-06-07', '2022-01-08', 3, 2, '2022-01-08', '2022-01-08'),
(93, 128, 246, '2022-01-08', NULL, 3, 1, '2022-01-08', '2022-01-08'),
(94, 128, 233, '2020-07-15', NULL, 1, 1, '2022-01-08', '2022-01-08'),
(95, 128, 234, '2017-06-07', NULL, 3, 1, '2022-01-08', '2022-01-08'),
(96, 129, 238, '2021-02-16', NULL, 3, 1, '2022-01-08', '2022-01-08'),
(97, 92, 167, '2022-01-08', '2022-01-08', 3, 2, '2022-01-08', '2022-01-08'),
(98, 92, 167, '2022-01-06', NULL, 3, 1, '2022-01-08', '2022-01-08'),
(99, 90, 166, '2015-07-22', '2022-01-08', 3, 2, '2022-01-08', '2022-01-08'),
(100, 130, 239, '2021-04-08', NULL, 3, 1, '2022-01-08', '2022-01-08'),
(101, 91, 165, '2021-03-29', NULL, 3, 1, '2022-01-08', '2022-01-08'),
(102, 89, 170, '2019-10-21', NULL, 3, 1, '2022-01-08', '2022-01-08'),
(103, 131, 236, '2021-03-30', NULL, 3, 1, '2022-01-08', '2022-01-08'),
(104, 88, 171, '2021-11-12', NULL, 3, 1, '2022-01-08', '2022-01-08'),
(105, 86, 168, '2019-05-20', NULL, 3, 1, '2022-01-08', '2022-01-08'),
(106, 84, 163, '2021-10-21', '2022-02-10', 3, 2, '2022-01-08', '2022-02-10'),
(107, 132, 241, '2019-11-08', NULL, 3, 1, '2022-01-08', '2022-01-08'),
(108, 109, 22, '2019-03-05', NULL, 3, 1, '2022-01-08', '2022-01-08'),
(109, 133, 242, '2021-05-20', NULL, 3, 1, '2022-01-08', '2022-01-08'),
(110, 134, 245, '2020-07-27', NULL, 3, 1, '2022-01-08', '2022-01-08'),
(111, 135, 247, '2020-05-12', NULL, 3, 1, '2022-01-08', '2022-01-08'),
(112, 136, 248, '2020-05-12', NULL, 3, 1, '2022-01-08', '2022-01-08'),
(113, 137, 249, '2020-05-15', NULL, 3, 1, '2022-01-08', '2022-01-08'),
(114, 138, 251, '2022-01-05', NULL, 3, 1, '2022-01-08', '2022-01-08'),
(115, 107, 18, '2020-10-27', NULL, 3, 1, '2022-01-08', '2022-01-08'),
(116, 92, 166, '2021-12-16', '2022-02-10', 3, 2, '2022-01-08', '2022-02-10'),
(117, 139, 252, '2017-06-07', NULL, 3, 1, '2022-01-08', '2022-01-08'),
(118, 140, 231, '2022-01-08', NULL, 3, 1, '2022-01-08', '2022-01-08'),
(119, 141, 235, '2020-07-16', NULL, 3, 1, '2022-01-08', '2022-01-08'),
(120, 142, 232, '2021-03-04', NULL, 3, 1, '2022-01-08', '2022-01-08'),
(121, 133, 244, '2021-09-02', NULL, 1, 1, '2022-01-08', '2022-01-08'),
(122, 143, 243, '2021-10-21', NULL, 3, 1, '2022-01-08', '2022-01-08'),
(123, 144, 250, '2021-09-03', NULL, 3, 1, '2022-01-08', '2022-01-08'),
(124, 145, 225, '2021-10-11', NULL, 3, 1, '2022-01-08', '2022-01-08'),
(125, 146, 217, '2018-11-20', NULL, 3, 1, '2022-01-08', '2022-01-08'),
(126, 147, 219, '2020-01-24', NULL, 3, 1, '2022-01-08', '2022-01-08'),
(127, 148, 52, '2018-06-29', NULL, 3, 1, '2022-01-10', '2022-01-10'),
(128, 149, 146, '2021-11-11', NULL, 3, 1, '2022-01-10', '2022-01-10'),
(129, 150, 72, '2021-12-01', NULL, 3, 1, '2022-01-10', '2022-01-10'),
(130, 151, 66, '2019-02-25', NULL, 3, 1, '2022-01-10', '2022-01-10'),
(131, 153, 69, '2019-02-25', NULL, 3, 1, '2022-01-10', '2022-01-10'),
(132, 154, 70, '2019-02-25', NULL, 3, 1, '2022-01-10', '2022-01-10'),
(133, 155, 76, '2021-07-06', NULL, 3, 1, '2022-01-10', '2022-01-10'),
(134, 156, 73, '2019-02-25', NULL, 3, 1, '2022-01-10', '2022-01-10'),
(135, 157, 148, '2021-10-29', '2022-02-21', 3, 2, '2022-01-10', '2022-02-21'),
(136, 158, 74, '2021-01-11', NULL, 3, 1, '2022-01-10', '2022-01-10'),
(137, 160, 151, '2021-11-18', '2022-02-02', 3, 2, '2022-01-10', '2022-02-02'),
(138, 161, 161, '2021-09-22', NULL, 3, 1, '2022-01-10', '2022-01-10'),
(139, 162, 105, '2022-01-05', NULL, 3, 1, '2022-01-10', '2022-01-10'),
(140, 163, 75, '2021-01-15', NULL, 3, 1, '2022-01-10', '2022-01-10'),
(141, 165, 29, '2022-01-03', NULL, 3, 1, '2022-01-10', '2022-01-10'),
(142, 166, 211, '2021-08-17', NULL, 3, 1, '2022-01-10', '2022-01-10'),
(143, 166, 215, '2022-01-10', NULL, 1, 1, '2022-01-10', '2022-01-10'),
(144, 166, 212, '2020-01-13', NULL, 1, 1, '2022-01-10', '2022-01-10'),
(145, 166, 214, '2020-02-07', NULL, 1, 1, '2022-01-11', '2022-01-11'),
(146, 167, 85, '2021-01-04', NULL, 3, 1, '2022-01-11', '2022-01-11'),
(147, 168, 208, '2020-08-06', NULL, 3, 1, '2022-01-11', '2022-01-11'),
(148, 169, 209, '2020-10-15', NULL, 3, 1, '2022-01-11', '2022-01-11'),
(149, 167, 210, '2020-01-02', NULL, 1, 1, '2022-01-11', '2022-01-11'),
(150, 170, 213, '2020-03-18', NULL, 3, 1, '2022-01-11', '2022-01-11'),
(151, 171, 192, '2019-05-13', NULL, 3, 1, '2022-01-11', '2022-01-11'),
(152, 172, 186, '2020-06-24', NULL, 3, 1, '2022-01-11', '2022-01-11'),
(153, 173, 188, '2021-03-08', NULL, 3, 1, '2022-01-11', '2022-01-11'),
(154, 174, 190, '2022-01-11', NULL, 3, 1, '2022-01-11', '2022-01-11'),
(155, 175, 189, '2021-07-19', NULL, 3, 1, '2022-01-11', '2022-01-11'),
(156, 176, 193, '2018-04-12', NULL, 3, 1, '2022-01-11', '2022-01-11'),
(157, 177, 198, '2020-10-01', NULL, 3, 1, '2022-01-11', '2022-01-11'),
(158, 178, 200, '2018-03-08', NULL, 3, 1, '2022-01-11', '2022-01-11'),
(159, 179, 15, '2021-05-13', NULL, 3, 1, '2022-01-11', '2022-01-11'),
(160, 180, 16, '2021-01-25', NULL, 3, 1, '2022-01-11', '2022-01-11'),
(161, 181, 21, '2019-08-19', NULL, 3, 1, '2022-01-11', '2022-01-11'),
(162, 182, 143, '2021-11-18', '2022-01-15', 3, 2, '2022-01-11', '2022-01-15'),
(163, 183, 19, '2018-03-08', NULL, 3, 1, '2022-01-11', '2022-01-11'),
(164, 184, 17, '2021-09-20', NULL, 3, 1, '2022-01-11', '2022-01-11'),
(165, 185, 20, '2021-06-10', NULL, 3, 1, '2022-01-11', '2022-01-11'),
(166, 186, 24, '2018-04-23', NULL, 3, 1, '2022-01-11', '2022-01-11'),
(167, 187, 25, '2021-10-27', NULL, 3, 1, '2022-01-11', '2022-01-11'),
(168, 188, 179, '2021-01-12', '2022-02-21', 1, 2, '2022-01-12', '2022-02-21'),
(169, 189, 178, '2018-04-23', NULL, 3, 1, '2022-01-12', '2022-01-12'),
(170, 190, 182, '2020-12-07', '2022-02-02', 3, 2, '2022-01-12', '2022-02-02'),
(171, 191, 180, '2021-01-22', NULL, 3, 1, '2022-01-12', '2022-01-12'),
(172, 192, 185, '2020-07-12', NULL, 3, 1, '2022-01-12', '2022-01-12'),
(173, 193, 26, '2022-01-05', NULL, 3, 1, '2022-01-13', '2022-01-13'),
(174, 194, 27, '2018-04-23', NULL, 3, 1, '2022-01-13', '2022-01-13'),
(175, 195, 164, '2021-12-17', NULL, 3, 1, '2022-01-13', '2022-01-13'),
(176, 87, 169, '2021-02-20', NULL, 3, 1, '2022-01-13', '2022-01-13'),
(177, 196, 174, '2020-06-09', NULL, 3, 1, '2022-01-13', '2022-01-13'),
(178, 197, 172, '2021-02-09', NULL, 3, 1, '2022-01-13', '2022-01-13'),
(179, 196, 173, '2022-01-13', NULL, 1, 1, '2022-01-13', '2022-01-13'),
(180, 198, 177, '2021-07-12', NULL, 3, 1, '2022-01-13', '2022-01-13'),
(181, 199, 176, '2021-11-09', NULL, 3, 1, '2022-01-13', '2022-01-13'),
(182, 201, 181, '2020-12-28', NULL, 3, 1, '2022-01-13', '2022-01-13'),
(183, 202, 184, '2021-09-22', NULL, 3, 1, '2022-01-13', '2022-01-13'),
(184, 203, 201, '2022-01-13', NULL, 3, 1, '2022-01-13', '2022-01-13'),
(185, 204, 194, '2021-09-15', NULL, 3, 1, '2022-01-13', '2022-01-13'),
(186, 171, 191, '2017-11-03', NULL, 1, 1, '2022-01-13', '2022-01-13'),
(187, 171, 197, '2017-08-14', NULL, 1, 1, '2022-01-13', '2022-01-13'),
(188, 171, 195, '2019-07-12', NULL, 1, 1, '2022-01-13', '2022-01-13'),
(189, 171, 196, '2017-04-10', NULL, 1, 1, '2022-01-13', '2022-01-13'),
(190, 206, 23, '2021-11-16', NULL, 3, 1, '2022-01-13', '2022-01-13'),
(191, 205, 23, '2021-11-16', NULL, 3, 1, '2022-01-13', '2022-01-13'),
(192, 207, 199, '2019-06-20', NULL, 3, 1, '2022-01-13', '2022-01-13'),
(193, 208, 199, '2019-06-20', NULL, 3, 1, '2022-01-13', '2022-01-13'),
(194, 209, 199, '2019-07-11', NULL, 3, 1, '2022-01-13', '2022-01-13'),
(195, 210, 199, '2019-07-11', NULL, 3, 1, '2022-01-13', '2022-01-13'),
(196, 203, 204, '2018-04-23', NULL, 1, 1, '2022-01-14', '2022-01-14'),
(197, 30, 79, '2022-01-15', '2022-01-15', 3, 2, '2022-01-15', '2022-01-15'),
(198, 211, 79, '2022-01-01', '2022-02-02', 3, 2, '2022-01-15', '2022-02-02'),
(199, 211, 98, '2022-01-01', '2022-02-01', 3, 2, '2022-01-15', '2022-02-01'),
(200, 211, 140, '2022-01-01', NULL, 3, 1, '2022-01-15', '2022-01-15'),
(201, 211, 150, '2022-01-01', '2022-02-21', 3, 2, '2022-01-15', '2022-02-21'),
(202, 211, 139, '2022-01-01', NULL, 3, 1, '2022-01-15', '2022-01-15'),
(203, 211, 78, '2022-01-01', NULL, 3, 1, '2022-01-15', '2022-01-15'),
(204, 211, 145, '2022-01-01', NULL, 3, 1, '2022-01-15', '2022-01-15'),
(205, 211, 44, '2022-01-01', NULL, 3, 1, '2022-01-15', '2022-01-15'),
(206, 211, 144, '2022-01-01', NULL, 3, 1, '2022-01-15', '2022-01-15'),
(207, 211, 58, '2022-01-01', '2022-02-09', 3, 2, '2022-01-15', '2022-02-09'),
(208, 211, 141, '2022-01-01', NULL, 3, 1, '2022-01-15', '2022-01-15'),
(209, 211, 59, '2022-01-01', '2022-02-02', 3, 2, '2022-01-15', '2022-02-02'),
(210, 211, 47, '2022-01-01', '2022-02-18', 3, 2, '2022-01-15', '2022-02-18'),
(211, 94, 1, '2022-01-15', '2022-01-15', 4, 2, '2022-01-15', '2022-01-15'),
(212, 211, 117, '2022-01-01', NULL, 3, 1, '2022-01-15', '2022-01-15'),
(213, 211, 113, '2022-01-01', NULL, 3, 1, '2022-01-15', '2022-01-15'),
(214, 211, 118, '2022-01-01', NULL, 3, 1, '2022-01-15', '2022-01-15'),
(215, 211, 162, '2022-01-01', NULL, 3, 1, '2022-01-15', '2022-01-15'),
(216, 211, 116, '2022-01-01', NULL, 3, 1, '2022-01-15', '2022-01-15'),
(217, 211, 120, '2022-01-01', NULL, 3, 1, '2022-01-15', '2022-01-15'),
(218, 211, 115, '2022-01-01', '2022-02-01', 3, 2, '2022-01-15', '2022-02-01'),
(219, 211, 143, '2022-01-01', '2022-02-02', 3, 2, '2022-01-15', '2022-02-02'),
(220, 211, 175, '2022-01-01', NULL, 3, 1, '2022-01-15', '2022-01-15'),
(221, 211, 187, '2022-01-01', NULL, 3, 1, '2022-01-15', '2022-01-15'),
(222, 211, 2, '2022-01-01', NULL, 3, 1, '2022-01-15', '2022-01-15'),
(223, 211, 3, '2022-01-01', NULL, 3, 1, '2022-01-15', '2022-01-15'),
(224, 211, 1, '2022-01-01', NULL, 3, 1, '2022-01-15', '2022-01-15'),
(225, 190, 71, '2022-01-14', NULL, 3, 1, '2022-01-26', '2022-01-26'),
(226, 211, 4, '2022-01-31', NULL, 1, 1, '2022-01-31', '2022-01-31'),
(227, 82, 30, '2021-07-01', NULL, 3, 1, '2022-01-31', '2022-01-31'),
(228, 83, 37, '2021-11-26', NULL, 3, 1, '2022-01-31', '2022-01-31'),
(229, 65, 60, '2021-12-02', NULL, 3, 1, '2022-01-31', '2022-01-31'),
(230, 121, 65, '2021-08-02', NULL, 3, 1, '2022-01-31', '2022-01-31'),
(231, 152, 68, '2019-02-25', NULL, 3, 1, '2022-01-31', '2022-01-31'),
(232, 159, 100, '2021-06-01', NULL, 3, 1, '2022-01-31', '2022-01-31'),
(233, 164, 107, '2021-12-14', NULL, 3, 1, '2022-01-31', '2022-01-31'),
(234, 78, 108, '2021-03-31', NULL, 3, 1, '2022-01-31', '2022-01-31'),
(235, 80, 110, '2018-07-25', NULL, 3, 1, '2022-01-31', '2022-01-31'),
(236, 81, 112, '2021-09-09', '2022-02-21', 3, 2, '2022-01-31', '2022-02-21'),
(237, 112, 127, '2021-12-01', NULL, 3, 1, '2022-01-31', '2022-01-31'),
(238, 260, 218, '2021-12-07', NULL, 3, 1, '2022-01-31', '2022-01-31'),
(239, 111, 229, '2021-03-19', NULL, 3, 1, '2022-01-31', '2022-01-31'),
(240, 111, 230, '2019-04-15', NULL, 1, 1, '2022-01-31', '2022-01-31'),
(241, 211, 124, '2022-02-01', NULL, 1, 1, '2022-02-01', '2022-02-01'),
(242, 72, 98, '2022-01-19', NULL, 3, 1, '2022-02-01', '2022-02-01'),
(243, 211, 98, '2022-02-01', '2022-02-02', 1, 2, '2022-02-01', '2022-02-02'),
(244, 119, 115, '2022-01-31', NULL, 3, 1, '2022-02-01', '2022-02-01'),
(245, 190, 182, '2022-02-02', NULL, 1, 1, '2022-02-02', '2022-02-02'),
(246, 200, 216, '2021-11-05', NULL, 3, 1, '2022-02-02', '2022-02-02'),
(247, 279, 205, '2019-09-05', NULL, 3, 1, '2022-02-02', '2022-02-02'),
(248, 21, 59, '2022-01-20', NULL, 3, 1, '2022-02-02', '2022-02-02'),
(249, 106, 67, '2019-11-21', NULL, 3, 1, '2022-02-02', '2022-02-02'),
(250, 39, 101, '2022-02-01', '2022-02-21', 3, 2, '2022-02-02', '2022-02-21'),
(251, 220, 151, '2022-01-26', NULL, 3, 1, '2022-02-02', '2022-02-02'),
(252, 225, 143, '2022-01-31', NULL, 3, 1, '2022-02-02', '2022-02-02'),
(253, 215, 220, '2021-11-05', NULL, 3, 1, '2022-02-02', '2022-02-02'),
(254, 218, 226, '2020-01-24', NULL, 3, 1, '2022-02-02', '2022-02-02'),
(255, 222, 222, '2020-01-24', NULL, 3, 1, '2022-02-02', '2022-02-02'),
(256, 228, 221, '2021-12-08', NULL, 3, 1, '2022-02-02', '2022-02-02'),
(257, 229, 223, '2021-10-05', NULL, 3, 1, '2022-02-02', '2022-02-02'),
(258, 235, 224, '2020-06-26', NULL, 3, 1, '2022-02-02', '2022-02-02'),
(259, 236, 227, '2021-05-07', NULL, 3, 1, '2022-02-02', '2022-02-02'),
(260, 111, 228, '2021-04-26', NULL, 1, 1, '2022-02-02', '2022-02-02'),
(261, 280, 79, '2022-01-31', NULL, 3, 1, '2022-02-02', '2022-02-02'),
(262, 211, 147, '2022-02-02', NULL, 3, 1, '2022-02-02', '2022-02-02'),
(263, 211, 149, '2022-02-02', NULL, 3, 1, '2022-02-02', '2022-02-02'),
(264, 211, 152, '2022-02-02', NULL, 1, 1, '2022-02-02', '2022-02-02'),
(265, 211, 154, '2022-02-02', NULL, 1, 1, '2022-02-02', '2022-02-02'),
(266, 211, 155, '2022-02-02', NULL, 1, 1, '2022-02-02', '2022-02-02'),
(267, 211, 158, '2022-02-02', '2022-02-10', 3, 2, '2022-02-02', '2022-02-10'),
(268, 211, 156, '2022-02-02', NULL, 3, 1, '2022-02-02', '2022-02-02'),
(269, 211, 157, '2022-02-02', NULL, 1, 1, '2022-02-02', '2022-02-02'),
(270, 211, 159, '2022-02-02', NULL, 1, 1, '2022-02-02', '2022-02-02'),
(271, 211, 160, '2022-02-02', NULL, 1, 1, '2022-02-02', '2022-02-02'),
(272, 188, 58, '2021-07-30', NULL, 3, 1, '2022-02-09', '2022-02-09'),
(273, 211, 163, '2022-02-10', '2022-02-18', 1, 2, '2022-02-10', '2022-02-18'),
(274, 92, 166, '2021-12-16', '2022-02-10', 2, 2, '2022-02-10', '2022-02-10'),
(275, 92, 158, '2021-12-16', NULL, 2, 1, '2022-02-10', '2022-02-10'),
(276, 211, 61, '2022-02-10', '2022-02-21', 1, 2, '2022-02-10', '2022-02-21'),
(277, 171, 163, '2022-02-17', NULL, 3, 1, '2022-02-18', '2022-02-18'),
(278, 211, 102, '2022-02-18', NULL, 1, 1, '2022-02-18', '2022-02-18'),
(279, 203, 141, '2022-02-18', NULL, 3, 1, '2022-02-18', '2022-02-18'),
(280, 281, 43, '2022-02-17', NULL, 3, 1, '2022-02-21', '2022-02-21'),
(281, 282, 61, '2022-02-17', NULL, 3, 1, '2022-02-21', '2022-02-21'),
(282, 102, 148, '2022-02-18', NULL, 3, 1, '2022-02-21', '2022-02-21'),
(283, 211, 153, '2022-02-21', NULL, 3, 1, '2022-02-21', '2022-02-21'),
(284, 47, 81, '2022-02-21', NULL, 1, 1, '2022-02-21', '2022-02-21'),
(285, 39, 87, '2022-02-15', NULL, 3, 1, '2022-02-21', '2022-02-21'),
(286, 211, 101, '2022-02-21', NULL, 3, 1, '2022-02-21', '2022-02-21'),
(287, 211, 112, '2022-02-21', NULL, 1, 1, '2022-02-21', '2022-02-21'),
(288, 5, 150, '2022-02-21', NULL, 3, 1, '2022-02-21', '2022-02-21'),
(289, 211, 179, '2022-02-21', NULL, 3, 1, '2022-02-21', '2022-02-21'),
(290, 211, 34, '2022-02-22', NULL, 1, 1, '2022-02-22', '2022-02-22'),
(291, 211, 167, '2022-02-22', NULL, 1, 1, '2022-02-22', '2022-02-22');

-- --------------------------------------------------------

--
-- Estructura de tabla para la tabla `asignacion_status`
--

CREATE TABLE `asignacion_status` (
  `id` int(1) NOT NULL,
  `nombre` text DEFAULT NULL,
  `id_estado` int(1) DEFAULT NULL,
  `fechaRegistro` date DEFAULT NULL,
  `fechaModificacion` date DEFAULT NULL
) ENGINE=Aria DEFAULT CHARSET=utf8;

--
-- Volcado de datos para la tabla `asignacion_status`
--

INSERT INTO `asignacion_status` (`id`, `nombre`, `id_estado`, `fechaRegistro`, `fechaModificacion`) VALUES
(1, 'RESGUARDO', 1, '2021-11-10', '2021-11-10'),
(2, 'PRESTAMO', 1, '2021-11-10', '2021-11-03'),
(3, 'ASIGNADO', 1, '2021-11-10', '2021-11-10'),
(4, 'SIN ASIGNAR', 1, '2021-11-11', '2021-11-11');

-- --------------------------------------------------------

--
-- Estructura de tabla para la tabla `auth_sessions`
--

CREATE TABLE `auth_sessions` (
  `id` varchar(128) NOT NULL,
  `user_id` int(10) UNSIGNED NOT NULL,
  `login_time` datetime DEFAULT NULL,
  `modified_at` timestamp NOT NULL DEFAULT current_timestamp() ON UPDATE current_timestamp(),
  `ip_address` varchar(45) NOT NULL,
  `user_agent` varchar(60) DEFAULT NULL
) ENGINE=MyISAM DEFAULT CHARSET=utf8;

--
-- Volcado de datos para la tabla `auth_sessions`
--

INSERT INTO `auth_sessions` (`id`, `user_id`, `login_time`, `modified_at`, `ip_address`, `user_agent`) VALUES
('c69b8tsn9ilpuv7fvr1mv4dcopve452e', 2666471602, '2022-05-11 15:43:32', '2022-05-11 14:21:42', '::1', 'Chrome 101.0.4951.54 on Linux');

-- --------------------------------------------------------

--
-- Estructura de tabla para la tabla `ci_sessions`
--

CREATE TABLE `ci_sessions` (
  `id` varchar(128) NOT NULL,
  `ip_address` varchar(45) NOT NULL,
  `timestamp` int(10) UNSIGNED NOT NULL DEFAULT 0,
  `data` blob NOT NULL
) ENGINE=MyISAM DEFAULT CHARSET=utf8;

--
-- Volcado de datos para la tabla `ci_sessions`
--

INSERT INTO `ci_sessions` (`id`, `ip_address`, `timestamp`, `data`) VALUES
('rpln75fo0bpf6run89ncqspd3l89gltd', '::1', 1652276612, 0x5f5f63695f6c6173745f726567656e65726174657c693a313635323237363631323b617574685f6964656e746966696572737c733a38333a22613a323a7b733a373a22757365725f6964223b733a31303a2232363636343731363032223b733a31303a226c6f67696e5f74696d65223b733a31393a22323032322d30352d31312031353a34333a3332223b7d223b),
('3dk6906lnbhk20pk80cqi4cqi4c0k91u', '::1', 1652277238, 0x5f5f63695f6c6173745f726567656e65726174657c693a313635323237373233383b617574685f6964656e746966696572737c733a38333a22613a323a7b733a373a22757365725f6964223b733a31303a2232363636343731363032223b733a31303a226c6f67696e5f74696d65223b733a31393a22323032322d30352d31312031353a34333a3332223b7d223b),
('qudhm2q24d8pr7nob9mresekbcov7dt8', '::1', 1652277545, 0x5f5f63695f6c6173745f726567656e65726174657c693a313635323237373534353b617574685f6964656e746966696572737c733a38333a22613a323a7b733a373a22757365725f6964223b733a31303a2232363636343731363032223b733a31303a226c6f67696e5f74696d65223b733a31393a22323032322d30352d31312031353a34333a3332223b7d223b),
('cfn72sgbp7t394rqhrpb4qdqn2tbf0r1', '::1', 1652277847, 0x5f5f63695f6c6173745f726567656e65726174657c693a313635323237373834373b617574685f6964656e746966696572737c733a38333a22613a323a7b733a373a22757365725f6964223b733a31303a2232363636343731363032223b733a31303a226c6f67696e5f74696d65223b733a31393a22323032322d30352d31312031353a34333a3332223b7d223b),
('sugg1g047pg3dm2sui82b0bbc7hfka4p', '::1', 1652278157, 0x5f5f63695f6c6173745f726567656e65726174657c693a313635323237383135373b617574685f6964656e746966696572737c733a38333a22613a323a7b733a373a22757365725f6964223b733a31303a2232363636343731363032223b733a31303a226c6f67696e5f74696d65223b733a31393a22323032322d30352d31312031353a34333a3332223b7d223b),
('0ekqfugs0gve2kdi2uafdf380jasmrj2', '::1', 1652278599, 0x5f5f63695f6c6173745f726567656e65726174657c693a313635323237383539393b617574685f6964656e746966696572737c733a38333a22613a323a7b733a373a22757365725f6964223b733a31303a2232363636343731363032223b733a31303a226c6f67696e5f74696d65223b733a31393a22323032322d30352d31312031353a34333a3332223b7d223b),
('rr8ol7v7f1rfhcb138m446bvlbeulvpr', '::1', 1652278902, 0x5f5f63695f6c6173745f726567656e65726174657c693a313635323237383930323b617574685f6964656e746966696572737c733a38333a22613a323a7b733a373a22757365725f6964223b733a31303a2232363636343731363032223b733a31303a226c6f67696e5f74696d65223b733a31393a22323032322d30352d31312031353a34333a3332223b7d223b),
('c69b8tsn9ilpuv7fvr1mv4dcopve452e', '::1', 1652279070, 0x5f5f63695f6c6173745f726567656e65726174657c693a313635323237383930323b617574685f6964656e746966696572737c733a38333a22613a323a7b733a373a22757365725f6964223b733a31303a2232363636343731363032223b733a31303a226c6f67696e5f74696d65223b733a31393a22323032322d30352d31312031353a34333a3332223b7d223b),
('5o01vpgpmca0l4qj79q2k5rtf04fstd1', '::1', 1652113468, 0x5f5f63695f6c6173745f726567656e65726174657c693a313635323131333436383b617574685f6964656e746966696572737c733a38333a22613a323a7b733a373a22757365725f6964223b733a31303a2232363636343731363032223b733a31303a226c6f67696e5f74696d65223b733a31393a22323032322d30352d30392031383a31393a3235223b7d223b),
('e6fth6r6s8e7rvefe0rfn2idv6ihprg1', '::1', 1652113165, 0x5f5f63695f6c6173745f726567656e65726174657c693a313635323131333136353b617574685f6964656e746966696572737c733a38333a22613a323a7b733a373a22757365725f6964223b733a31303a2232363636343731363032223b733a31303a226c6f67696e5f74696d65223b733a31393a22323032322d30352d30392031383a31393a3235223b7d223b),
('dub8dqouujqse4s32haf4oj3gpvflrst', '::1', 1652113157, 0x5f5f63695f6c6173745f726567656e65726174657c693a313635323131333135373b617574685f6964656e746966696572737c733a38333a22613a323a7b733a373a22757365725f6964223b733a31303a2232313537353335313433223b733a31303a226c6f67696e5f74696d65223b733a31393a22323032322d30352d30392031383a31333a3536223b7d223b),
('psspoeepn2t0ts0ge450n3b0up3lrb29', '::1', 1652112836, 0x5f5f63695f6c6173745f726567656e65726174657c693a313635323131323833363b617574685f6964656e746966696572737c733a38333a22613a323a7b733a373a22757365725f6964223b733a31303a2232313537353335313433223b733a31303a226c6f67696e5f74696d65223b733a31393a22323032322d30352d30392031383a31333a3536223b7d223b),
('lvmqpcksk4odlc28fvqh2bns854icrk1', '::1', 1652276580, 0x5f5f63695f6c6173745f726567656e65726174657c693a313635323237363538303b617574685f6964656e746966696572737c733a38333a22613a323a7b733a373a22757365725f6964223b733a31303a2232313537353335313433223b733a31303a226c6f67696e5f74696d65223b733a31393a22323032322d30352d31312031353a34333a3030223b7d223b),
('1114t3gkumkboos9uuib2j7861t2i4ke', '::1', 1652127943, 0x5f5f63695f6c6173745f726567656e65726174657c693a313635323132373934333b617574685f6964656e746966696572737c733a38333a22613a323a7b733a373a22757365725f6964223b733a31303a2232363636343731363032223b733a31303a226c6f67696e5f74696d65223b733a31393a22323032322d30352d30392032323a32303a3333223b7d223b),
('uu69laekmmjr6p3he36mvmtk1eoe05il', '::1', 1652127943, 0x5f5f63695f6c6173745f726567656e65726174657c693a313635323132373934333b617574685f6964656e746966696572737c733a38333a22613a323a7b733a373a22757365725f6964223b733a31303a2232363636343731363032223b733a31303a226c6f67696e5f74696d65223b733a31393a22323032322d30352d30392032323a32303a3333223b7d223b),
('q3ru9q7jggthup03dfadce7sfslhg997', '::1', 1652127633, 0x5f5f63695f6c6173745f726567656e65726174657c693a313635323132373633333b617574685f6964656e746966696572737c733a38333a22613a323a7b733a373a22757365725f6964223b733a31303a2232363636343731363032223b733a31303a226c6f67696e5f74696d65223b733a31393a22323032322d30352d30392032323a32303a3333223b7d223b),
('4hbfm4coo7s8i4461fkaqq3nn9gjpo0t', '::1', 1652127596, 0x5f5f63695f6c6173745f726567656e65726174657c693a313635323132373539363b617574685f6964656e746966696572737c733a38333a22613a323a7b733a373a22757365725f6964223b733a31303a2232313537353335313433223b733a31303a226c6f67696e5f74696d65223b733a31393a22323032322d30352d30392032323a31393a3536223b7d223b),
('v80kfhf5g0mia575ver7n2kn8i38o2kj', '::1', 1652119592, 0x5f5f63695f6c6173745f726567656e65726174657c693a313635323131393534373b617574685f6964656e746966696572737c733a38333a22613a323a7b733a373a22757365725f6964223b733a31303a2232363636343731363032223b733a31303a226c6f67696e5f74696d65223b733a31393a22323032322d30352d30392031383a31393a3235223b7d223b),
('u0425pvvtfj4pntp0urfdq8lti29r5ob', '::1', 1652119547, 0x5f5f63695f6c6173745f726567656e65726174657c693a313635323131393534373b617574685f6964656e746966696572737c733a38333a22613a323a7b733a373a22757365725f6964223b733a31303a2232363636343731363032223b733a31303a226c6f67696e5f74696d65223b733a31393a22323032322d30352d30392031383a31393a3235223b7d223b),
('os2ir2d5fcig4a5krpjh5qpo59kk8a84', '::1', 1652119242, 0x5f5f63695f6c6173745f726567656e65726174657c693a313635323131393234323b617574685f6964656e746966696572737c733a38333a22613a323a7b733a373a22757365725f6964223b733a31303a2232363636343731363032223b733a31303a226c6f67696e5f74696d65223b733a31393a22323032322d30352d30392031383a31393a3235223b7d223b),
('3d951qn2tkgj6ruuf3edp8jsp9ps7lth', '::1', 1652118846, 0x5f5f63695f6c6173745f726567656e65726174657c693a313635323131383834363b617574685f6964656e746966696572737c733a38333a22613a323a7b733a373a22757365725f6964223b733a31303a2232363636343731363032223b733a31303a226c6f67696e5f74696d65223b733a31393a22323032322d30352d30392031383a31393a3235223b7d223b),
('6kiansgc7j9t5obit71p80m43fdn175h', '::1', 1652118541, 0x5f5f63695f6c6173745f726567656e65726174657c693a313635323131383534313b617574685f6964656e746966696572737c733a38333a22613a323a7b733a373a22757365725f6964223b733a31303a2232363636343731363032223b733a31303a226c6f67696e5f74696d65223b733a31393a22323032322d30352d30392031383a31393a3235223b7d223b),
('ea8su267kbv0g768ek7b8eujd87ljgjj', '::1', 1652118236, 0x5f5f63695f6c6173745f726567656e65726174657c693a313635323131383233363b617574685f6964656e746966696572737c733a38333a22613a323a7b733a373a22757365725f6964223b733a31303a2232363636343731363032223b733a31303a226c6f67696e5f74696d65223b733a31393a22323032322d30352d30392031383a31393a3235223b7d223b),
('jqq026h2jbes4p0ep76p0pa05h11o3g3', '::1', 1652117933, 0x5f5f63695f6c6173745f726567656e65726174657c693a313635323131373933333b617574685f6964656e746966696572737c733a38333a22613a323a7b733a373a22757365725f6964223b733a31303a2232363636343731363032223b733a31303a226c6f67696e5f74696d65223b733a31393a22323032322d30352d30392031383a31393a3235223b7d223b),
('k6gcocfihautk67um7q9f0u7m5m9m25f', '::1', 1652116765, 0x5f5f63695f6c6173745f726567656e65726174657c693a313635323131363736353b617574685f6964656e746966696572737c733a38333a22613a323a7b733a373a22757365725f6964223b733a31303a2232363636343731363032223b733a31303a226c6f67696e5f74696d65223b733a31393a22323032322d30352d30392031383a31393a3235223b7d223b),
('m6e7hl7qqduuvonk4iici5cdunggkjch', '::1', 1652114832, 0x5f5f63695f6c6173745f726567656e65726174657c693a313635323131343833323b617574685f6964656e746966696572737c733a38333a22613a323a7b733a373a22757365725f6964223b733a31303a2232363636343731363032223b733a31303a226c6f67696e5f74696d65223b733a31393a22323032322d30352d30392031383a31393a3235223b7d223b),
('c8ed2semb60s941ak0suno3pgj0m8u64', '::1', 1652114518, 0x5f5f63695f6c6173745f726567656e65726174657c693a313635323131343531383b617574685f6964656e746966696572737c733a38333a22613a323a7b733a373a22757365725f6964223b733a31303a2232363636343731363032223b733a31303a226c6f67696e5f74696d65223b733a31393a22323032322d30352d30392031383a31393a3235223b7d223b),
('ge6f33gfitdpoemmbekc6336hsmkuouq', '::1', 1652114151, 0x5f5f63695f6c6173745f726567656e65726174657c693a313635323131343135313b617574685f6964656e746966696572737c733a38333a22613a323a7b733a373a22757365725f6964223b733a31303a2232363636343731363032223b733a31303a226c6f67696e5f74696d65223b733a31393a22323032322d30352d30392031383a31393a3235223b7d223b),
('n28sto3n0emkq7jvjvrt3mcj10glgi7f', '::1', 1652113773, 0x5f5f63695f6c6173745f726567656e65726174657c693a313635323131333737333b617574685f6964656e746966696572737c733a38333a22613a323a7b733a373a22757365725f6964223b733a31303a2232363636343731363032223b733a31303a226c6f67696e5f74696d65223b733a31393a22323032322d30352d30392031383a31393a3235223b7d223b);

-- --------------------------------------------------------

--
-- Estructura de tabla para la tabla `clientes_clientes`
--

CREATE TABLE `clientes_clientes` (
  `id` int(1) NOT NULL,
  `nombre` varchar(50) DEFAULT NULL,
  `id_estado` int(1) DEFAULT NULL,
  `fechaRegistro` date DEFAULT NULL,
  `fechaModificacion` date DEFAULT NULL,
  `id_administrador` int(11) NOT NULL
) ENGINE=Aria DEFAULT CHARSET=utf8;

--
-- Volcado de datos para la tabla `clientes_clientes`
--

INSERT INTO `clientes_clientes` (`id`, `nombre`, `id_estado`, `fechaRegistro`, `fechaModificacion`, `id_administrador`) VALUES
(1, 'BESCO', 1, '2021-12-22', '2022-03-24', 2147483647),
(2, 'EDUCAR', 1, '2021-12-22', '2022-03-24', 2147483647),
(3, 'JOM', 1, '2021-12-22', '2022-03-24', 2147483647),
(4, 'COMPASS SOLUTIONS SA DE CV', 1, '2021-12-21', '2022-03-24', 2147483647),
(5, 'CIMAC', 1, '2022-03-22', '2022-03-24', 2147483647),
(6, 'CIMAC 2', 1, '2022-03-22', '2022-03-24', 2147483647),
(7, 'PRUEBA', 1, '2022-03-24', '2022-03-24', 2147483647),
(8, 'PRUEBA', 1, '2022-03-24', '2022-03-24', 2147483647),
(9, 'MIGUEL', 1, '2022-03-24', '2022-03-24', 2147483647);

-- --------------------------------------------------------

--
-- Estructura de tabla para la tabla `clientes_contratos`
--

CREATE TABLE `clientes_contratos` (
  `id` int(11) NOT NULL,
  `id_cliente` int(11) NOT NULL,
  `contrato` text NOT NULL,
  `id_tipoContrato` int(11) NOT NULL,
  `fechaInicio` date DEFAULT NULL,
  `fechaTermino` date NOT NULL,
  `observaciones` text NOT NULL,
  `id_estado` int(11) NOT NULL,
  `fechaRegistro` date NOT NULL,
  `fechaModificacion` date NOT NULL
) ENGINE=InnoDB DEFAULT CHARSET=utf8mb4;

-- --------------------------------------------------------

--
-- Estructura de tabla para la tabla `clientes_departamentos`
--

CREATE TABLE `clientes_departamentos` (
  `id` int(1) NOT NULL,
  `nombre` varchar(30) DEFAULT NULL,
  `id_cliente` int(1) DEFAULT NULL,
  `id_regional` int(1) DEFAULT NULL,
  `id_oficina` int(2) DEFAULT NULL,
  `id_ubicacion` int(2) DEFAULT NULL,
  `id_estado` int(1) DEFAULT NULL,
  `fechaRegistro` varchar(8) DEFAULT NULL,
  `fechaModificacion` varchar(8) DEFAULT NULL
) ENGINE=Aria DEFAULT CHARSET=utf8;

--
-- Volcado de datos para la tabla `clientes_departamentos`
--

INSERT INTO `clientes_departamentos` (`id`, `nombre`, `id_cliente`, `id_regional`, `id_oficina`, `id_ubicacion`, `id_estado`, `fechaRegistro`, `fechaModificacion`) VALUES
(1, 'ADMINISTRACION DE CONTRATOS', 1, 2, 7, 2, 1, '2021-07-', '2021-07-'),
(2, 'SERVICIOS', 1, 2, 7, 2, 1, '2021-07-', '2021-07-'),
(3, 'RESGUARDO', 1, 2, 7, 9, 1, '2021-07-', '2021-07-'),
(4, 'RECLUTAMIENTO Y SELECCION', 1, 2, 7, 3, 1, '2021-07-', '2021-07-'),
(5, 'OPERACIONES', 1, 1, 1, 22, 1, '2021-07-', '2021-07-'),
(6, 'OPERACIONES', 1, 1, 2, 40, 1, '2021-07-', '2021-07-'),
(7, 'OPERACIONES', 1, 1, 3, 41, 1, '2021-07-', '2021-07-'),
(8, 'OPERACIONES', 1, 1, 4, 42, 1, '2021-07-', '2021-07-'),
(9, 'OPERACIONES', 1, 3, 10, 44, 1, '2021-07-', '2021-07-'),
(10, 'OPERACIONES', 1, 3, 11, 45, 1, '2021-07-', '2021-07-'),
(11, 'SERVICIOS', 1, 3, 11, 45, 1, '2021-07-', '2021-07-'),
(12, 'OPERACIONES', 1, 3, 12, 34, 1, '2021-07-', '2021-07-'),
(13, 'OPERACIONES', 1, 3, 12, 46, 1, '2021-07-', '2021-07-'),
(14, 'OPERACIONES', 1, 3, 12, 66, 1, '2021-07-', '2021-07-'),
(15, 'OPERACIONES', 1, 4, 14, 48, 1, '2021-07-', '2021-07-'),
(16, 'OPERACIONES', 1, 4, 13, 47, 1, '2021-07-', '2021-07-'),
(17, 'ADMINISTRACION', 1, 4, 14, 48, 1, '2021-07-', '2021-07-'),
(18, 'OPERACIONES', 1, 4, 14, 67, 1, '2021-10-', '2021-10-'),
(19, 'OPERACIONES', 1, 4, 16, 50, 1, '2021-10-', '2021-10-'),
(20, 'SERVICIOS', 1, 7, 26, 14, 1, '2021-10-', '2021-10-'),
(21, 'OPERACIONES', 1, 4, 31, 64, 1, '2021-10-', '2021-10-'),
(22, 'OPERACIONES', 1, 4, 31, 71, 1, '2021-10-', '2021-10-'),
(23, 'OPERACIONES', 1, 4, 17, 51, 1, '2021-10-', '2021-10-'),
(24, 'OPERACIONES', 1, 4, 17, 72, 1, '2021-10-', '2021-10-'),
(25, 'OPERACIONES', 1, 4, 18, 52, 1, '2021-10-', '2021-10-'),
(26, 'OPERACIONES', 1, 4, 19, 53, 1, '2021-10-', '2021-10-'),
(27, 'OPERACIONES', 1, 5, 20, 54, 1, '2021-10-', '2021-10-'),
(28, 'ADMINISTRACION DE CONTRATOS', 1, 5, 21, 55, 1, '2021-10-', '2021-10-'),
(29, 'OPERACIONES', 1, 5, 21, 55, 1, '2021-10-', '2021-10-'),
(30, 'OPERACIONES', 1, 5, 22, 56, 1, '2021-10-', '2021-10-'),
(31, 'OPERACIONES', 1, 6, 23, 57, 1, '2021-10-', '2021-10-'),
(32, 'SERVICIOS', 1, 6, 23, 57, 1, '2021-10-', '2021-10-'),
(33, 'OPERACIONES', 1, 6, 24, 58, 1, '2021-10-', '2021-10-'),
(34, 'SERVICIOS', 1, 7, 26, 60, 1, '2021-10-', '2022-01-'),
(35, 'SERVICIOS', 1, 7, 27, 61, 1, '2021-10-', '2022-01-'),
(36, 'OPERACIONES', 1, 7, 27, 61, 1, '2021-10-', '2021-10-'),
(37, 'VENTAS', 1, 7, 27, 61, 1, '2021-10-', '2021-10-'),
(38, 'SERVICIOS', 1, 7, 29, 24, 1, '2021-10-', '2021-10-'),
(39, 'SERVICIOS', 1, 7, 29, 73, 1, '2021-10-', '2022-01-'),
(40, 'SERVICIOS', 1, 7, 30, 39, 1, '2021-10-', '2022-01-'),
(41, 'AUXILIAR ADMINISTRATIVO DE CON', 1, 7, 30, 63, 1, '2021-10-', '2021-10-'),
(42, 'SERVICIOS', 1, 7, 30, 63, 1, '2021-10-', '2022-01-'),
(43, 'OPERACIONES', 1, 2, 6, 43, 1, '2021-10-', '2021-10-'),
(44, 'SERVICIOS', 1, 2, 5, 1, 1, '2021-10-', '2021-10-'),
(45, 'SERVICIOS', 1, 2, 5, 10, 1, '2021-10-', '2022-01-'),
(46, 'ADMINISTRACION DE CONTRATOS', 1, 2, 5, 74, 1, '2021-10-', '2021-10-'),
(47, 'OPERACIONES', 1, 2, 5, 74, 1, '2021-10-', '2021-10-'),
(48, 'SERVICIOS', 1, 2, 5, 75, 1, '2021-10-', '2021-10-'),
(49, 'SERVICIOS', 1, 2, 5, 76, 1, '2021-10-', '2021-10-'),
(50, 'OPERACIONES', 1, 2, 5, 77, 1, '2021-10-', '2021-10-'),
(51, 'SERVICIOS', 1, 2, 5, 78, 1, '2021-10-', '2022-01-'),
(52, 'SERVICIOS', 1, 2, 5, 79, 1, '2021-10-', '2022-01-'),
(53, 'SERVICIOS', 1, 2, 5, 80, 1, '2021-10-', '2022-01-'),
(54, 'SERVICIOS', 1, 2, 5, 81, 1, '2021-10-', '2022-01-'),
(55, 'OPERACIONES', 1, 2, 5, 82, 1, '2021-10-', '2021-10-'),
(56, 'SERVICIOS', 1, 2, 8, 12, 1, '2021-10-', '2021-10-'),
(57, 'OPERACIONES', 1, 2, 8, 15, 1, '2021-10-', '2021-10-'),
(58, 'FABRICA', 1, 2, 32, 23, 1, '2021-10-', '2021-10-'),
(59, 'SISTEMAS NEUMATICOS', 1, 4, 32, 32, 1, '2021-10-', '2021-10-'),
(60, 'SERVICIOS', 1, 4, 32, 32, 1, '2021-10-', '2021-10-'),
(61, 'ADMINISTRACION DE CONTRATOS', 1, 2, 9, 21, 1, '2021-10-', '2021-10-'),
(62, 'OPERACIONES', 1, 2, 9, 21, 1, '2021-10-', '2021-10-'),
(63, 'OPERACIONES', 1, 2, 9, 29, 1, '2021-10-', '2021-10-'),
(64, 'RELACIONES LABORALES', 1, 2, 7, 3, 1, '2021-10-', '2021-10-'),
(65, 'ADMINISTRACION DE CONTRATOS', 1, 2, 7, 4, 1, '2021-10-', '2021-10-'),
(66, 'SEGURIDAD E HIGIENE', 1, 2, 7, 4, 1, '2021-10-', '2021-12-'),
(67, 'SERVICIOS', 1, 2, 7, 4, 1, '2021-10-', '2021-10-'),
(68, 'RECURSOS MATERIALES', 1, 2, 7, 5, 1, '2021-10-', '2021-10-'),
(69, 'RECURSOS MATERIALES', 1, 2, 7, 6, 1, '2021-10-', '2021-10-'),
(70, 'ADMINISTRACION DE CONTRATOS', 1, 2, 7, 7, 1, '2021-10-', '2021-10-'),
(71, 'COBRANZA', 1, 2, 7, 7, 1, '2021-10-', '2021-10-'),
(72, 'COMPRAS', 1, 2, 7, 7, 1, '2021-10-', '2021-10-'),
(73, 'CONTABILIDAD', 1, 2, 7, 7, 1, '2021-10-', '2021-10-'),
(74, 'CONTROL DE OBRAS Y PRESUPUESTO', 1, 2, 7, 7, 1, '2021-10-', '2021-10-'),
(75, 'INSTAL. PISO Y SIST. SEGURIDAD', 1, 2, 7, 7, 1, '2021-10-', '2021-10-'),
(76, 'RECURSOS MATERIALES', 1, 2, 7, 7, 1, '2021-10-', '2021-10-'),
(77, 'SERVICIOS', 1, 2, 7, 7, 1, '2021-10-', '2021-10-'),
(78, 'TESORERIA', 1, 2, 7, 7, 1, '2021-10-', '2021-10-'),
(79, 'DIRECCION', 1, 2, 7, 8, 1, '2021-10-', '2021-10-'),
(80, 'DIRECCION DE ADMINISTRACION', 1, 2, 7, 8, 1, '2021-10-', '2021-10-'),
(81, 'DIRECCION DE OPERACIONES', 1, 2, 7, 8, 1, '2021-10-', '2021-10-'),
(82, 'DIRECCION DE PISO Y SEGURIDAD', 1, 2, 7, 8, 1, '2021-10-', '2021-10-'),
(83, 'DIRECCION DE PROCURACION', 1, 2, 7, 8, 1, '2021-10-', '2021-10-'),
(84, 'DIRECCION GENERAL', 1, 2, 7, 8, 1, '2021-10-', '2021-10-'),
(85, 'INGENIERIA Y PROYECTOS', 1, 2, 7, 8, 1, '2021-10-', '2021-10-'),
(86, 'JURIDICO', 1, 2, 7, 8, 1, '2021-10-', '2021-10-'),
(87, 'SERVICIOS', 1, 2, 7, 8, 1, '2021-10-', '2021-10-'),
(88, 'VENTAS', 1, 2, 7, 8, 1, '2021-10-', '2021-10-'),
(89, 'ADMINISTRACION', 2, 8, 0, 69, 1, '2021-11-', '2021-11-'),
(90, 'ADMINISTRACIÓN', 3, 10, 34, 83, 1, '2021-12-', '2021-12-'),
(91, 'ADMINISTRACIÓN', 4, 14, 35, 84, 1, '2021-12-', '2021-12-'),
(92, 'RELACIONES LABORALES', 1, 2, 7, 7, 1, '2021-12-', '2021-12-'),
(93, 'CONTABILIDAD', 4, 14, 35, 84, 1, '2021-12-', '2021-12-'),
(94, 'SERVICIOS', 1, 2, 5, 74, 1, '2021-12-', '2021-12-'),
(95, 'OPERACIONES', 1, 5, 19, 85, 1, '2021-12-', '2021-12-'),
(96, 'OPERACIONES', 1, 7, 36, 86, 1, '2021-12-', '2021-12-'),
(97, 'ADMINISTRACION DE CONTRATOS', 1, 6, 1, 57, 1, '2021-12-', '2021-12-'),
(98, 'OPERACIONES', 1, 4, 15, 49, 1, '2022-01-', '2022-01-'),
(99, 'OPERACIONES', 1, 3, 11, 87, 1, '2022-01-', '2022-01-'),
(100, 'OPERACIONES', 1, 3, 12, 88, 1, '2022-01-', '2022-01-'),
(101, 'OPERACIONES', 1, 2, 5, 10, 1, '2022-01-', '2022-01-'),
(102, 'OPERACIONES', 1, 3, 10, 44, 1, '2022-01-', '2022-01-'),
(103, 'FABRICA', 1, 2, 5, 89, 1, '2022-01-', '2022-01-'),
(104, 'RECURSOS HUMANOS', 1, 2, 7, 3, 1, '2022-01-', '2022-01-'),
(105, 'OPERACIONES', 1, 1, 37, 90, 1, '2022-01-', '2022-01-'),
(106, 'OPERACIONES', 1, 6, 25, 59, 1, '2022-01-', '2022-01-'),
(107, 'OPERACIONES', 1, 2, 5, 80, 1, '2022-01-', '2022-01-'),
(108, 'OPERACIONES', 1, 7, 30, 91, 1, '2022-01-', '2022-01-'),
(109, 'RECURSOS HUMANOS', 1, 2, 7, 9, 1, '2022-01-', '2022-01-'),
(110, 'OPERACIONES', 1, 5, 19, 92, 1, '2022-01-', '2022-01-'),
(111, 'OPERACIONES', 1, 4, 18, 93, 1, '2022-01-', '2022-01-'),
(112, 'VENTAS', 1, 2, 7, 9, 1, '2022-01-', '2022-01-'),
(113, 'MARKETING', 1, 2, 7, 8, 1, '2022-02-', '2022-02-');

-- --------------------------------------------------------

--
-- Estructura de tabla para la tabla `clientes_oficinas`
--

CREATE TABLE `clientes_oficinas` (
  `id` int(1) NOT NULL,
  `id_cliente` int(1) DEFAULT NULL,
  `id_regional` int(1) DEFAULT NULL,
  `nombre` varchar(14) DEFAULT NULL,
  `direccion` varchar(10) DEFAULT NULL,
  `id_estado` int(1) DEFAULT NULL,
  `fechaRegistro` varchar(8) DEFAULT NULL,
  `fechaModificacion` varchar(8) DEFAULT NULL
) ENGINE=Aria DEFAULT CHARSET=utf8;

--
-- Volcado de datos para la tabla `clientes_oficinas`
--

INSERT INTO `clientes_oficinas` (`id`, `id_cliente`, `id_regional`, `nombre`, `direccion`, `id_estado`, `fechaRegistro`, `fechaModificacion`) VALUES
(1, 1, 1, 'AGUASCALIENTES', NULL, 1, '05/25/21', '05/25/21'),
(2, 1, 1, 'LEON', NULL, 1, '05/25/21', '05/25/21'),
(3, 1, 1, 'MORELIA', NULL, 1, '05/25/21', '05/25/21'),
(4, 1, 1, 'QUERETARO', NULL, 1, '05/25/21', '05/25/21'),
(5, 1, 2, 'CDMX', NULL, 1, '05/25/21', '05/25/21'),
(6, 1, 2, 'ACAPULCO', NULL, 1, '05/25/21', '05/25/21'),
(7, 1, 2, 'BARTOLACHE', NULL, 1, '05/25/21', '05/25/21'),
(8, 1, 2, 'CUERNAVACA', NULL, 1, '05/25/21', '05/25/21'),
(9, 1, 2, 'TOLUCA', NULL, 1, '05/25/21', '05/25/21'),
(10, 1, 3, 'OAXACA', NULL, 1, '05/25/21', '05/25/21'),
(11, 1, 3, 'PUEBLA', NULL, 1, '05/25/21', '05/25/21'),
(12, 1, 3, 'VERACRUZ', NULL, 1, '05/25/21', '05/25/21'),
(13, 1, 4, 'CHIHUAHUA', NULL, 1, '05/25/21', '05/25/21'),
(14, 1, 4, 'MONTERREY', NULL, 1, '05/25/21', '05/25/21'),
(15, 1, 4, 'NUEVO LAREDO', NULL, 1, '05/25/21', '05/25/21'),
(16, 1, 4, 'REYNOSA', NULL, 1, '05/25/21', '05/25/21'),
(17, 1, 4, 'TAMPICO', NULL, 1, '05/25/21', '05/25/21'),
(18, 1, 4, 'TORREON', NULL, 1, '05/25/21', '05/25/21'),
(19, 1, 5, 'HERMOSILLO', NULL, 1, '05/25/21', '05/25/21'),
(20, 1, 5, 'MEXICALI', NULL, 1, '05/25/21', '05/25/21'),
(21, 1, 5, 'TIJUANA', NULL, 1, '05/25/21', '05/25/21'),
(22, 1, 6, 'CULIACAN', NULL, 1, '05/25/21', '05/25/21'),
(23, 1, 6, 'GUADALAJARA', NULL, 1, '05/25/21', '05/25/21'),
(24, 1, 6, 'LA PAZ', NULL, 1, '05/25/21', '05/25/21'),
(25, 1, 6, 'TEPIC', NULL, 1, '05/25/21', '05/25/21'),
(26, 1, 7, 'CANCUN', NULL, 1, '05/25/21', '05/25/21'),
(27, 1, 7, 'MERIDA', NULL, 1, '05/25/21', '05/25/21'),
(28, 1, 7, 'MINATITLAN', NULL, 1, '05/25/21', '05/25/21'),
(29, 1, 7, 'TUXTLA', NULL, 1, '05/25/21', '05/25/21'),
(30, 1, 7, 'VILLAHERMOSA', NULL, 1, '05/25/21', '2022-01-'),
(31, 1, 4, 'TAMAULIPAS', NULL, 1, '06/25/21', '06/25/21'),
(32, 1, 2, 'FABRICA', NULL, 1, '2021-07-', '2021-07-'),
(33, 2, 8, 'CIUDAD DE MEXI', NULL, 1, '2021-11-', '2021-11-'),
(34, 3, 10, 'GUADALAJARA', NULL, 1, '2021-12-', '2021-12-'),
(35, 4, 14, 'CDMX', NULL, 1, '2021-12-', '2022-01-'),
(36, 1, 7, 'ACAYUCAN', NULL, 1, '2021-12-', '2021-12-'),
(37, 1, 1, 'SAN LUIS POTOS', NULL, 1, '2022-01-', '2022-01-'),
(38, 1, 4, 'NUEVO LAREDO', NULL, 1, '2022-01-', '2022-01-');

-- --------------------------------------------------------

--
-- Estructura de tabla para la tabla `clientes_regional`
--

CREATE TABLE `clientes_regional` (
  `id` int(1) NOT NULL,
  `nombre` varchar(9) DEFAULT NULL,
  `id_cliente` int(1) DEFAULT NULL,
  `id_estado` int(1) DEFAULT NULL,
  `fechaRegistro` varchar(8) DEFAULT NULL,
  `fechaModificacion` varchar(8) DEFAULT NULL,
  `id_administrador` int(11) NOT NULL
) ENGINE=Aria DEFAULT CHARSET=utf8;

--
-- Volcado de datos para la tabla `clientes_regional`
--

INSERT INTO `clientes_regional` (`id`, `nombre`, `id_cliente`, `id_estado`, `fechaRegistro`, `fechaModificacion`, `id_administrador`) VALUES
(1, 'BAJIO', 1, 1, '05/25/21', '2022-03-', 2147483647),
(2, 'CENTRO', 1, 1, '05/25/21', '2022-03-', 2147483647),
(3, 'GOLFO', 1, 1, '05/25/21', '2022-03-', 2147483647),
(4, 'NORESTE', 1, 1, '05/25/21', '2022-03-', 2147483647),
(5, 'NOROESTE', 1, 1, '05/25/21', '2022-03-', 2147483647),
(6, 'OCCIDENTE', 1, 1, '05/25/21', '2022-03-', 2147483647),
(7, 'SURESTE', 1, 1, '05/25/21', '2022-03-', 2147483647),
(8, 'GENERAL', 2, 1, '05/25/21', '05/25/21', 0),
(9, 'CENTRO', 3, 1, '2021-12-', '2021-12-', 0),
(10, 'BAJÍO', 3, 1, '2021-12-', '2021-12-', 0),
(11, 'GOLFO', 3, 1, '2021-12-', '2021-12-', 0),
(12, 'NORTE', 3, 1, '2021-12-', '2021-12-', 0),
(13, 'GUADALAJA', 10, 1, '2021-12-', '2021-12-', 0),
(14, 'CENTRO', 4, 1, '2021-12-', '2022-01-', 0),
(15, 'REGIONAL', 1, 1, '2022-03-', '2022-03-', 2147483647),
(16, 'REGIONAÑ', 9, 1, '2022-03-', '2022-03-', 2147483647),
(17, 'PRUEBA', 9, 1, '2022-03-', '2022-03-', 2147483647),
(18, 'PRUEBA', 9, 1, '2022-03-', '2022-03-', 2147483647),
(19, 'NADA', 9, 1, '2022-03-', '2022-03-', 2147483647),
(20, 'PRUEBA', 9, 1, '2022-03-', '2022-03-', 2147483647),
(21, 'MIGUEL', 9, 1, '2022-03-', '2022-03-', 2147483647),
(22, 'YO', 9, 1, '2022-03-', '2022-03-', 2147483647);

-- --------------------------------------------------------

--
-- Estructura de tabla para la tabla `clientes_ubicaciones`
--

CREATE TABLE `clientes_ubicaciones` (
  `id` int(1) NOT NULL,
  `id_cliente` int(1) DEFAULT NULL,
  `id_regional` int(1) DEFAULT NULL,
  `id_oficina` int(2) DEFAULT NULL,
  `nombre` varchar(21) DEFAULT NULL,
  `id_estado` int(1) DEFAULT NULL,
  `fechaRegistro` varchar(8) DEFAULT NULL,
  `fechaModificacion` varchar(8) DEFAULT NULL
) ENGINE=Aria DEFAULT CHARSET=utf8;

--
-- Volcado de datos para la tabla `clientes_ubicaciones`
--

INSERT INTO `clientes_ubicaciones` (`id`, `id_cliente`, `id_regional`, `id_oficina`, `nombre`, `id_estado`, `fechaRegistro`, `fechaModificacion`) VALUES
(1, 1, 2, 5, 'CBRE BLOOMBERG', 1, '05/25/21', '05/25/21'),
(2, 1, 2, 7, 'MN GERENTES', 1, '05/25/21', '05/25/21'),
(3, 1, 2, 7, 'MN RECURSOS HUMANOS', 1, '05/25/21', '05/25/21'),
(4, 1, 2, 7, 'MN SUPERVISORES', 1, '05/25/21', '05/25/21'),
(5, 1, 2, 7, 'PB ALMACEN', 1, '05/25/21', '05/25/21'),
(6, 1, 2, 7, 'PB RECEPCION', 1, '05/25/21', '05/25/21'),
(7, 1, 2, 7, 'PISO 2', 1, '05/25/21', '05/25/21'),
(8, 1, 2, 7, 'PISO 3', 1, '05/25/21', '05/25/21'),
(9, 1, 2, 7, 'SISTEMAS', 1, '05/25/21', '05/25/21'),
(10, 1, 2, 5, 'ENGENIUM CAPITAL', 1, '05/25/21', '05/25/21'),
(11, 1, 7, 27, 'BBVA', 2, '06/25/21', '2021-10-'),
(12, 1, 2, 8, 'SPORT CITY', 1, '06/25/21', '2021-10-'),
(13, 1, 4, 16, 'OPERACIONES', 1, '06/25/21', '2021-10-'),
(14, 1, 7, 26, 'BBVA', 1, '06/25/21', '2021-10-'),
(15, 1, 2, 8, 'UVM CUERNAVACA', 1, '06/25/21', '2021-10-'),
(16, 1, 2, 8, 'FABRICA', 2, '06/25/21', '2021-10-'),
(17, 1, 2, 8, 'GNP', 2, '06/25/21', '2021-10-'),
(18, 1, 2, 8, 'MICROSOFT', 2, '06/25/21', '2021-10-'),
(19, 1, 2, 8, 'NAL MONTE DE PIEDAD', 2, '06/25/21', '2021-10-'),
(20, 1, 2, 8, 'SNE', 2, '06/25/21', '2021-10-'),
(21, 1, 2, 9, 'OFICINA', 1, '06/25/21', '2021-10-'),
(22, 1, 1, 1, 'UVM AGUASCALIENTES', 1, '06/25/21', '06/25/21'),
(23, 1, 2, 32, 'FABRICA', 1, '06/25/21', '06/25/21'),
(24, 1, 7, 29, 'OFICINA', 1, '06/25/21', '06/25/21'),
(25, 1, 2, 8, 'UVM HISPANO', 2, '06/25/21', '2021-10-'),
(26, 1, 2, 8, 'UVM LAGO DE GUADALUPE', 2, '06/25/21', '2021-10-'),
(27, 1, 2, 8, 'UVM OBSERVATORIO', 2, '06/25/21', '2021-10-'),
(28, 1, 3, 10, 'UVM COLEGIOS', 2, '06/25/21', '2021-07-'),
(29, 1, 2, 9, 'UVM TOLUCA', 1, '06/25/21', '2021-10-'),
(30, 1, 6, 24, 'UVM GUADALAJARA SUR', 1, '06/25/21', '06/25/21'),
(31, 1, 4, 13, 'UVM INTEGRAL', 2, '06/25/21', '2021-07-'),
(32, 1, 4, 32, 'SNE', 1, '06/25/21', '06/25/21'),
(33, 1, 4, 13, 'UVM NUEVO LAREDO', 2, '06/25/21', '2021-10-'),
(34, 1, 3, 12, 'UVM COLEGIOS', 1, '06/25/21', '2021-07-'),
(35, 1, 2, 8, 'UVM SAN RAFAEL', 2, '06/25/21', '2021-10-'),
(36, 1, 4, 18, 'UVM TAMPICO', 1, '06/25/21', '06/25/21'),
(37, 1, 2, 8, 'UVM TLALPAN', 2, '06/25/21', '2021-10-'),
(38, 1, 2, 8, 'UVM TOLUCA', 2, '06/25/21', '2021-10-'),
(39, 1, 7, 30, 'EMSEP', 1, '06/25/21', '06/25/21'),
(40, 1, 1, 2, 'OFICINA', 1, '06/25/21', '06/25/21'),
(41, 1, 1, 3, 'OFICINA', 1, '06/25/21', '06/25/21'),
(42, 1, 1, 4, 'OFICINA', 1, '06/25/21', '06/25/21'),
(43, 1, 2, 6, 'OFICINA', 1, '06/25/21', '06/25/21'),
(44, 1, 3, 10, 'OFICINA', 1, '06/25/21', '06/25/21'),
(45, 1, 3, 11, 'OFICINA', 1, '06/25/21', '06/25/21'),
(46, 1, 3, 12, 'OFICINA', 1, '06/25/21', '06/25/21'),
(47, 1, 4, 13, 'OFICINA', 1, '06/25/21', '2021-07-'),
(48, 1, 4, 14, 'OFICINA', 1, '06/25/21', '06/25/21'),
(49, 1, 4, 15, 'OFICINA', 1, '06/25/21', '06/25/21'),
(50, 1, 4, 16, 'OFICINA', 1, '06/25/21', '06/25/21'),
(51, 1, 4, 17, 'OFICINA', 1, '06/25/21', '06/25/21'),
(52, 1, 4, 18, 'OFICINA', 1, '06/25/21', '06/25/21'),
(53, 1, 4, 19, 'OFICINA', 1, '06/25/21', '06/25/21'),
(54, 1, 5, 20, 'OFICINA', 1, '06/25/21', '06/25/21'),
(55, 1, 5, 21, 'OFICINA', 1, '06/25/21', '06/25/21'),
(56, 1, 5, 22, 'OFICINA', 1, '06/25/21', '06/25/21'),
(57, 1, 6, 23, 'OFICINA', 1, '06/25/21', '06/25/21'),
(58, 1, 6, 24, 'OFICINA', 1, '06/25/21', '06/25/21'),
(59, 1, 6, 25, 'OFICINA', 1, '06/25/21', '06/25/21'),
(60, 1, 6, 26, 'OFICINA', 1, '06/25/21', '06/25/21'),
(61, 1, 7, 27, 'OFICINA', 1, '06/25/21', '06/25/21'),
(62, 1, 7, 28, 'OFICINA', 1, '06/25/21', '06/25/21'),
(63, 1, 7, 30, 'OFICINA', 1, '06/25/21', '06/25/21'),
(64, 1, 4, 31, 'UVM CD. VICTORIA', 1, '06/25/21', '2021-10-'),
(65, 1, 4, 19, 'OPERACIONES', 1, '06/25/21', '06/25/21'),
(66, 1, 3, 12, 'UVM INTEGRAL', 1, '2021-07-', '2021-07-'),
(67, 1, 4, 14, 'DERREMATE', 1, '2021-07-', '2021-10-'),
(68, 1, 4, 14, 'ADMINISTRACION', 2, '2021-07-', '2021-07-'),
(69, 2, 8, 0, 'FRESNO', 1, '2021-07-', '2021-07-'),
(70, 2, 8, 0, 'CEDRO', 1, '2021-07-', '2021-07-'),
(71, 1, 4, 31, 'UVM NUEVO LAREDO', 1, '2021-10-', '2021-10-'),
(72, 1, 4, 17, 'UVM TAMPICO', 1, '2021-10-', '2021-10-'),
(73, 1, 7, 29, 'UVM TUXTLA', 1, '2021-10-', '2021-10-'),
(74, 1, 2, 5, 'GNP', 1, '2021-10-', '2021-10-'),
(75, 1, 2, 5, 'GNP REFORMA', 1, '2021-10-', '2021-10-'),
(76, 1, 2, 5, 'MICROSOFT', 1, '2021-10-', '2021-10-'),
(77, 1, 2, 5, 'NAL MONTE DE PIEDAD', 1, '2021-10-', '2021-10-'),
(78, 1, 2, 5, 'UVM HISPANO', 1, '2021-10-', '2021-10-'),
(79, 1, 2, 5, 'UVM LAGO DE GUADALUPE', 1, '2021-10-', '2021-10-'),
(80, 1, 2, 5, 'UVM OBSERVATORIO', 1, '2021-10-', '2021-10-'),
(81, 1, 2, 5, 'UVM SAN RAFAEL', 1, '2021-10-', '2021-10-'),
(82, 1, 2, 5, 'UVM TLALPAN', 1, '2021-10-', '2021-10-'),
(83, 3, 10, 34, 'OFICINA', 1, '2021-12-', '2021-12-'),
(84, 4, 14, 35, 'COYOACAN', 1, '2021-12-', '2022-01-'),
(85, 1, 5, 19, 'SONORA', 1, '2021-12-', '2021-12-'),
(86, 1, 7, 36, 'VERACRUZ', 1, '2021-12-', '2021-12-'),
(87, 1, 3, 11, 'UVM PUEBLA', 1, '2022-01-', '2022-01-'),
(88, 1, 3, 12, 'UVM VERACRUZ', 1, '2022-01-', '2022-01-'),
(89, 1, 2, 5, 'FABRICA', 1, '2022-01-', '2022-01-'),
(90, 1, 1, 37, 'UVM SAN LUIS POTOSI', 1, '2022-01-', '2022-01-'),
(91, 1, 7, 30, 'UVM VILLAHERMOSA', 1, '2022-01-', '2022-01-'),
(92, 1, 5, 19, 'UVM HERMOSILLO', 1, '2022-01-', '2022-01-'),
(93, 1, 4, 18, 'UVM TORREON', 1, '2022-01-', '2022-01-');

-- --------------------------------------------------------

--
-- Estructura de tabla para la tabla `configuracion`
--

CREATE TABLE `configuracion` (
  `id` int(1) NOT NULL,
  `tipo_ip` int(11) NOT NULL,
  `ip` text DEFAULT NULL,
  `mac_address` text DEFAULT NULL,
  `nombre` text DEFAULT NULL,
  `id_dominio_status` int(11) NOT NULL,
  `dominio` text DEFAULT NULL,
  `grupo_de_trabajo` text DEFAULT NULL,
  `id_equipo` int(1) DEFAULT NULL,
  `id_so` int(1) DEFAULT NULL,
  `id_version` int(1) DEFAULT NULL,
  `fechaRegistro` date DEFAULT NULL,
  `fechaModificacion` date DEFAULT NULL
) ENGINE=Aria DEFAULT CHARSET=utf8;

--
-- Volcado de datos para la tabla `configuracion`
--

INSERT INTO `configuracion` (`id`, `tipo_ip`, `ip`, `mac_address`, `nombre`, `id_dominio_status`, `dominio`, `grupo_de_trabajo`, `id_equipo`, `id_so`, `id_version`, `fechaRegistro`, `fechaModificacion`) VALUES
(1, 1, NULL, NULL, 'NOMBRE', 1, 'GRUPOBESCO', NULL, 1, 1, 1, '2022-01-31', '2022-01-31'),
(2, 1, NULL, NULL, 'NOMBRE', 1, 'GRUPOBESCO', NULL, 2, 1, 1, '2022-01-31', '2022-01-31'),
(3, 1, NULL, NULL, 'NOMBRE', 1, 'GRUPOBESCO', NULL, 3, 1, 1, '2022-01-31', '2022-01-31'),
(4, 1, NULL, NULL, 'NOMBRE', 1, 'GRUPOBESCO', NULL, 4, 1, 1, '2022-01-31', '2022-01-31'),
(5, 1, NULL, NULL, 'PFLORES', 1, 'GRUPOBESCO', NULL, 5, 1, 1, '2022-01-31', '2022-01-31'),
(6, 1, NULL, NULL, 'NOMBRE', 1, 'GRUPOBESCO', NULL, 6, 1, 1, '2022-01-31', '2022-01-31'),
(7, 1, NULL, NULL, 'NOMBRE', 1, 'GRUPOBESCO', NULL, 7, 1, 1, '2022-01-31', '2022-01-31'),
(8, 1, NULL, NULL, 'NOMBRE', 1, 'GRUPOBESCO', NULL, 8, 1, 1, '2022-01-31', '2022-01-31'),
(9, 1, NULL, NULL, 'NOMBRE', 1, 'GRUPOBESCO', NULL, 9, 1, 1, '2022-01-31', '2022-01-31'),
(10, 1, NULL, NULL, 'NOMBRE', 1, 'GRUPOBESCO', NULL, 10, 1, 1, '2022-01-31', '2022-01-31'),
(11, 1, NULL, NULL, 'NOMBRE', 1, 'GRUPOBESCO', NULL, 11, 1, 1, '2022-01-31', '2022-01-31'),
(12, 1, NULL, NULL, 'NOMBRE', 1, 'GRUPOBESCO', NULL, 12, 1, 1, '2022-01-31', '2022-01-31'),
(13, 1, NULL, NULL, 'NOMBRE', 1, 'GRUPOBESCO', NULL, 13, 1, 1, '2022-01-31', '2022-01-31'),
(14, 1, NULL, NULL, 'NOMBRE', 1, 'GRUPOBESCO', NULL, 14, 1, 1, '2022-01-31', '2022-01-31'),
(15, 1, NULL, NULL, 'NOMBRE', 1, 'GRUPOBESCO', NULL, 15, 1, 1, '2022-01-31', '2022-01-31'),
(16, 1, NULL, NULL, 'NOMBRE', 1, 'GRUPOBESCO', NULL, 16, 1, 1, '2022-01-31', '2022-01-31'),
(17, 1, NULL, NULL, 'NOMBRE', 1, 'GRUPOBESCO', NULL, 17, 1, 1, '2022-01-31', '2022-01-31'),
(18, 1, NULL, NULL, 'NOMBRE', 1, 'GRUPOBESCO', NULL, 18, 1, 1, '2022-01-31', '2022-01-31'),
(19, 1, NULL, NULL, 'NOMBRE', 1, 'GRUPOBESCO', NULL, 19, 1, 1, '2022-01-31', '2022-01-31'),
(20, 1, NULL, NULL, 'NOMBRE', 1, 'GRUPOBESCO', NULL, 20, 1, 1, '2022-01-31', '2022-01-31'),
(21, 1, NULL, NULL, 'NOMBRE', 1, 'GRUPOBESCO', NULL, 21, 1, 1, '2022-01-31', '2022-01-31'),
(22, 1, NULL, NULL, 'NOMBRE', 1, 'GRUPOBESCO', NULL, 22, 1, 1, '2022-01-31', '2022-01-31'),
(23, 1, NULL, NULL, 'NOMBRE', 1, 'GRUPOBESCO', NULL, 23, 1, 1, '2022-01-31', '2022-01-31'),
(24, 1, NULL, NULL, 'NOMBRE', 1, 'GRUPOBESCO', NULL, 24, 1, 1, '2022-01-31', '2022-01-31'),
(25, 1, NULL, NULL, 'NOMBRE', 1, 'GRUPOBESCO', NULL, 25, 1, 1, '2022-01-31', '2022-01-31'),
(26, 1, NULL, NULL, 'NOMBRE', 1, 'GRUPOBESCO', NULL, 26, 1, 1, '2022-01-31', '2022-01-31'),
(27, 1, NULL, NULL, 'NOMBRE', 1, 'GRUPOBESCO', NULL, 27, 1, 1, '2022-01-31', '2022-01-31'),
(28, 1, NULL, NULL, 'NOMBRE', 1, 'GRUPOBESCO', NULL, 28, 1, 1, '2022-01-31', '2022-01-31'),
(29, 1, NULL, NULL, 'NOMBRE', 1, 'GRUPOBESCO', NULL, 29, 1, 1, '2022-01-31', '2022-01-31'),
(30, 1, NULL, NULL, 'NOMBRE', 1, 'GRUPOBESCO', NULL, 30, 1, 1, '2022-01-31', '2022-01-31'),
(31, 1, NULL, NULL, 'NOMBRE', 1, 'GRUPOBESCO', NULL, 31, 1, 1, '2022-01-31', '2022-01-31'),
(32, 1, NULL, NULL, 'NOMBRE', 1, 'GRUPOBESCO', NULL, 32, 1, 1, '2022-01-31', '2022-01-31'),
(33, 1, NULL, NULL, 'NOMBRE', 1, 'GRUPOBESCO', NULL, 33, 1, 1, '2022-01-31', '2022-01-31'),
(34, 1, NULL, NULL, 'NOMBRE', 1, 'GRUPOBESCO', NULL, 34, 1, 1, '2022-01-31', '2022-01-31'),
(35, 1, NULL, NULL, 'NOMBRE', 1, 'GRUPOBESCO', NULL, 35, 1, 1, '2022-01-31', '2022-01-31'),
(36, 1, NULL, NULL, 'NOMBRE', 1, 'GRUPOBESCO', NULL, 36, 1, 1, '2022-01-31', '2022-01-31'),
(37, 1, NULL, NULL, 'NOMBRE', 1, 'GRUPOBESCO', NULL, 37, 1, 1, '2022-01-31', '2022-01-31'),
(38, 1, NULL, NULL, 'NOMBRE', 1, 'GRUPOBESCO', NULL, 38, 1, 1, '2022-01-31', '2022-01-31'),
(39, 1, NULL, NULL, 'NOMBRE', 1, 'GRUPOBESCO', NULL, 39, 1, 1, '2022-01-31', '2022-01-31'),
(40, 1, NULL, NULL, 'NOMBRE', 1, 'GRUPOBESCO', NULL, 40, 1, 1, '2022-01-31', '2022-01-31'),
(41, 1, NULL, NULL, 'NOMBRE', 1, 'GRUPOBESCO', NULL, 41, 1, 1, '2022-01-31', '2022-01-31'),
(42, 1, NULL, NULL, 'NOMBRE', 1, 'GRUPOBESCO', NULL, 42, 1, 1, '2022-01-31', '2022-01-31'),
(43, 1, NULL, NULL, 'NOMBRE', 1, 'GRUPOBESCO', NULL, 43, 1, 1, '2022-01-31', '2022-01-31'),
(44, 1, NULL, NULL, 'NOMBRE', 1, 'GRUPOBESCO', NULL, 44, 1, 1, '2022-01-31', '2022-01-31'),
(45, 1, NULL, NULL, 'NOMBRE', 1, 'GRUPOBESCO', NULL, 45, 1, 1, '2022-01-31', '2022-01-31'),
(46, 1, NULL, NULL, 'NOMBRE', 1, 'GRUPOBESCO', NULL, 46, 1, 1, '2022-01-31', '2022-01-31'),
(47, 1, NULL, NULL, 'NOMBRE', 1, 'GRUPOBESCO', NULL, 47, 1, 1, '2022-01-31', '2022-01-31'),
(48, 1, NULL, NULL, 'NOMBRE', 1, 'GRUPOBESCO', NULL, 48, 1, 1, '2022-01-31', '2022-01-31'),
(49, 1, NULL, NULL, 'NOMBRE', 1, 'GRUPOBESCO', NULL, 49, 1, 1, '2022-01-31', '2022-01-31'),
(50, 1, NULL, NULL, 'NOMBRE', 1, 'GRUPOBESCO', NULL, 50, 1, 1, '2022-01-31', '2022-01-31'),
(51, 1, NULL, NULL, 'NOMBRE', 1, 'GRUPOBESCO', NULL, 51, 1, 1, '2022-01-31', '2022-01-31'),
(52, 1, NULL, NULL, 'NOMBRE', 1, 'GRUPOBESCO', NULL, 52, 1, 1, '2022-01-31', '2022-01-31'),
(53, 1, NULL, NULL, 'NOMBRE', 1, 'GRUPOBESCO', NULL, 53, 1, 1, '2022-01-31', '2022-01-31'),
(54, 1, NULL, NULL, 'NOMBRE', 1, 'GRUPOBESCO', NULL, 54, 1, 1, '2022-01-31', '2022-01-31'),
(55, 1, NULL, NULL, 'NOMBRE', 1, 'GRUPOBESCO', NULL, 55, 1, 1, '2022-01-31', '2022-01-31'),
(56, 1, NULL, NULL, 'NOMBRE', 1, 'GRUPOBESCO', NULL, 56, 1, 1, '2022-01-31', '2022-01-31'),
(57, 1, NULL, NULL, 'NOMBRE', 1, 'GRUPOBESCO', NULL, 57, 1, 1, '2022-01-31', '2022-01-31'),
(58, 1, NULL, NULL, 'NOMBRE', 1, 'GRUPOBESCO', NULL, 58, 1, 1, '2022-01-31', '2022-01-31'),
(59, 1, NULL, NULL, 'NOMBRE', 1, 'GRUPOBESCO', NULL, 59, 1, 1, '2022-01-31', '2022-01-31'),
(60, 1, NULL, NULL, 'NOMBRE', 1, 'GRUPOBESCO', NULL, 60, 1, 1, '2022-01-31', '2022-01-31'),
(61, 1, NULL, NULL, 'NOMBRE', 1, 'GRUPOBESCO', NULL, 61, 1, 1, '2022-01-31', '2022-01-31'),
(62, 1, NULL, NULL, 'NOMBRE', 1, 'GRUPOBESCO', NULL, 62, 1, 1, '2022-01-31', '2022-01-31'),
(63, 1, NULL, NULL, 'NOMBRE', 1, 'GRUPOBESCO', NULL, 63, 1, 1, '2022-01-31', '2022-01-31'),
(64, 1, NULL, NULL, 'NOMBRE', 1, 'GRUPOBESCO', NULL, 64, 1, 1, '2022-01-31', '2022-01-31'),
(65, 1, NULL, NULL, 'NOMBRE', 1, 'GRUPOBESCO', NULL, 65, 1, 1, '2022-01-31', '2022-01-31'),
(66, 1, NULL, NULL, 'NOMBRE', 1, 'GRUPOBESCO', NULL, 66, 1, 1, '2022-01-31', '2022-01-31'),
(67, 1, NULL, NULL, 'NOMBRE', 1, 'GRUPOBESCO', NULL, 67, 1, 1, '2022-01-31', '2022-01-31'),
(68, 1, NULL, NULL, 'NOMBRE', 1, 'GRUPOBESCO', NULL, 68, 1, 1, '2022-01-31', '2022-01-31'),
(69, 1, NULL, NULL, 'NOMBRE', 1, 'GRUPOBESCO', NULL, 69, 1, 1, '2022-01-31', '2022-01-31'),
(70, 1, NULL, NULL, 'NOMBRE', 1, 'GRUPOBESCO', NULL, 70, 1, 1, '2022-01-31', '2022-01-31'),
(71, 1, NULL, NULL, 'NOMBRE', 1, 'GRUPOBESCO', NULL, 71, 1, 1, '2022-01-31', '2022-01-31'),
(72, 1, NULL, NULL, 'NOMBRE', 1, 'GRUPOBESCO', NULL, 72, 1, 1, '2022-01-31', '2022-01-31'),
(73, 1, NULL, NULL, 'NOMBRE', 1, 'GRUPOBESCO', NULL, 73, 1, 1, '2022-01-31', '2022-01-31'),
(74, 1, NULL, NULL, 'NOMBRE', 1, 'GRUPOBESCO', NULL, 74, 1, 1, '2022-01-31', '2022-01-31'),
(75, 1, NULL, NULL, 'NOMBRE', 1, 'GRUPOBESCO', NULL, 75, 1, 1, '2022-01-31', '2022-01-31'),
(76, 1, NULL, NULL, 'NOMBRE', 1, 'GRUPOBESCO', NULL, 76, 1, 1, '2022-01-31', '2022-01-31'),
(77, 1, NULL, NULL, 'NOMBRE', 1, 'GRUPOBESCO', NULL, 77, 1, 1, '2022-01-31', '2022-01-31'),
(78, 1, NULL, NULL, 'NOMBRE', 1, 'GRUPOBESCO', NULL, 78, 1, 1, '2022-01-31', '2022-01-31'),
(79, 1, NULL, NULL, 'NOMBRE', 1, 'GRUPOBESCO', NULL, 79, 1, 1, '2022-01-31', '2022-01-31'),
(80, 1, NULL, NULL, 'NOMBRE', 1, 'GRUPOBESCO', NULL, 80, 1, 1, '2022-01-31', '2022-01-31'),
(81, 1, NULL, NULL, 'NOMBRE', 1, 'GRUPOBESCO', NULL, 81, 1, 1, '2022-01-31', '2022-01-31'),
(82, 1, NULL, NULL, 'NOMBRE', 1, 'GRUPOBESCO', NULL, 82, 1, 1, '2022-01-31', '2022-01-31'),
(83, 1, NULL, NULL, 'NOMBRE', 1, 'GRUPOBESCO', NULL, 83, 1, 1, '2022-01-31', '2022-01-31'),
(84, 1, NULL, NULL, 'NOMBRE', 1, 'GRUPOBESCO', NULL, 84, 1, 1, '2022-01-31', '2022-01-31'),
(85, 1, NULL, NULL, 'NOMBRE', 1, 'GRUPOBESCO', NULL, 85, 1, 1, '2022-01-31', '2022-01-31'),
(86, 1, NULL, NULL, 'NOMBRE', 1, 'GRUPOBESCO', NULL, 86, 1, 1, '2022-01-31', '2022-01-31'),
(87, 1, NULL, NULL, 'NOMBRE', 1, 'GRUPOBESCO', NULL, 87, 1, 1, '2022-01-31', '2022-01-31'),
(88, 1, NULL, NULL, 'NOMBRE', 1, 'GRUPOBESCO', NULL, 88, 1, 1, '2022-01-31', '2022-01-31'),
(89, 1, NULL, NULL, 'NOMBRE', 1, 'GRUPOBESCO', NULL, 89, 1, 1, '2022-01-31', '2022-01-31'),
(90, 1, NULL, NULL, 'NOMBRE', 1, 'GRUPOBESCO', NULL, 90, 1, 1, '2022-01-31', '2022-01-31'),
(91, 1, NULL, NULL, 'NOMBRE', 1, 'GRUPOBESCO', NULL, 91, 1, 1, '2022-01-31', '2022-01-31'),
(92, 1, NULL, NULL, 'NOMBRE', 1, 'GRUPOBESCO', NULL, 92, 1, 1, '2022-01-31', '2022-01-31'),
(93, 1, NULL, NULL, 'NOMBRE', 1, 'GRUPOBESCO', NULL, 93, 1, 1, '2022-01-31', '2022-01-31'),
(94, 1, NULL, NULL, 'NOMBRE', 1, 'GRUPOBESCO', NULL, 94, 1, 1, '2022-01-31', '2022-01-31'),
(95, 1, NULL, NULL, 'NOMBRE', 1, 'GRUPOBESCO', NULL, 95, 1, 1, '2022-01-31', '2022-01-31'),
(96, 1, NULL, NULL, 'NOMBRE', 1, 'GRUPOBESCO', NULL, 96, 1, 1, '2022-01-31', '2022-01-31'),
(97, 1, NULL, NULL, 'NOMBRE', 1, 'GRUPOBESCO', NULL, 97, 1, 1, '2022-01-31', '2022-01-31'),
(98, 1, NULL, NULL, 'NOMBRE', 1, 'GRUPOBESCO', NULL, 98, 1, 1, '2022-01-31', '2022-01-31'),
(99, 1, NULL, NULL, 'NOMBRE', 1, 'GRUPOBESCO', NULL, 99, 1, 1, '2022-01-31', '2022-01-31'),
(100, 1, NULL, NULL, 'NOMBRE', 1, 'GRUPOBESCO', NULL, 100, 1, 1, '2022-01-31', '2022-01-31'),
(101, 1, NULL, NULL, 'NOMBRE', 1, 'GRUPOBESCO', NULL, 101, 1, 1, '2022-01-31', '2022-01-31'),
(102, 1, NULL, NULL, 'NOMBRE', 1, 'GRUPOBESCO', NULL, 102, 1, 1, '2022-01-31', '2022-01-31'),
(103, 1, NULL, NULL, 'NOMBRE', 1, 'GRUPOBESCO', NULL, 103, 1, 1, '2022-01-31', '2022-01-31'),
(104, 1, NULL, NULL, 'NOMBRE', 1, 'GRUPOBESCO', NULL, 104, 1, 1, '2022-01-31', '2022-01-31'),
(105, 1, NULL, NULL, 'NOMBRE', 1, 'GRUPOBESCO', NULL, 105, 1, 1, '2022-01-31', '2022-01-31'),
(106, 1, NULL, NULL, 'NOMBRE', 1, 'GRUPOBESCO', NULL, 106, 1, 1, '2022-01-31', '2022-01-31'),
(107, 1, NULL, NULL, 'NOMBRE', 1, 'GRUPOBESCO', NULL, 107, 1, 1, '2022-01-31', '2022-01-31'),
(108, 1, NULL, NULL, 'NOMBRE', 1, 'GRUPOBESCO', NULL, 108, 1, 1, '2022-01-31', '2022-01-31'),
(109, 1, NULL, NULL, 'NOMBRE', 1, 'GRUPOBESCO', NULL, 109, 1, 1, '2022-01-31', '2022-01-31'),
(110, 1, NULL, NULL, 'NOMBRE', 1, 'GRUPOBESCO', NULL, 110, 1, 1, '2022-01-31', '2022-01-31'),
(111, 1, NULL, NULL, 'NOMBRE', 1, 'GRUPOBESCO', NULL, 111, 1, 1, '2022-01-31', '2022-01-31'),
(112, 1, NULL, NULL, 'NOMBRE', 1, 'GRUPOBESCO', NULL, 112, 1, 1, '2022-01-31', '2022-01-31'),
(113, 1, NULL, NULL, 'NOMBRE', 1, 'GRUPOBESCO', NULL, 113, 1, 1, '2022-01-31', '2022-01-31'),
(114, 1, NULL, NULL, 'NOMBRE', 1, 'GRUPOBESCO', NULL, 114, 1, 1, '2022-01-31', '2022-01-31'),
(115, 1, NULL, NULL, 'NOMBRE', 1, 'GRUPOBESCO', NULL, 115, 1, 1, '2022-01-31', '2022-01-31'),
(116, 1, NULL, NULL, 'NOMBRE', 1, 'GRUPOBESCO', NULL, 116, 1, 1, '2022-01-31', '2022-01-31'),
(117, 1, NULL, NULL, 'NOMBRE', 1, 'GRUPOBESCO', NULL, 117, 1, 1, '2022-01-31', '2022-01-31'),
(118, 1, NULL, NULL, 'NOMBRE', 1, 'GRUPOBESCO', NULL, 118, 1, 1, '2022-01-31', '2022-01-31'),
(119, 1, NULL, NULL, 'NOMBRE', 1, 'GRUPOBESCO', NULL, 119, 1, 1, '2022-01-31', '2022-01-31'),
(120, 1, NULL, NULL, 'NOMBRE', 1, 'GRUPOBESCO', NULL, 120, 1, 1, '2022-01-31', '2022-01-31'),
(121, 1, NULL, NULL, 'NOMBRE', 1, 'GRUPOBESCO', NULL, 121, 1, 1, '2022-01-31', '2022-01-31'),
(122, 1, NULL, NULL, 'NOMBRE', 1, 'GRUPOBESCO', NULL, 122, 1, 1, '2022-01-31', '2022-01-31'),
(123, 1, NULL, NULL, 'NOMBRE', 1, 'GRUPOBESCO', NULL, 123, 1, 1, '2022-01-31', '2022-01-31'),
(124, 1, NULL, NULL, 'NOMBRE', 1, 'GRUPOBESCO', NULL, 124, 1, 1, '2022-01-31', '2022-01-31'),
(125, 1, NULL, NULL, 'NOMBRE', 1, 'GRUPOBESCO', NULL, 125, 1, 1, '2022-01-31', '2022-01-31'),
(126, 1, NULL, NULL, 'NOMBRE', 1, 'GRUPOBESCO', NULL, 126, 1, 1, '2022-01-31', '2022-01-31'),
(127, 1, NULL, NULL, 'NOMBRE', 1, 'GRUPOBESCO', NULL, 127, 1, 1, '2022-01-31', '2022-01-31'),
(128, 1, NULL, NULL, 'NOMBRE', 1, 'GRUPOBESCO', NULL, 128, 1, 1, '2022-01-31', '2022-01-31'),
(129, 1, NULL, NULL, 'NOMBRE', 1, 'GRUPOBESCO', NULL, 129, 1, 1, '2022-01-31', '2022-01-31'),
(130, 1, NULL, NULL, 'NOMBRE', 1, 'GRUPOBESCO', NULL, 130, 1, 1, '2022-01-31', '2022-01-31'),
(131, 1, NULL, NULL, 'NOMBRE', 1, 'GRUPOBESCO', NULL, 131, 1, 1, '2022-01-31', '2022-01-31'),
(132, 1, NULL, NULL, 'NOMBRE', 1, 'GRUPOBESCO', NULL, 132, 1, 1, '2022-01-31', '2022-01-31'),
(133, 1, NULL, NULL, 'NOMBRE', 1, 'GRUPOBESCO', NULL, 133, 1, 1, '2022-01-31', '2022-01-31'),
(134, 1, NULL, NULL, 'NOMBRE', 1, 'GRUPOBESCO', NULL, 134, 1, 1, '2022-01-31', '2022-01-31'),
(135, 1, NULL, NULL, 'NOMBRE', 1, 'GRUPOBESCO', NULL, 135, 1, 1, '2022-01-31', '2022-01-31'),
(136, 1, NULL, NULL, 'NOMBRE', 1, 'GRUPOBESCO', NULL, 136, 1, 1, '2022-01-31', '2022-01-31'),
(137, 1, NULL, NULL, 'NOMBRE', 1, 'GRUPOBESCO', NULL, 137, 1, 1, '2022-01-31', '2022-01-31'),
(138, 1, NULL, NULL, 'NOMBRE', 1, 'GRUPOBESCO', NULL, 138, 1, 1, '2022-01-31', '2022-01-31'),
(139, 1, NULL, NULL, 'NOMBRE', 1, 'GRUPOBESCO', NULL, 139, 1, 1, '2022-01-31', '2022-01-31'),
(140, 1, NULL, NULL, 'NOMBRE', 1, 'GRUPOBESCO', NULL, 140, 1, 1, '2022-01-31', '2022-01-31'),
(141, 1, NULL, NULL, 'NOMBRE', 1, 'GRUPOBESCO', NULL, 141, 1, 1, '2022-01-31', '2022-01-31'),
(142, 1, NULL, NULL, 'NOMBRE', 1, 'GRUPOBESCO', NULL, 142, 1, 1, '2022-01-31', '2022-01-31'),
(143, 1, NULL, NULL, 'NOMBRE', 1, 'GRUPOBESCO', NULL, 143, 1, 1, '2022-01-31', '2022-01-31'),
(144, 1, NULL, NULL, 'NOMBRE', 1, 'GRUPOBESCO', NULL, 144, 1, 1, '2022-01-31', '2022-01-31'),
(145, 1, NULL, NULL, 'NOMBRE', 1, 'GRUPOBESCO', NULL, 145, 1, 1, '2022-01-31', '2022-01-31'),
(146, 1, NULL, NULL, 'NOMBRE', 1, 'GRUPOBESCO', NULL, 146, 1, 1, '2022-01-31', '2022-01-31'),
(147, 1, NULL, NULL, 'NOMBRE', 1, 'GRUPOBESCO', NULL, 147, 1, 1, '2022-01-31', '2022-01-31'),
(148, 1, NULL, NULL, 'NOMBRE', 1, 'GRUPOBESCO', NULL, 148, 1, 1, '2022-01-31', '2022-01-31'),
(149, 1, NULL, NULL, 'NOMBRE', 1, 'GRUPOBESCO', NULL, 149, 1, 1, '2022-01-31', '2022-01-31'),
(150, 1, NULL, NULL, 'NOMBRE', 1, 'GRUPOBESCO', NULL, 150, 1, 1, '2022-01-31', '2022-01-31'),
(151, 1, NULL, NULL, 'NOMBRE', 1, 'GRUPOBESCO', NULL, 151, 1, 1, '2022-01-31', '2022-01-31'),
(152, 1, NULL, NULL, 'NOMBRE', 1, 'GRUPOBESCO', NULL, 152, 1, 1, '2022-01-31', '2022-01-31'),
(153, 1, NULL, NULL, 'NOMBRE', 1, 'GRUPOBESCO', NULL, 153, 1, 1, '2022-01-31', '2022-01-31'),
(154, 1, NULL, NULL, 'NOMBRE', 1, 'GRUPOBESCO', NULL, 154, 1, 1, '2022-01-31', '2022-01-31'),
(155, 1, NULL, NULL, 'NOMBRE', 1, 'GRUPOBESCO', NULL, 155, 1, 1, '2022-01-31', '2022-01-31'),
(156, 1, NULL, NULL, 'NOMBRE', 1, 'GRUPOBESCO', NULL, 156, 1, 1, '2022-01-31', '2022-01-31'),
(157, 1, NULL, NULL, 'NOMBRE', 1, 'GRUPOBESCO', NULL, 157, 1, 1, '2022-01-31', '2022-01-31'),
(158, 1, NULL, NULL, 'NOMBRE', 1, 'GRUPOBESCO', NULL, 158, 1, 1, '2022-01-31', '2022-01-31'),
(159, 1, NULL, NULL, 'NOMBRE', 1, 'GRUPOBESCO', NULL, 159, 1, 1, '2022-01-31', '2022-01-31'),
(160, 1, NULL, NULL, 'NOMBRE', 1, 'GRUPOBESCO', NULL, 160, 1, 1, '2022-01-31', '2022-01-31'),
(161, 1, NULL, NULL, 'NOMBRE', 1, 'GRUPOBESCO', NULL, 161, 1, 1, '2022-01-31', '2022-01-31'),
(162, 1, NULL, NULL, 'NOMBRE', 1, 'GRUPOBESCO', NULL, 162, 1, 1, '2022-01-31', '2022-01-31'),
(163, 1, NULL, NULL, 'NOMBRE', 1, 'GRUPOBESCO', NULL, 163, 1, 1, '2022-01-31', '2022-01-31'),
(164, 1, NULL, NULL, 'NOMBRE', 1, 'GRUPOBESCO', NULL, 164, 1, 1, '2022-01-31', '2022-01-31'),
(165, 1, NULL, NULL, 'NOMBRE', 1, 'GRUPOBESCO', NULL, 165, 1, 1, '2022-01-31', '2022-01-31'),
(166, 1, NULL, NULL, 'NOMBRE', 1, 'GRUPOBESCO', NULL, 166, 1, 1, '2022-01-31', '2022-01-31'),
(167, 1, NULL, NULL, 'NOMBRE', 1, 'GRUPOBESCO', NULL, 167, 1, 1, '2022-01-31', '2022-01-31'),
(168, 1, NULL, NULL, 'NOMBRE', 1, 'GRUPOBESCO', NULL, 168, 1, 1, '2022-01-31', '2022-01-31'),
(169, 1, NULL, NULL, 'NOMBRE', 1, 'GRUPOBESCO', NULL, 169, 1, 1, '2022-01-31', '2022-01-31'),
(170, 1, NULL, NULL, 'NOMBRE', 1, 'GRUPOBESCO', NULL, 170, 1, 1, '2022-01-31', '2022-01-31'),
(171, 1, NULL, NULL, 'NOMBRE', 1, 'GRUPOBESCO', NULL, 171, 1, 1, '2022-01-31', '2022-01-31'),
(172, 1, NULL, NULL, 'NOMBRE', 1, 'GRUPOBESCO', NULL, 172, 1, 1, '2022-01-31', '2022-01-31'),
(173, 1, NULL, NULL, 'NOMBRE', 1, 'GRUPOBESCO', NULL, 173, 1, 1, '2022-01-31', '2022-01-31'),
(174, 1, NULL, NULL, 'NOMBRE', 1, 'GRUPOBESCO', NULL, 174, 1, 1, '2022-01-31', '2022-01-31'),
(175, 1, NULL, NULL, 'NOMBRE', 1, 'GRUPOBESCO', NULL, 175, 1, 1, '2022-01-31', '2022-01-31'),
(176, 1, NULL, NULL, 'NOMBRE', 1, 'GRUPOBESCO', NULL, 176, 1, 1, '2022-01-31', '2022-01-31'),
(177, 1, NULL, NULL, 'NOMBRE', 1, 'GRUPOBESCO', NULL, 177, 1, 1, '2022-01-31', '2022-01-31'),
(178, 1, NULL, NULL, 'NOMBRE', 1, 'GRUPOBESCO', NULL, 178, 1, 1, '2022-01-31', '2022-01-31'),
(179, 1, NULL, NULL, 'NOMBRE', 1, 'GRUPOBESCO', NULL, 179, 1, 1, '2022-01-31', '2022-01-31'),
(180, 1, NULL, NULL, 'NOMBRE', 1, 'GRUPOBESCO', NULL, 180, 1, 1, '2022-01-31', '2022-01-31'),
(181, 1, NULL, NULL, 'NOMBRE', 1, 'GRUPOBESCO', NULL, 181, 1, 1, '2022-01-31', '2022-01-31'),
(182, 1, NULL, NULL, 'NOMBRE', 1, 'GRUPOBESCO', NULL, 182, 1, 1, '2022-01-31', '2022-01-31'),
(183, 1, NULL, NULL, 'NOMBRE', 1, 'GRUPOBESCO', NULL, 183, 1, 1, '2022-01-31', '2022-01-31'),
(184, 1, NULL, NULL, 'NOMBRE', 1, 'GRUPOBESCO', NULL, 184, 1, 1, '2022-01-31', '2022-01-31'),
(185, 1, NULL, NULL, 'NOMBRE', 1, 'GRUPOBESCO', NULL, 185, 1, 1, '2022-01-31', '2022-01-31'),
(186, 1, NULL, NULL, 'NOMBRE', 1, 'GRUPOBESCO', NULL, 186, 1, 1, '2022-01-31', '2022-01-31'),
(187, 1, NULL, NULL, 'NOMBRE', 1, 'GRUPOBESCO', NULL, 187, 1, 1, '2022-01-31', '2022-01-31'),
(188, 1, NULL, NULL, 'NOMBRE', 1, 'GRUPOBESCO', NULL, 188, 1, 1, '2022-01-31', '2022-01-31'),
(189, 1, NULL, NULL, 'NOMBRE', 1, 'GRUPOBESCO', NULL, 189, 1, 1, '2022-01-31', '2022-01-31'),
(190, 1, NULL, NULL, 'NOMBRE', 1, 'GRUPOBESCO', NULL, 190, 1, 1, '2022-01-31', '2022-01-31'),
(191, 1, NULL, NULL, 'NOMBRE', 1, 'GRUPOBESCO', NULL, 191, 1, 1, '2022-01-31', '2022-01-31'),
(192, 1, NULL, NULL, 'NOMBRE', 1, 'GRUPOBESCO', NULL, 192, 1, 1, '2022-01-31', '2022-01-31'),
(193, 1, NULL, NULL, 'NOMBRE', 1, 'GRUPOBESCO', NULL, 193, 1, 1, '2022-01-31', '2022-01-31'),
(194, 1, NULL, NULL, 'NOMBRE', 1, 'GRUPOBESCO', NULL, 194, 1, 1, '2022-01-31', '2022-01-31'),
(195, 1, NULL, NULL, 'NOMBRE', 1, 'GRUPOBESCO', NULL, 195, 1, 1, '2022-01-31', '2022-01-31'),
(196, 1, NULL, NULL, 'NOMBRE', 1, 'GRUPOBESCO', NULL, 196, 1, 1, '2022-01-31', '2022-01-31'),
(197, 1, NULL, NULL, 'NOMBRE', 1, 'GRUPOBESCO', NULL, 197, 1, 1, '2022-01-31', '2022-01-31'),
(198, 1, NULL, NULL, 'NOMBRE', 1, 'GRUPOBESCO', NULL, 198, 1, 1, '2022-01-31', '2022-01-31'),
(199, 1, NULL, NULL, 'NOMBRE', 1, 'GRUPOBESCO', NULL, 199, 1, 1, '2022-01-31', '2022-01-31'),
(200, 1, NULL, NULL, 'NOMBRE', 1, 'GRUPOBESCO', NULL, 200, 1, 1, '2022-01-31', '2022-01-31'),
(201, 1, NULL, NULL, 'NOMBRE', 1, 'GRUPOBESCO', NULL, 201, 1, 1, '2022-01-31', '2022-01-31'),
(202, 1, NULL, NULL, 'NOMBRE', 1, 'GRUPOBESCO', NULL, 202, 1, 1, '2022-01-31', '2022-01-31'),
(203, 1, NULL, NULL, 'NOMBRE', 1, 'GRUPOBESCO', NULL, 203, 1, 1, '2022-01-31', '2022-01-31'),
(204, 1, NULL, NULL, 'NOMBRE', 1, 'GRUPOBESCO', NULL, 204, 1, 1, '2022-01-31', '2022-01-31'),
(205, 1, NULL, NULL, 'NOMBRE', 1, 'GRUPOBESCO', NULL, 205, 1, 1, '2022-01-31', '2022-01-31'),
(206, 1, NULL, NULL, 'NOMBRE', 1, 'GRUPOBESCO', NULL, 206, 1, 1, '2022-01-31', '2022-01-31'),
(207, 1, NULL, NULL, 'NOMBRE', 1, 'GRUPOBESCO', NULL, 207, 1, 1, '2022-01-31', '2022-01-31'),
(208, 1, NULL, NULL, 'NOMBRE', 1, 'GRUPOBESCO', NULL, 208, 1, 1, '2022-01-31', '2022-01-31'),
(209, 1, NULL, NULL, 'NOMBRE', 1, 'GRUPOBESCO', NULL, 209, 1, 1, '2022-01-31', '2022-01-31'),
(210, 1, NULL, NULL, 'NOMBRE', 1, 'GRUPOBESCO', NULL, 210, 1, 1, '2022-01-31', '2022-01-31'),
(211, 1, NULL, NULL, 'NOMBRE', 1, 'GRUPOBESCO', NULL, 211, 1, 1, '2022-01-31', '2022-01-31'),
(212, 1, NULL, NULL, 'NOMBRE', 1, 'GRUPOBESCO', NULL, 212, 1, 1, '2022-01-31', '2022-01-31'),
(213, 1, NULL, NULL, 'NOMBRE', 1, 'GRUPOBESCO', NULL, 213, 1, 1, '2022-01-31', '2022-01-31'),
(214, 1, NULL, NULL, 'NOMBRE', 1, 'GRUPOBESCO', NULL, 214, 1, 1, '2022-01-31', '2022-01-31'),
(215, 1, NULL, NULL, 'NOMBRE', 1, 'GRUPOBESCO', NULL, 215, 1, 1, '2022-01-31', '2022-01-31'),
(216, 1, NULL, NULL, 'NOMBRE', 1, 'GRUPOBESCO', NULL, 216, 1, 1, '2022-01-31', '2022-01-31'),
(217, 1, NULL, NULL, 'NOMBRE', 1, 'GRUPOBESCO', NULL, 217, 1, 1, '2022-01-31', '2022-01-31'),
(218, 1, NULL, NULL, 'NOMBRE', 1, 'GRUPOBESCO', NULL, 218, 1, 1, '2022-01-31', '2022-01-31'),
(219, 1, NULL, NULL, 'NOMBRE', 1, 'GRUPOBESCO', NULL, 219, 1, 1, '2022-01-31', '2022-01-31'),
(220, 1, NULL, NULL, 'NOMBRE', 1, 'GRUPOBESCO', NULL, 220, 1, 1, '2022-01-31', '2022-01-31'),
(221, 1, NULL, NULL, 'NOMBRE', 1, 'GRUPOBESCO', NULL, 221, 1, 1, '2022-01-31', '2022-01-31'),
(222, 1, NULL, NULL, 'NOMBRE', 1, 'GRUPOBESCO', NULL, 222, 1, 1, '2022-01-31', '2022-01-31'),
(223, 1, NULL, NULL, 'NOMBRE', 1, 'GRUPOBESCO', NULL, 223, 1, 1, '2022-01-31', '2022-01-31'),
(224, 1, NULL, NULL, 'NOMBRE', 1, 'GRUPOBESCO', NULL, 224, 1, 1, '2022-01-31', '2022-01-31'),
(225, 1, NULL, NULL, 'NOMBRE', 1, 'GRUPOBESCO', NULL, 225, 1, 1, '2022-01-31', '2022-01-31'),
(226, 1, NULL, NULL, 'NOMBRE', 1, 'GRUPOBESCO', NULL, 226, 1, 1, '2022-01-31', '2022-01-31'),
(227, 1, NULL, NULL, 'NOMBRE', 1, 'GRUPOBESCO', NULL, 227, 1, 1, '2022-01-31', '2022-01-31'),
(228, 1, NULL, NULL, 'NOMBRE', 1, 'GRUPOBESCO', NULL, 228, 1, 1, '2022-01-31', '2022-01-31'),
(229, 1, NULL, NULL, 'NOMBRE', 1, 'GRUPOBESCO', NULL, 229, 1, 1, '2022-01-31', '2022-01-31'),
(230, 1, NULL, NULL, 'NOMBRE', 1, 'GRUPOBESCO', NULL, 230, 1, 1, '2022-01-31', '2022-01-31'),
(231, 1, NULL, NULL, 'NOMBRE', 1, 'GRUPOBESCO', NULL, 231, 1, 1, '2022-01-31', '2022-01-31'),
(232, 1, NULL, NULL, 'NOMBRE', 1, 'GRUPOBESCO', NULL, 232, 1, 1, '2022-01-31', '2022-01-31'),
(233, 1, NULL, NULL, 'NOMBRE', 1, 'GRUPOBESCO', NULL, 233, 1, 1, '2022-01-31', '2022-01-31'),
(234, 1, NULL, NULL, 'NOMBRE', 1, 'GRUPOBESCO', NULL, 234, 1, 1, '2022-01-31', '2022-01-31'),
(235, 1, NULL, NULL, 'NOMBRE', 1, 'GRUPOBESCO', NULL, 235, 1, 1, '2022-01-31', '2022-01-31'),
(236, 1, NULL, NULL, 'NOMBRE', 1, 'GRUPOBESCO', NULL, 236, 1, 1, '2022-01-31', '2022-01-31'),
(237, 1, NULL, NULL, 'NOMBRE', 1, 'GRUPOBESCO', NULL, 237, 1, 1, '2022-01-31', '2022-01-31'),
(238, 1, NULL, NULL, 'NOMBRE', 1, 'GRUPOBESCO', NULL, 238, 1, 1, '2022-01-31', '2022-01-31'),
(239, 1, NULL, NULL, 'NOMBRE', 1, 'GRUPOBESCO', NULL, 239, 1, 1, '2022-01-31', '2022-01-31'),
(240, 1, NULL, NULL, 'NOMBRE', 1, 'GRUPOBESCO', NULL, 240, 1, 1, '2022-01-31', '2022-01-31'),
(241, 1, NULL, NULL, 'NOMBRE', 1, 'GRUPOBESCO', NULL, 241, 1, 1, '2022-01-31', '2022-01-31'),
(242, 1, NULL, NULL, 'NOMBRE', 1, 'GRUPOBESCO', NULL, 242, 1, 1, '2022-01-31', '2022-01-31'),
(243, 1, NULL, NULL, 'NOMBRE', 1, 'GRUPOBESCO', NULL, 243, 1, 1, '2022-01-31', '2022-01-31'),
(244, 1, NULL, NULL, 'NOMBRE', 1, 'GRUPOBESCO', NULL, 244, 1, 1, '2022-01-31', '2022-01-31'),
(245, 1, NULL, NULL, 'NOMBRE', 1, 'GRUPOBESCO', NULL, 245, 1, 1, '2022-01-31', '2022-01-31'),
(246, 1, NULL, NULL, 'NOMBRE', 1, 'GRUPOBESCO', NULL, 246, 1, 1, '2022-01-31', '2022-01-31'),
(247, 1, NULL, NULL, 'NOMBRE', 1, 'GRUPOBESCO', NULL, 247, 1, 1, '2022-01-31', '2022-01-31'),
(248, 1, NULL, NULL, 'NOMBRE', 1, 'GRUPOBESCO', NULL, 248, 1, 1, '2022-01-31', '2022-01-31'),
(249, 1, NULL, NULL, 'NOMBRE', 1, 'GRUPOBESCO', NULL, 249, 1, 1, '2022-01-31', '2022-01-31'),
(250, 1, NULL, NULL, 'NOMBRE', 1, 'GRUPOBESCO', NULL, 250, 1, 1, '2022-01-31', '2022-01-31'),
(251, 1, NULL, NULL, 'NOMBRE', 1, 'GRUPOBESCO', NULL, 251, 1, 1, '2022-01-31', '2022-01-31'),
(252, 1, NULL, NULL, 'NOMBRE', 1, 'GRUPOBESCO', NULL, 252, 1, 1, '2022-01-31', '2022-01-31'),
(253, 1, NULL, NULL, 'NOMBRE', 1, 'GRUPOBESCO', NULL, 253, 1, 1, '2022-01-31', '2022-01-31'),
(254, 1, NULL, '', 'BTRUJILLO', 1, 'GRUPOBESCO', NULL, NULL, 1, 1, '2022-02-01', '2022-02-01'),
(255, 1, NULL, '', 'DREYES', 1, 'GRUPOBESCO', NULL, NULL, 1, 1, '2022-02-02', '2022-02-02');

-- --------------------------------------------------------

--
-- Estructura de tabla para la tabla `correos`
--

CREATE TABLE `correos` (
  `id` int(11) NOT NULL,
  `nombre` text NOT NULL,
  `id_cliente` int(11) NOT NULL,
  `contraseña` text NOT NULL,
  `id_tipo` int(11) NOT NULL,
  `id_provedor` int(11) NOT NULL,
  `id_utilidad` int(11) NOT NULL,
  `id_estado` int(11) NOT NULL,
  `fechaDeCreacion` date NOT NULL,
  `fechaDeModificacion` date NOT NULL,
  `id_administrador` int(11) NOT NULL
) ENGINE=InnoDB DEFAULT CHARSET=utf8mb4;

--
-- Volcado de datos para la tabla `correos`
--

INSERT INTO `correos` (`id`, `nombre`, `id_cliente`, `contraseña`, `id_tipo`, `id_provedor`, `id_utilidad`, `id_estado`, `fechaDeCreacion`, `fechaDeModificacion`, `id_administrador`) VALUES
(1, 'sarkoceles@gmail.com', 1, 'pass', 1, 1, 1, 2, '2022-01-28', '2022-01-29', 3),
(2, 'abarradas@besco.com.mx', 1, 'sIEHXLBBqaPa', 1, 3, 1, 1, '2022-01-28', '2022-02-09', 3),
(3, 'abigail.sanchez@besco.com.mx', 1, 'c0F862HA;Sf@', 1, 3, 1, 1, '2022-01-28', '2022-02-09', 3),
(4, 'adriana.perez@besco.com.mx', 1, 'Ke3KG.F5lAOD', 1, 1, 1, 2, '2022-01-28', '2022-03-21', 0),
(5, 'alan.mendoza@besco.com.mx', 1, '-7DB(H+tmGg?', 1, 1, 1, 2, '2022-01-28', '2022-03-21', 0),
(6, 'alberto.gonzalez@besco.com.mx', 1, '*A%gbBx_EH;[', 1, 1, 1, 2, '2022-01-28', '2022-03-21', 0),
(7, 'alberto.ruiz@besco.com.mx', 1, '7Y{?gm-84wRm', 1, 1, 1, 2, '2021-08-05', '2022-03-21', 0),
(8, 'aldair.fabian@besco.com.mx', 1, 'Q(57C.!*AM0O', 1, 1, 1, 2, '2022-01-28', '2022-03-21', 0),
(9, 'aldo.coria@besco.com.mx', 1, ']&W9u~TbFJoH', 1, 2, 1, 1, '2022-01-28', '2022-03-21', 0),
(10, 'alejandra.aragon@besco.com.mx', 1, '4V[1u_@=fN8I', 1, 2, 1, 1, '2022-01-28', '2022-03-21', 0),
(11, 'alejandra.martinez@besco.com.mx', 1, 'F$wD,bnFu$xl', 1, 1, 1, 1, '2022-01-28', '2022-01-28', 1),
(12, 'alejandra.monarrez@besco.com.mx', 1, '4u?HE!MlHo0r', 1, 1, 1, 1, '2022-01-28', '2022-01-28', 1),
(13, 'alejandra.silva@besco.com.mx', 1, '0a&q.=drQG-0', 1, 1, 1, 1, '2018-05-24', '2022-01-28', 1),
(14, 'alejandro.aguayo@besco.com.mx', 1, 'w=&;!w&by@gp', 1, 1, 1, 1, '2020-12-22', '2022-01-28', 1),
(15, 'alejandro.cortes@besco.com.mx', 1, 'wtkphk4x9I7?', 1, 1, 1, 1, '2019-08-20', '2022-01-28', 1),
(16, 'alejandro.herrera@besco.com.mx', 1, '#ynB)vmht+,b', 1, 1, 1, 1, '2022-01-28', '2022-01-28', 1),
(17, 'alejandro.romeroramon@besco.com.mx', 1, '2-V}]$7LCTvY', 1, 1, 1, 1, '2022-01-28', '2022-01-28', 1),
(18, 'alejandro.sanchez@besco.com.mx', 1, '~LWD_J$KyaoE', 1, 1, 1, 1, '2022-01-05', '2022-01-28', 1),
(19, 'alejandro.silva@besco.com.mx', 1, 'C1bhj~AH_YBz', 1, 1, 1, 1, '2021-06-18', '2022-01-28', 1),
(20, 'alex.mendoza@besco.com.mx', 1, ';JeJ2ishc^fq', 1, 1, 1, 1, '2021-06-01', '2022-01-28', 1),
(21, 'alexia.barrios@besco.com.mx', 1, 'H-W[*me;=fbk', 1, 1, 1, 1, '2021-06-05', '2022-01-28', 1),
(22, 'alexis.santillan@besco.com.mx', 1, 'A8fb]Rf^nSWA', 1, 1, 1, 1, '2019-07-29', '2022-01-28', 1),
(23, 'alexis.vivanco@besco.com.mx', 1, 'R^{zHp8bfoyj', 1, 1, 1, 1, '2020-10-23', '2022-01-28', 1),
(24, 'alicia.gomez@besco.com.mx', 1, '^;@lHA%ERG#Z', 1, 1, 1, 1, '2022-01-28', '2022-01-28', 1),
(25, 'alicia.medina@besco.com.mx', 1, 'AEv2ytz+q~gj', 1, 1, 1, 1, '2021-10-05', '2022-01-28', 1),
(26, 'alix.deleon@besco.com.mx', 1, 'tktY.;Z$@d!v', 1, 1, 1, 1, '2020-03-11', '2022-01-28', 1),
(27, 'alma.hernandez@besco.com.mx', 1, '0LzCZ.-]Wnr1', 1, 1, 1, 1, '2020-05-12', '2022-01-28', 1),
(28, 'almacen@besco.com.mx', 1, '7oK2f7WBEIsF', 1, 1, 1, 1, '2022-01-28', '2022-01-28', 1),
(29, 'amenendez@besco.com.mx', 1, '-', 1, 1, 1, 1, '2022-01-28', '2022-01-28', 1),
(30, 'ana.contreras@besco.com.mx', 1, '7Q1H98hGuE$1', 1, 1, 1, 1, '2022-01-28', '2022-01-28', 1),
(31, 'ana.hernandez@besco.com.mx', 1, 'V2(vf~iDW6(W', 1, 1, 1, 1, '2021-07-06', '2022-01-28', 1),
(32, 'ana.torres@besco.com.mx', 1, '&}owqUYGLa7}', 1, 1, 1, 1, '2022-01-28', '2022-01-28', 1),
(33, 'ana.zavala@besco.com.mx', 1, 'q26@*F9zkme8', 1, 1, 1, 1, '2022-01-28', '2022-01-28', 1),
(34, 'andrea.diaz@besco.com.mx', 1, 'e!A5pUKuH2HJ', 1, 1, 1, 1, '2021-06-18', '2022-01-28', 1),
(35, 'angel.armenta@besco.com.mx', 1, 'fwCb5nc_m)]M', 1, 1, 1, 1, '2018-09-04', '2022-01-28', 1),
(36, 'angel.moxo@besco.com.mx', 1, 'Q%TyLqKzW1~w', 1, 1, 1, 1, '2019-07-23', '2022-01-28', 1),
(37, 'antonio.castro@besco.com.mx', 1, 'Vkb,IqiX]Np*', 1, 1, 1, 1, '2021-10-11', '2022-01-28', 1),
(38, 'antonio.mena@besco.com.mx', 1, 'IlmrACq0eZJQ', 1, 1, 1, 1, '2022-01-28', '2022-01-28', 1),
(39, 'aramirez@besco.com.mx', 1, '0Fwn2s1VdXx&', 1, 1, 1, 1, '2020-08-21', '2022-01-28', 1),
(40, 'armando.beltran@besco.com.mx', 1, 'eQ-hVVi#UxB~', 1, 1, 1, 1, '2022-01-28', '2022-01-28', 1),
(41, 'armandom@besco.com.mx', 1, '-', 1, 1, 1, 1, '2022-01-28', '2022-01-28', 1),
(42, 'arnold.munoz@besco.com.mx', 1, 'JuX#mV7yS1IH', 1, 1, 1, 1, '2020-10-02', '2022-01-28', 1),
(43, 'arturo.colin@besco.com.mx', 1, '}@EmzzNy,.3o', 1, 1, 1, 1, '2019-08-12', '2022-01-28', 1),
(44, 'arturo.manzanares@besco.com.mx', 1, 'SxlPy]IE59@.', 1, 1, 1, 1, '2019-10-22', '2022-01-28', 1),
(45, 'asc-acapulco@besco.com.mx', 1, '7DfsUaXCea?O', 1, 1, 1, 1, '2021-04-09', '2022-01-28', 1),
(46, 'asc-cancun@besco.com.mx', 1, 'S3M[c{by}~Xp', 1, 1, 1, 1, '2021-03-29', '2022-01-28', 1),
(47, 'asc-cd.mexico@besco.com.mx', 1, 'Bqc&+*-6li8@', 1, 1, 1, 1, '2021-04-08', '2022-01-28', 1),
(48, 'asc-chihuahua@besco.com.mx', 1, '4?v8W#Y1a!-)', 1, 1, 1, 1, '2021-04-21', '2022-01-28', 1),
(49, 'asc-culiacan@besco.com.mx', 1, 'cA}nNEg%!.@o', 1, 1, 1, 1, '2021-04-02', '2022-01-28', 1),
(50, 'asc-guadalajara@besco.com.mx', 1, 'mhRMqLHbWw^3', 1, 1, 1, 1, '2021-04-01', '2022-01-28', 1),
(51, 'asc-hermosillo@besco.com.mx', 1, ')z=)HM^bFG!~', 1, 1, 1, 1, '2021-04-13', '2022-01-28', 1),
(52, 'asc-huatulco@besco.com.mx', 1, 'H.IksO6M1H^W', 1, 1, 1, 1, '2021-04-07', '2022-01-28', 1),
(53, 'asc-lapaz@besco.com.mx', 1, 'OD]+KF6_i,y{', 1, 1, 1, 1, '2021-04-16', '2022-01-28', 1),
(54, 'asc-leon@besco.com.mx', 1, '0wcl@hOoe[{z', 1, 1, 1, 1, '2021-03-26', '2022-01-28', 1),
(55, 'asc-merida@besco.com.mx', 1, 'O!DYUAtwU)mW', 1, 1, 1, 1, '2021-03-27', '2022-01-28', 1),
(56, 'asc-mexicali@besco.com.mx', 1, 'i]{kDBme[s2b', 1, 1, 1, 1, '2021-04-12', '2022-01-28', 1),
(57, 'asc-minatitlan@besco.com.mx', 1, 'OX415]sX,!d{', 1, 1, 1, 1, '2021-03-31', '2022-01-28', 1),
(58, 'asc-monterrey@besco.com.mx', 1, 'gk%;_^LV%JwB', 1, 1, 1, 1, '2021-04-03', '2022-01-28', 1),
(59, 'asc-morelia@besco.com.mx', 1, '-mj1~89]K83A', 1, 1, 1, 1, '2021-04-15', '2022-01-28', 1),
(60, 'asc-oaxaca@besco.com.mx', 1, '$F+_odu)+H=T', 1, 1, 1, 1, '2021-04-06', '2022-01-28', 1),
(61, 'asc-puebla@besco.com.mx', 1, '#p^f(M5rW7vU', 1, 1, 1, 1, '2021-04-04', '2022-01-28', 1),
(62, 'asc-queretaro@besco.com.mx', 1, 'b~q.-7T-p5a8', 1, 1, 1, 1, '2021-03-25', '2022-01-28', 1),
(63, 'asc-reynosa@besco.com.mx', 1, '},pP_Q,8v3)D', 1, 1, 1, 1, '2021-04-18', '2022-01-28', 1),
(64, 'asc-sanluispotosi@besco.com.mx', 1, 'S,v19_AVRjY^', 1, 1, 1, 1, '2021-04-14', '2022-01-28', 1),
(65, 'asc-tampico@besco.com.mx', 1, '6HP~C!(wa-v-', 1, 1, 1, 1, '2021-04-19', '2022-01-28', 1),
(66, 'asc-tepic@besco.com.mx', 1, 'n}+1t5&pXTfv', 1, 1, 1, 1, '2021-04-17', '2022-01-28', 1),
(67, 'asc-tijuana@besco.com.mx', 1, 'z_8Kb{.{Izho', 1, 1, 1, 1, '2021-04-11', '2022-01-28', 1),
(68, 'asc-toluca@besco.com.mx', 1, 'g9dr(UALHGRb', 1, 1, 1, 1, '2021-04-10', '2022-01-28', 1),
(69, 'asc-torreon@besco.com.mx', 1, 'ZVJy&[L[51*s', 1, 1, 1, 1, '2021-04-20', '2022-01-28', 1),
(70, 'asc-tuxtlagutierrez@besco.com.mx', 1, 'v@;]&BxHRsgR', 1, 1, 1, 1, '2021-03-30', '2022-01-28', 1),
(71, 'asc-veracruz@besco.com.mx', 1, '~8qp3)x)0h}U', 1, 1, 1, 1, '2021-04-05', '2022-01-28', 1),
(72, 'asc-villahermosa@besco.com.mx', 1, 'SO6M([$PWt[+', 1, 1, 1, 1, '2021-03-28', '2022-01-28', 1),
(73, 'atello@besco.com.mx', 1, 'd[SH@v3EWGK5', 1, 1, 1, 1, '2022-05-12', '2022-01-28', 1),
(74, 'audiel.rivera@besco.com.mx', 1, 'PGf$]pT.Dljq', 1, 1, 1, 1, '2021-03-16', '2022-01-28', 1),
(75, 'aurelio.salinas@besco.com.mx', 1, '0SpF-OzB-7lD', 1, 1, 1, 1, '2019-08-23', '2022-01-28', 1),
(76, 'aurora.zea@besco.com.mx', 1, '', 1, 1, 1, 1, '2021-09-23', '2022-01-28', 1),
(77, 'avillagon@besco.com.mx', 1, 'qItY$l~R{pqh', 1, 1, 1, 1, '2022-01-28', '2022-01-28', 1),
(78, 'avisodeprivacidad@besco.com.mx', 1, 'x$P7krcVZ5*{', 1, 1, 1, 1, '2020-09-22', '2022-01-28', 1),
(79, 'berenice.hurtado@besco.com.mx', 1, 'uY_v~^u(dTA[', 1, 1, 1, 1, '2020-05-04', '2022-01-28', 1),
(80, 'besco@besco.com.mx', 1, '2g[9%iBg8iZp', 1, 1, 1, 1, '2022-01-28', '2022-01-28', 1),
(81, 'bi@besco.com.mx', 1, ']RV8Tm;DiFaQ', 1, 1, 1, 1, '2021-07-20', '2022-01-28', 1),
(82, 'brenda.cabrera@besco.com.mx', 1, 'fu)h;-nZutrf', 1, 1, 1, 1, '2018-01-04', '2022-01-28', 1),
(83, 'brenda.delgado@besco.com.mx', 1, 'r]yEc~Dcsl_5', 1, 1, 1, 1, '2020-10-06', '2022-01-28', 1),
(84, 'bruno.barriga@besco.com.mx', 1, '*]jbPYYYL+XP', 1, 1, 1, 1, '2021-08-06', '2022-01-28', 1),
(85, 'bruno.tellez@besco.com.mx', 1, 'c;5-[pcq#{o(', 1, 1, 1, 1, '2022-01-28', '2022-01-28', 1),
(86, 'capturista1@besco.com.mx', 1, '8wbZ!KHw]68T', 1, 1, 1, 1, '2022-01-04', '2022-01-28', 1),
(87, 'capturista2@besco.com.mx', 1, 's-mDodISJL^^', 1, 1, 1, 1, '2022-01-04', '2022-01-28', 1),
(88, 'carlos.coronel@besco.com.mx ', 1, 'dPeSZXnTlH7=', 1, 1, 1, 1, '2021-12-17', '2022-01-28', 1),
(89, 'carlos.hernandez@besco.com.mx', 1, 'w9qxZ1v=lWkx', 1, 1, 1, 1, '2019-01-07', '2022-01-28', 1),
(90, 'carlos.herrera@besco.com.mx', 1, 'okctPwxoo~61', 1, 1, 1, 1, '2021-02-18', '2022-01-28', 1),
(91, 'carlos.ortega@besco.com.mx', 1, 'tTJzSBDF%6;0', 1, 1, 1, 1, '2019-11-11', '2022-01-28', 1),
(92, 'carmen.garcia@besco.com.mx', 1, 'd5_}VF5XSnXs', 1, 1, 1, 1, '2021-05-28', '2022-01-28', 1),
(93, 'ccano@besco.com.mx', 1, 'hR6;T?YPFj;4)B', 1, 1, 1, 1, '2022-01-28', '2022-01-28', 1),
(94, 'ccruz@besco.com.mx', 1, '(OcFsI]RYN?w', 1, 1, 1, 1, '2022-01-28', '2022-01-28', 1),
(95, 'cesar.bracho@besco.com.mx', 1, 'e@?hoa]yvuel', 1, 1, 1, 1, '2022-01-28', '2022-01-28', 1),
(96, 'cesar.sanchez@besco.com.mx', 1, '[72uF9*]}@6(', 1, 1, 1, 1, '2021-06-05', '2022-01-28', 1),
(97, 'christian.manzo@besco.com.mx', 1, 'v@]cqYAg^$MX', 1, 1, 1, 1, '2021-02-02', '2022-01-28', 1),
(98, 'christian.ramirez@besco.com.mx', 1, 'eFQ#@.{hm?$!', 1, 1, 1, 1, '2021-07-30', '2022-01-28', 1),
(99, 'cinthya.gutierrez@besco.com.mx', 1, 'Ra?fL!(JgxwQ', 1, 1, 1, 1, '2019-12-30', '2022-01-28', 1),
(100, 'cirenia.martinez@besco.com.mx', 1, 'p13sc!6F)hE#', 1, 1, 1, 1, '2019-12-16', '2022-01-28', 1),
(101, 'clara.chan@besco.com.mx', 1, 'j*]nF}K!6O?L', 1, 1, 1, 1, '2022-01-28', '2022-01-28', 1),
(102, 'claudia.espinosa@besco.com.mx', 1, '1]m!@.y@42e-', 1, 1, 1, 1, '2019-05-21', '2022-01-28', 1),
(103, 'coral.gonzalez@besco.com.mx', 1, 'k(A9g[XgT%v_', 1, 1, 1, 1, '2021-01-21', '2022-01-28', 1),
(104, 'correo_de_voz@besco.com.mx', 1, 'o+vKry7SP++n', 1, 1, 1, 1, '2020-09-23', '2022-01-28', 1),
(105, 'cquezada@besco.com.mx', 1, 'MMJ?EnW%!4f-', 1, 1, 1, 1, '2022-01-28', '2022-01-28', 1),
(106, 'cristal.meza@besco.com.mx', 1, 'eb5kBWNAs(gl', 1, 1, 1, 1, '2021-11-17', '2022-01-28', 1),
(107, 'cristina.delvalle@besco.com.mx', 1, '*Q?)]?{(8HNo', 1, 1, 1, 1, '2020-08-21', '2022-01-28', 1),
(108, 'cynthia.sosa@besco.com.mx', 1, 'kJBa6L!g%W#i', 1, 1, 1, 1, '2022-01-28', '2022-01-28', 1),
(109, 'dalia.sanchez@besco.com.mx', 1, 'w^iZ^xm)Qe9?', 1, 1, 1, 1, '2021-10-12', '2022-01-28', 1),
(110, 'daniel.castillo@besco.com.mx', 1, '3ZxXkS,,Et55', 1, 1, 1, 1, '2021-01-12', '2022-01-28', 1),
(111, 'daniel.garcia@besco.com.mx', 1, '.Q?~JDm7qc5a', 1, 1, 1, 1, '2021-09-09', '2022-01-28', 1),
(112, 'daniel.garciarodriguez@besco.com.mx', 1, 'EIeyHtTjvT4Q', 1, 1, 1, 1, '2021-11-29', '2022-01-28', 1),
(113, 'daniel.hernandez@besco.com.mx', 1, '?*!iBqw#AkEg', 1, 1, 1, 1, '2020-12-10', '2022-01-28', 1),
(114, 'daniel.miranda@besco.com.mx', 1, 'xl2rPD_S^?Xm', 1, 1, 1, 1, '2022-01-28', '2022-01-28', 1),
(115, 'daniel.sanchez@besco.com.mx', 1, ';4]aQO2_#D,J', 1, 1, 1, 1, '2022-01-28', '2022-01-28', 1),
(116, 'daniel.santiago@besco.com.mx', 1, 'M;qNOnfSp#oL', 1, 1, 1, 1, '2022-01-28', '2022-01-28', 1),
(117, 'daniel.solis@besco.com.mx', 1, 'oO3fYYX6,ZaO', 1, 1, 1, 1, '2019-06-19', '2022-01-28', 1),
(118, 'daniela.bustamante@besco.com.mx', 1, 'j;^#ACmoh}c[', 1, 1, 1, 1, '2022-01-28', '2022-01-28', 1),
(119, 'daniela.hernandez@besco.com.mx', 1, 'DBI+WDz[.rCh', 1, 1, 1, 1, '2022-01-28', '2022-01-28', 1),
(120, 'daniela.ibarias@besco.com.mx', 1, 'Kl2MZe,{qj9+', 1, 1, 1, 1, '2022-01-28', '2022-01-28', 1),
(121, 'dario.vargas@besco.com.mx', 1, '+Zurn0pNlhho', 1, 1, 1, 1, '2019-02-11', '2022-01-28', 1),
(122, 'david.martinez@besco.com.mx', 1, '@R@O{xDEqn~)', 1, 1, 1, 1, '2022-01-28', '2022-01-28', 1),
(123, 'david.perez@besco.com.mx', 1, 'CF=rsj!k6vf)', 1, 1, 1, 1, '2019-07-12', '2022-01-28', 1),
(124, 'david.rivera@besco.com.mx', 1, 'NAS)3EUQ^=D9', 1, 1, 1, 1, '2019-05-09', '2022-01-28', 1),
(125, 'david.vargas@besco.com.mx', 1, 'hQ#$AQdIROVy', 1, 1, 1, 1, '2021-07-12', '2022-01-28', 1),
(126, 'diana.rivera@besco.com.mx', 1, 'Iccp)As(0e0)', 1, 1, 1, 1, '2022-01-28', '2022-01-28', 1),
(127, 'diana.sanchez@besco.com.mx', 1, 'Sy,-Cm3FVz-(', 1, 1, 1, 1, '2021-08-31', '2022-01-28', 1),
(128, 'diana.vidal@besco.com.mx', 1, 'Nukj-zZHLiue', 1, 1, 1, 1, '2021-08-23', '2022-01-28', 1),
(129, 'dibujante@besco.com.mx', 1, '9@YL.&W69dcS', 1, 1, 1, 1, '2022-01-28', '2022-01-28', 1),
(130, 'diego.villalobos@besco.com.mx', 1, '18z$@-x0jze%', 1, 1, 1, 1, '2020-10-16', '2022-01-28', 1),
(131, 'dinorah.maldonado@besco.com.mx', 1, '4Dhit6I1M5-N', 1, 1, 1, 1, '2022-01-28', '2022-01-28', 1),
(132, 'ecamacho@besco.com.mx', 1, '[k&W)WcUsIxg', 1, 1, 1, 1, '2022-01-28', '2022-01-28', 1),
(133, 'edgar.garciapuga@besco.com.mx', 1, 'M,YzIEFZS,$m', 1, 1, 1, 1, '2022-01-28', '2022-01-28', 1),
(134, 'edi.gonzalez@besco.com.mx', 1, 'tpziQ6n9]Rs;', 1, 1, 1, 1, '2021-11-04', '2022-01-28', 1),
(135, 'eduardo.arzate@besco.com.mx', 1, '9Q;m=u^0rTtA', 1, 1, 1, 1, '2021-01-15', '2022-01-28', 1),
(136, 'eduardo.mayen@besco.com.mx', 1, 'EzG4p4WJ)kXg', 1, 1, 1, 1, '2021-09-08', '2022-01-28', 1),
(137, 'eduardo.morales@besco.com.mx', 1, '4=RUmmbcM~E^', 1, 1, 1, 1, '2022-01-28', '2022-01-28', 1),
(138, 'eduardo.ruiz@besco.com.mx', 1, 'y%PcB{3w![Kj', 1, 1, 1, 1, '2022-01-28', '2022-01-28', 1),
(139, 'efrain.ramirez@besco.com.mx', 1, '&*JtPdjX^eDq', 1, 1, 1, 1, '2022-01-28', '2022-01-28', 1),
(140, 'efren.pascual@besco.com.mx', 1, 'f8mWlGfU?%$t', 1, 1, 1, 1, '2022-01-28', '2022-01-28', 1),
(141, 'elena.cisneros@besco.com.mx', 1, 'zzVeTC~4A;f;', 1, 1, 1, 1, '2021-06-30', '2022-01-28', 1),
(142, 'elida.flores@besco.com.mx', 1, 'D511{q$[]dG3', 1, 1, 1, 1, '2020-05-04', '2022-01-28', 1),
(143, 'elizabeth.quezada@besco.com.mx', 1, 'X&L!bkDtWMGv', 1, 1, 1, 1, '2021-03-26', '2022-01-28', 1),
(144, 'eloy.hernandez@besco.com.mx', 1, 'Cq!Lbp)Z2?3N', 1, 1, 1, 1, '2022-01-28', '2022-01-28', 1),
(145, 'emigdio.lopez@besco.com.mx', 1, 'wX4_0L(+O.J@', 1, 1, 1, 1, '2018-12-17', '2022-01-28', 1),
(146, 'enrique.matron@besco.com.mx', 1, 'YtU8{%6a*Ree', 1, 1, 1, 1, '2021-09-15', '2022-01-28', 1),
(147, 'enrique.romero@besco.com.mx', 1, 'HA9fMr}==oQM', 1, 1, 1, 1, '2022-01-28', '2022-01-28', 1),
(148, 'eric.villatoro@besco.com.mx', 1, 'zM;t$dYT?M#C', 1, 1, 1, 1, '2022-01-28', '2022-01-28', 1),
(149, 'erick.arreola@besco.com.mx', 1, 'V.bLC)wQ]sH_', 1, 1, 1, 1, '2019-07-19', '2022-01-28', 1),
(150, 'erick.santos@besco.com.mx', 1, '(&QFZOgSu;Tv', 1, 1, 1, 1, '2022-01-28', '2022-01-28', 1),
(151, 'erika.munoz@besco.com.mx', 1, '#igQrg(n&22}', 1, 1, 1, 1, '2022-01-28', '2022-01-28', 1),
(152, 'escaner.administrativos@besco.com.mx', 1, ',b;C@MedHdU!', 1, 1, 1, 1, '2018-10-13', '2022-01-28', 1),
(153, 'escaner.fabrica@besco.com.mx', 1, '%UzRHqO?a01-', 1, 1, 1, 1, '2018-10-13', '2022-01-28', 1),
(154, 'escaner.gnp@besco.com.mx', 1, 'LVwWj!94Lf!L', 1, 1, 1, 1, '2022-01-28', '2022-01-28', 1),
(155, 'escaner.piso1@besco.com.mx', 1, '!^ANuV%i$L.?', 1, 1, 1, 1, '2018-10-13', '2022-01-28', 1),
(156, 'escaner.piso3@besco.com.mx', 1, '=#_&[qbLKMOU', 1, 1, 1, 1, '2018-10-13', '2022-01-28', 1),
(157, 'escaner.servicios@besco.com.mx', 1, 'u_fD1f@fMw7z', 1, 1, 1, 1, '2018-10-13', '2022-01-28', 1),
(158, 'escaner.sne@besco.com.mx', 1, 'xx-[,0fw@](8', 1, 1, 1, 1, '2018-10-13', '2022-01-28', 1),
(159, 'escaner_mty@besco.com.mx', 1, 'mYcG[PV%b8_X', 1, 1, 1, 1, '2022-01-28', '2022-01-28', 1),
(160, 'esteban.patton@besco.com.mx', 1, '@22ZD*T2jAZS', 1, 1, 1, 1, '2019-03-12', '2022-01-28', 1),
(161, 'estefany.santiago@besco.com.mx', 1, ')-24Jff&ZC5k', 1, 1, 1, 1, '2021-10-01', '2022-01-28', 1),
(162, 'esther.ampudia@besco.com.mx', 1, 'G]0ArXcHo.hc', 1, 1, 1, 1, '2021-04-16', '2022-01-28', 1),
(163, 'fabrica@besco.com.mx', 1, 'Eeb$WKnH2lyq', 1, 1, 1, 1, '2022-01-28', '2022-01-28', 1),
(164, 'fanny.anaya@besco.com.mx', 1, 'pDn#*IVXB@;Y', 1, 1, 1, 1, '2021-03-19', '2022-01-28', 1),
(165, 'fatima.canul@besco.com.mx', 1, 'Ke9#fH4lm49T', 1, 1, 1, 1, '2021-04-08', '2022-01-28', 1),
(166, 'fatima.gallegos@besco.com.mx', 1, '[PG$7iDm&xJ;', 1, 1, 1, 1, '2020-08-14', '2022-01-28', 1),
(167, 'federico.guzman@besco.com.mx', 1, 'j#Y,776~4E[J', 1, 1, 1, 1, '2019-07-26', '2022-01-28', 1),
(168, 'federico.zorrilla@besco.com.mx', 1, 'Dbem,!$^RrU3', 1, 1, 1, 1, '2022-01-28', '2022-01-28', 1),
(169, 'fernando.miranda@besco.com.mx', 1, 'LjvP4Zp1T+k6', 1, 1, 1, 1, '2022-01-28', '2022-01-28', 1),
(170, 'fernando.romero@besco.com.mx', 1, 'd#c{4TRO+}Pw', 1, 1, 1, 1, '2022-01-28', '2022-01-28', 1),
(171, 'fernando.sorela@besco.com.mx', 1, '7JL;*P+5RxrO', 1, 1, 1, 1, '2021-08-05', '2022-01-28', 1),
(172, 'francisco.castro@besco.com.mx', 1, '_+%e=}xj5pZq', 1, 1, 1, 1, '2022-01-28', '2022-01-28', 1),
(173, 'francisco.reyes@besco.com.mx', 1, '3&R#X(7HL!.(', 1, 1, 1, 1, '2019-11-01', '2022-01-28', 1),
(174, 'francisco.sotelo@besco.com.mx', 1, '(dorq$E5~s@q', 1, 1, 1, 1, '2022-01-28', '2022-01-28', 1),
(175, 'gabriel.luna@besco.com.mx', 1, 'Nur#L6F{JjFg', 1, 1, 1, 1, '2018-11-21', '2022-01-28', 1),
(176, 'gabriela.martinez@besco.com.mx', 1, 'uZlGrR,(lpbX', 1, 1, 1, 1, '2022-01-28', '2022-01-28', 1),
(177, 'gerardo.mendez@besco.com.mx', 1, 'e{Y&pChkQOfP', 1, 1, 1, 1, '2022-01-28', '2022-01-28', 1),
(178, 'gerardo.rocha@besco.com.mx', 1, 'J+RjZv%Ugc*j', 1, 1, 1, 1, '2019-02-01', '2022-01-28', 1),
(179, 'gerardo.torres@besco.com.mx', 1, 'girneY[Ypy!k', 1, 1, 1, 1, '2021-01-14', '2022-01-28', 1),
(180, 'german.lopez@besco.com.mx', 1, 'Sx(,*kU6BciI', 1, 1, 1, 1, '2017-02-20', '2022-01-28', 1),
(181, 'gerson.arredondo@besco.com.mx', 1, 'X{XYq9LE0jWI', 1, 1, 1, 1, '2020-09-07', '2022-01-28', 1),
(182, 'gilberto.cruz@besco.com.mx', 1, ',&0YkA=*@;@m', 1, 1, 1, 1, '2021-08-20', '2022-01-28', 1),
(183, 'gladys.bautista@besco.com.mx', 1, 'DFp@vr[(e-!g', 1, 1, 1, 1, '2021-08-13', '2022-01-28', 1),
(184, 'gonzalo.delacruz@besco.com.mx', 1, 'DZdQPfyYE6~8', 1, 1, 1, 1, '2022-01-28', '2022-01-28', 1),
(185, 'guadalupe.mayorga@besco.com.mx', 1, 'tz-u%kH)wey$', 1, 1, 1, 1, '2021-02-15', '2022-01-28', 1),
(186, 'guadalupe.mugica@besco.com.mx', 1, 'K]aJIjvXIMlz', 1, 1, 1, 1, '2020-12-28', '2022-01-28', 1),
(187, 'guillermo.gonzalez@besco.com.mx', 1, ',O@,st]z{T[8', 1, 1, 1, 1, '2022-01-28', '2022-01-28', 1),
(188, 'guillermo.martinez@besco.com.mx', 1, '?O1kt7E,Va?[', 1, 1, 1, 1, '2018-01-16', '2022-01-28', 1),
(189, 'gvazquez@besco.com.mx', 1, 'rmI[.cLz-?4o', 1, 1, 1, 1, '2022-01-28', '2022-01-28', 1),
(190, 'hector.corona@besco.com.mx', 1, '#jzTD{@2}CI)', 1, 1, 1, 1, '2020-02-20', '2022-01-28', 1),
(191, 'hector.nieto@besco.com.mx', 1, ']fCGj?tijkvS', 1, 1, 1, 1, '2022-01-28', '2022-01-28', 1),
(192, 'henry.hernandez@besco.com.mx', 1, '4}lnlse$~E*w', 1, 1, 1, 1, '2019-08-09', '2022-01-28', 1),
(193, 'hillary.portillo@besco.com.mx', 1, 'HIm+OG73cS5D', 1, 1, 1, 1, '2021-09-21', '2022-01-28', 1),
(194, 'hmena@besco.com.mx', 1, 'GW1zuc]aisWP', 1, 1, 1, 1, '2022-01-28', '2022-01-28', 1),
(195, 'hugo.castillo@besco.com.mx', 1, 'yOHN55t*@I?c', 1, 1, 1, 1, '2022-01-28', '2022-01-28', 1),
(196, 'hugo.navarro@besco.com.mx', 1, '@8wWXK[Bkde5', 1, 1, 1, 1, '2019-10-28', '2022-01-28', 1),
(197, 'humberto.arrieta@besco.com.mx', 1, 'X]&xj}];,A6f', 1, 1, 1, 1, '2021-07-15', '2022-01-28', 1),
(198, 'humberto.guzman@besco.com.mx', 1, 'yTrYJ*)X~e.s', 1, 1, 1, 1, '2022-01-28', '2022-01-28', 1),
(199, 'humberto.jimenez@besco.com.mx', 1, '0118Jimenez', 1, 1, 1, 1, '2018-01-18', '2022-01-28', 1),
(200, 'idalia.arellano@besco.com.mx', 1, 'qD=)51(M*O_@', 1, 1, 1, 1, '2020-05-04', '2022-01-28', 1),
(201, 'ilse.antonio@besco.com.mx', 1, 'azOn*Rs[JhJ.', 1, 1, 1, 1, '2020-12-04', '2022-01-28', 1),
(202, 'info@besco.com.mx', 1, '_uqtDF=q_dME', 1, 1, 1, 1, '2021-08-20', '2022-01-28', 1),
(203, 'infobesco@besco.com.mx', 1, '}3)TYdzVQ3t;', 1, 1, 1, 1, '2019-05-09', '2022-01-28', 1),
(204, '', 0, '', 0, 0, 0, 0, '0000-00-00', '2022-01-29', 3),
(205, 'irma.contreras@besco.com.mx', 1, '53=?$=(vdF_g', 1, 1, 1, 1, '2022-01-28', '2022-01-28', 1),
(206, 'isaac.flores@besco.com.mx', 1, '[?u[2HKthoR~', 1, 1, 1, 1, '2020-05-04', '2022-01-28', 1),
(207, 'isabel.cruz@besco.com.mx', 1, 'xjY%KM0aHP._', 1, 1, 1, 1, '2022-01-28', '2022-01-28', 1),
(208, 'isain.bello@besco.com.mx', 1, '*K!3C7v?0SpC', 1, 1, 1, 1, '2020-06-08', '2022-01-28', 1),
(209, 'israel.barrera@besco.com.mx', 1, ']D+mz#yN0kmA', 1, 1, 1, 1, '2020-01-09', '2022-01-28', 1),
(210, 'israel.ocampo@besco.com.mx', 1, 'lO99f=.JQeQ+', 1, 1, 1, 1, '2021-11-17', '2022-01-28', 1),
(211, 'israel.rodriguez@besco.com.mx', 1, 'nVVidz2}NgjJ', 1, 1, 1, 1, '2022-01-28', '2022-01-28', 1),
(212, 'itzel.arzamendi@besco.com.mx', 1, '3U-@%FPm0vJX', 1, 1, 1, 1, '2021-07-19', '2022-01-28', 1),
(213, 'itzel.santillan@besco.com.mx', 1, 'OMI#}PqX2Dt;', 1, 1, 1, 1, '2020-02-18', '2022-01-28', 1),
(214, 'ivan.quintero@besco.com.mx', 1, 'y0G)wD4%A0BC', 1, 1, 1, 1, '2021-10-05', '2022-01-28', 1),
(215, 'ixchell.popoca@besco.com.mx', 1, 'q[j0*zORLeQk', 1, 1, 1, 1, '2020-09-01', '2022-01-28', 1),
(216, 'j.hernandez@besco.com.mx', 1, '?Mf&DN6b#Na(', 1, 1, 1, 1, '2021-08-11', '2022-01-28', 1),
(217, 'jacob.hernandez@besco.com.mx', 1, 'b{LetxYTL?U{', 1, 1, 1, 1, '2022-01-28', '2022-01-28', 1),
(218, 'jacobo.garcia@besco.com.mx', 1, 'oEvI1no~qGvN', 1, 1, 1, 1, '2022-01-28', '2022-01-28', 1),
(219, 'jaime.hernandez@besco.com.mx', 1, 'H,sii(,9-%kh', 1, 1, 1, 1, '2022-01-28', '2022-01-28', 1),
(220, 'jaime.lopez@besco.com.mx', 1, 'Ts.X%Mdmr,}o', 1, 1, 1, 1, '2021-12-07', '2022-01-28', 1),
(221, 'james.smithers@besco.com.mx', 1, 'wFFErSm[D%%y', 1, 1, 1, 1, '2021-01-12', '2022-01-28', 1),
(222, 'janeth.hurtado@besco.com.mx', 1, 'G-flm~,czBe5', 1, 1, 1, 1, '2018-11-30', '2022-01-28', 1),
(223, 'javier.blanco@besco.com.mx', 1, 'Az-GgPPi^}%7', 1, 1, 1, 1, '2020-09-30', '2022-01-28', 1),
(224, 'javier.hernandez@besco.com.mx', 1, '0=X.D9au&j)}', 1, 1, 1, 1, '2019-03-05', '2022-01-28', 1),
(225, 'javier.mendez@besco.com.mx', 1, 'F1O6!R)4hqxK', 1, 1, 1, 1, '2020-01-21', '2022-01-28', 1),
(226, 'javier.miranda@besco.com.mx', 1, 'zdfBX{gsoFQ%', 1, 1, 1, 1, '2021-02-08', '2022-01-28', 1),
(227, 'javier.ramirez@besco.com.mx', 1, 'drlBC~x9?w~K', 1, 1, 1, 1, '2021-11-12', '2022-01-28', 1),
(228, 'javier.sotres@besco.com.mx', 1, 'NX_d;jb^VP?M', 1, 1, 1, 1, '2020-09-09', '2022-01-28', 1),
(229, 'jazmin.chavez@besco.com.mx', 1, 'CX%q[mZ4HRJ7', 1, 1, 1, 1, '2021-10-28', '2022-01-28', 1),
(230, 'jazmin.venancio@besco.com.mx', 1, 'Q;S8FgudJ0e6', 1, 1, 1, 1, '2022-01-28', '2022-01-28', 1),
(231, 'jessica.ordonez@besco.com.mx', 1, '13&U;(U!V3Y(', 1, 1, 1, 1, '2021-07-26', '2022-01-28', 1),
(232, 'jessica.valera@besco.com.mx', 1, '1vYA#CNVdn(_', 1, 1, 1, 1, '2021-02-15', '2022-01-28', 1),
(233, 'jesus.cervantes@besco.com.mx', 1, 'tK!@w3uCKZyR', 1, 1, 1, 1, '2020-03-03', '2022-01-28', 1),
(234, 'jesus.flores@besco.com.mx', 1, 'nVdZMh~2;yXa', 1, 1, 1, 1, '2018-01-16', '2022-01-28', 1),
(235, 'jesus.garza@besco.com.mx', 1, '?i6#?Uk!6)fW', 1, 1, 1, 1, '2022-01-28', '2022-01-28', 1),
(236, 'jesus.huerta@besco.com.mx', 1, '{Dk*xv)yGY0]', 1, 1, 1, 1, '2021-10-27', '2022-01-28', 1),
(237, 'jesus.leon@besco.com.mx', 1, '[AG*gkH+I)j,', 1, 1, 1, 1, '2020-10-14', '2022-01-28', 1),
(238, 'jesus.martinez@besco.com.mx', 1, 'u{[nRC{c!x3~', 1, 1, 1, 1, '2019-08-19', '2022-01-28', 1),
(239, 'jesus.ramos@besco.com.mx', 1, ';ID$;6t=W8sz', 1, 1, 1, 1, '2021-04-12', '2022-01-28', 1),
(240, 'jesus.serrano@besco.com.mx', 1, 'P.oyR_hOrK9G', 1, 1, 1, 1, '2020-05-04', '2022-01-28', 1),
(241, 'jiarellano@besco.com.mx', 1, 'HR^OnvE87duO', 1, 1, 1, 1, '2022-01-28', '2022-01-28', 1),
(242, 'jluna@besco.com.mx', 1, 'vuWcthKS=zS%', 1, 1, 1, 1, '2022-01-28', '2022-01-28', 1),
(243, 'jocelyn.ramirez@besco.com.mx', 1, '%RpIKhQF1gWO', 1, 1, 1, 1, '2019-07-12', '2022-01-28', 1),
(244, 'joel.abad@besco.com.mx', 1, '*o].}Qt#l^A*', 1, 1, 1, 1, '2022-01-28', '2022-01-28', 1),
(245, 'joel.davila@besco.com.mx', 1, 'C%M^u%)M}hB.', 1, 1, 1, 1, '2022-01-28', '2022-01-28', 1),
(246, 'joel.perez@besco.com.mx', 1, 'OV}.bftQhr^C', 1, 1, 1, 1, '2018-12-05', '2022-01-28', 1),
(247, 'joel.perezjeronimo@besco.com.mx', 1, 'xvxNB$A~1gfG', 1, 1, 1, 1, '2018-12-05', '2022-01-28', 1),
(248, 'joel.ramirez@besco.com.mx', 1, 'ix}uCbmQ;nqK', 1, 1, 1, 1, '2020-01-17', '2022-01-28', 1),
(249, 'jonathan.aguilar@besco.com.mx', 1, 'lL2X=[$F#&L2', 1, 1, 1, 1, '2020-12-03', '2022-01-28', 1),
(250, 'jonathan.perez@besco.com.mx', 1, '[O#?@bw6NvkR', 1, 1, 1, 1, '2022-01-28', '2022-01-28', 1),
(251, 'jorge.aguilar@besco.com.mx', 1, '!w,Q!JPW9Lu-', 1, 1, 1, 1, '2022-01-28', '2022-01-28', 1),
(252, 'jorge.casas@besco.com.mx', 1, 'tEk)3?#P{2Gk', 1, 1, 1, 1, '2020-02-24', '2022-01-28', 1),
(253, 'jorge.chimal@besco.com.mx', 1, '[;,*K[wQc$Ek', 1, 1, 1, 1, '2022-01-28', '2022-01-28', 1),
(254, 'jorge.figueroa@besco.com.mx', 1, '-CtX_;?&Frc.', 1, 1, 1, 1, '2020-09-18', '2022-01-28', 1),
(255, 'jorge.hernandez@besco.com.mx', 1, 'KJ[JZ).7j)7)', 1, 1, 1, 1, '2021-04-21', '2022-01-28', 1),
(256, 'jorge.regules@besco.com.mx', 1, '=wT9HF#AZ}M0', 1, 1, 1, 1, '2021-03-26', '2022-01-28', 1),
(257, 'jorge.tellez@besco.com.mx', 1, 'fPn7Yfdn{kWU', 1, 1, 1, 1, '2019-01-08', '2022-01-28', 1),
(258, 'jose.cuenca@besco.com.mx', 1, 'a*?eRdHv]M=0', 1, 1, 1, 1, '2022-01-28', '2022-01-28', 1),
(259, 'jose.gonzalez@besco.com.mx', 1, 'k[a+U(qusLrC', 1, 1, 1, 1, '2021-07-01', '2022-01-28', 1),
(260, 'jose.mendivil@besco.com.mx', 1, 'O,}}S^!%Hntb', 1, 1, 1, 1, '2020-01-08', '2022-01-28', 1),
(261, 'josefina.derramona@besco.com.mx', 1, 'QAaKqO8$xr,1', 1, 1, 1, 1, '2022-01-28', '2022-01-28', 1),
(262, 'josue.gomez@besco.com.mx', 1, 'o%3Bn.B)D)e*', 1, 1, 1, 1, '2022-01-28', '2022-01-28', 1),
(263, 'juan.angeles@besco.com.mx', 1, 'kiS@jn=wRh7=', 1, 1, 1, 1, '2022-01-28', '2022-01-28', 1),
(264, 'juan.oropeza@besco.com.mx', 1, 'e*o8WhL}g^cS', 1, 1, 1, 1, '2021-06-09', '2022-01-28', 1),
(265, 'juan.romero@besco.com.mx', 1, '1(j&C4TlxOGV', 1, 1, 1, 1, '2022-01-28', '2022-01-28', 1),
(266, 'juan.rosales@besco.com.mx', 1, 'VEJ]!=R7%$ov', 1, 1, 1, 1, '2019-01-16', '2022-01-28', 1),
(267, 'juan.sanchez@besco.com.mx', 1, 'rv2rd%d*h?]H', 1, 1, 1, 1, '2022-01-28', '2022-01-28', 1),
(268, 'judith.landa@besco.com.mx', 1, 'd7b@%&0OGLPY', 1, 1, 1, 1, '2022-01-28', '2022-01-28', 1),
(269, 'julian.vazquez@besco.com.mx', 1, '?Sjx=uQEh,aj', 1, 1, 1, 1, '2020-05-06', '2022-01-28', 1),
(270, 'julio.brambila@besco.com.mx', 1, 'oFTC0L~NGx#V', 1, 1, 1, 1, '2022-01-28', '2022-01-28', 1),
(271, 'julio.salinas@besco.com.mx', 1, 'R27e{eiFf1pb', 1, 1, 1, 1, '2021-07-02', '2022-01-28', 1),
(272, 'jvillarreal@besco.com.mx', 1, 'pms6g;R[SzN@', 1, 1, 1, 1, '2022-01-28', '2022-01-28', 1),
(273, 'karina.delacruz@besco.com.mx', 1, '.$mX*Yg-pRyp', 1, 1, 1, 1, '2021-04-23', '2022-01-28', 1),
(274, 'karla.castro@besco.com.mx', 1, '*Fr1SygR]*m)', 1, 1, 1, 1, '2021-11-19', '2022-01-28', 1),
(275, 'karla.laborin@besco.com.mx', 1, 'IJW[q$aj}?d6', 1, 1, 1, 1, '2020-01-22', '2022-01-28', 1),
(276, 'karla.leon@besco.com.mx', 1, 'nV,t]AGFI3$;', 1, 1, 1, 1, '2021-08-20', '2022-01-28', 1),
(277, 'karla.tapia@besco.com.mx', 1, '&lgG)8HF;c[x', 1, 1, 1, 1, '2022-01-28', '2022-01-28', 1),
(278, 'kate.moscosa@besco.com.mx', 1, 'Nl$4?Xm%@$(9', 1, 1, 1, 1, '2022-01-28', '2022-01-28', 1),
(279, 'kathia.carrasco@besco.com.mx', 1, 'q$YeJeENzVK4', 1, 1, 1, 1, '2021-03-30', '2022-01-28', 1),
(280, 'kcruz@besco.com.mx', 1, 'vJe82sktXF(q', 1, 1, 1, 1, '2022-01-28', '2022-01-28', 1),
(281, 'keilaf@besco.com.mx', 1, 'w9bZ}An-d;+g', 1, 1, 1, 1, '2022-01-28', '2022-01-28', 1),
(282, 'kenny.rodriguez@besco.com.mx', 1, '9X1_Z}*;WkhC', 1, 1, 1, 1, '2019-03-11', '2022-01-28', 1),
(283, 'koster.jarillo@besco.com.mx', 1, '4DPdEdH?I-NA', 1, 1, 1, 1, '2022-01-28', '2022-01-28', 1),
(284, 'kristian.navarrate@besco.com.mx', 1, '0Z45_-J&?hYz', 1, 1, 1, 1, '2021-10-21', '2022-01-28', 1),
(285, 'kristian.navarrate@besco.com.mx', 1, '', 1, 1, 1, 1, '2021-10-21', '2022-01-28', 1),
(286, 'kvillalpando@besco.com.mx', 1, 'Aei!ToP^NJ4J', 1, 1, 1, 1, '2022-01-28', '2022-01-28', 1),
(287, 'larissa.sanchez@besco.com.mx', 1, 'GYSe$wbExF*m', 1, 1, 1, 1, '2022-01-28', '2022-01-28', 1),
(288, 'laura.galicia@besco.com.mx', 1, 'oRF&sgrk&b2G', 1, 1, 1, 1, '2022-01-28', '2022-01-28', 1),
(289, 'laura.gomez@besco.com.mx', 1, 'yJEbG;nBxLMi', 1, 1, 1, 1, '2022-01-28', '2022-01-28', 1),
(290, 'laura.sanchez@besco.com.mx', 1, 'aa76J{69yzk4', 1, 1, 1, 1, '2021-08-04', '2022-01-28', 1),
(291, 'leihlany.jurado@besco.com.mx', 1, '%N3lz+WyycM4', 1, 1, 1, 1, '2020-02-20', '2022-01-28', 1),
(292, 'lenny.coxtinica@besco.com.mx', 1, '[?P@4#yeKW%2', 1, 1, 1, 1, '2022-01-28', '2022-01-28', 1),
(293, 'leonardo.santamaria@besco.com.mx', 1, '#.ex~V4fQv#a', 1, 1, 1, 1, '2021-04-29', '2022-01-28', 1),
(294, 'lespinosa@besco.com.mx', 1, 'QecI2aYxr9,R', 1, 1, 1, 1, '2022-01-28', '2022-01-28', 1),
(295, 'leticia.machuca@besco.com.mx', 1, 'n4.ro}1..$DX', 1, 1, 1, 1, '2022-01-28', '2022-01-28', 1),
(296, 'lithbia.martinez@besco.com.mx', 1, '}^K@@Et%bxGh', 1, 1, 1, 1, '2019-06-27', '2022-01-28', 1),
(297, 'lizbeth.calixto@besco.com.mx', 1, '?#FkMt712FUg', 1, 1, 1, 1, '2019-06-27', '2022-01-28', 1),
(298, 'lpacheco@besco.com.mx', 1, '4*IJV;4fD{FU', 1, 1, 1, 1, '2022-01-28', '2022-01-28', 1),
(299, 'luis.diazdeleon@besco.com.mx', 1, 'aFT5Bt9Ll[ZR', 1, 1, 1, 1, '2022-01-28', '2022-01-28', 1),
(300, 'luis.enriquez@besco.com.mx', 1, ';YM!35eP8sWp', 1, 1, 1, 1, '2019-12-06', '2022-01-28', 1),
(301, 'luis.garcia@besco.com.mx', 1, '9WxD7PAU){pG', 1, 1, 1, 1, '2020-12-17', '2022-01-28', 1),
(302, 'luis.perez@besco.com.mx', 1, 'Ow&J?Tn-%RT)', 1, 1, 1, 1, '2022-01-28', '2022-01-28', 1),
(303, 'luis.ramirez@besco.com.mx', 1, 'EV;nI*#GtkOG', 1, 1, 1, 1, '2019-04-30', '2022-01-28', 1),
(304, 'luis.romero@besco.com.mx', 1, 'E_3Av&zOgGn2', 1, 1, 1, 1, '2022-01-28', '2022-01-28', 1),
(305, 'luis.vicente@besco.com.mx', 1, '$^6QF]{(XgQ6', 1, 1, 1, 1, '2022-01-28', '2022-01-28', 1),
(306, 'luisa.briseno@besco.com.mx', 1, 'DhM_1eN=u.O*', 1, 1, 1, 1, '2021-08-11', '2022-01-28', 1),
(307, 'luz.carrillo@besco.com.mx', 1, ')$v9jBLX{Eb3', 1, 1, 1, 1, '2018-10-10', '2022-01-28', 1),
(308, 'marco.ibarra@besco.com.mx', 1, 'w*aOvr~bFbq.', 1, 1, 1, 1, '2021-10-11', '2022-01-28', 1),
(309, 'marco.pedraza@besco.com.mx', 1, '}cbVf,HvRKqA', 1, 1, 1, 1, '2020-01-15', '2022-01-28', 1),
(310, 'marco.tapia@besco.com.mx', 1, 'KJ6?[h]{B9qV', 1, 1, 1, 1, '2018-12-31', '2022-01-28', 1),
(311, 'marcos.jimenez@besco.com.mx', 1, 'GrQVGD6_,0{I', 1, 1, 1, 1, '2021-04-19', '2022-01-28', 1),
(312, 'maria.delacruz@besco.com.mx', 1, 'SK4*U1VQ?4,o', 1, 1, 1, 1, '2022-01-28', '2022-01-28', 1),
(313, 'maria.gonzalez@besco.com.mx', 1, 'g?2j75SG1mxl', 1, 1, 1, 1, '2020-02-28', '2022-01-28', 1),
(314, 'mariafernanda.garza@besco.com.mx', 1, '+?h!z7v9,m}d', 1, 1, 1, 1, '2019-05-09', '2022-01-28', 1),
(315, 'mariana.cruz@besco.com.mx', 1, 'qi#g{x4hdQkj', 1, 1, 1, 1, '2021-01-25', '2022-01-28', 1),
(316, 'mariana.franco@besco.com.mx', 1, 'l,Jk)%X~&iwQ', 1, 1, 1, 1, '2021-11-21', '2022-01-28', 1),
(317, 'maribel.garcia@besco.com.mx', 1, 'B8.N(d*!7BLQ', 1, 1, 1, 1, '2022-01-28', '2022-01-28', 1),
(318, 'marisol.tapia@besco.com.mx', 1, 'e1UsNJ2ldeO+', 1, 1, 1, 1, '2022-01-28', '2022-01-28', 1),
(319, 'marketing@besco.com.mx', 1, 'xunK=bftXAvS', 1, 1, 1, 1, '2021-05-07', '2022-01-28', 1),
(320, 'martha.cardenas@besco.com.mx', 1, 'XoK;VuhIlK5n', 1, 1, 1, 1, '2022-01-28', '2022-01-28', 1),
(321, 'martin.hans@besco.com.mx', 1, 'Ikv%(,_DGB}{', 1, 1, 1, 1, '2019-11-05', '2022-01-28', 1),
(322, 'mauricio.flores@besco.com.mx', 1, 'vZepc(=}aN}n', 1, 1, 1, 1, '2021-08-23', '2022-01-28', 1),
(323, 'mauricio.guzman@besco.com.mx', 1, 'B~4x-T%kYqsE', 1, 1, 1, 1, '2021-11-12', '2022-01-28', 1),
(324, 'mayala@besco.com.mx', 1, 'E4l7Zu$-Q(^]', 1, 1, 1, 1, '2022-01-28', '2022-01-28', 1),
(325, 'mayra.cedillo@besco.com.mx', 1, 'ArAefSj]iZIP', 1, 1, 1, 1, '2018-07-12', '2022-01-28', 1),
(326, 'mayra.serrato@besco.com.mx', 1, 'wN8x[Xq#l+z)', 1, 1, 1, 1, '2022-01-28', '2022-01-28', 1),
(327, 'merardo.garcia@besco.com.mx', 1, 'jn_Q^QhMJ5XU', 1, 1, 1, 1, '2021-02-08', '2022-01-28', 1),
(328, 'mesareportesgdl@besco.com.mx', 1, 'M&gimHW=U!U~', 1, 1, 1, 1, '2018-05-18', '2022-01-28', 1),
(329, 'mexico@besco.com.mx', 1, 'Nbc(F!WIdzw&', 1, 1, 1, 1, '2022-01-28', '2022-01-28', 1),
(330, 'mgarcia@besco.com.mx', 1, 'Eotne^A$LCx[', 1, 1, 1, 1, '2022-01-28', '2022-01-28', 1),
(331, 'migdalia.ramirez@besco.com.mx', 1, ';PBp4=0+4=*x', 1, 1, 1, 1, '2021-09-13', '2022-01-28', 1),
(332, 'miguel.peon@besco.com.mx', 1, '6}8kiPu9gdDE', 1, 1, 1, 1, '2021-03-30', '2022-01-28', 1),
(333, 'miguel.ramirez@besco.com.mx', 1, 'EZ_spV&xjw.g', 1, 1, 1, 1, '2019-07-08', '2022-01-28', 1),
(334, 'miguel.sanchez@besco.com.mx', 1, '-Yx8g{3x@77*', 1, 1, 1, 1, '2022-01-28', '2022-01-28', 1),
(335, 'miguel.sanchezdominguez@besco.com.mx', 1, '~,RrBjqpH=3+', 1, 1, 1, 1, '2022-01-28', '2022-01-28', 1),
(336, 'mileydi.montejo@besco.com.mx', 1, 'HiBXFIkCn%Ec', 1, 1, 1, 1, '2022-01-28', '2022-01-28', 1),
(337, 'minerva.martinez@besco.com.mx', 1, 'N2!{*-l$K}6D', 1, 1, 1, 1, '2021-03-26', '2022-01-28', 1),
(338, 'miriam.landin@besco.com.mx', 1, 'kQ$wZgQy{hMW', 1, 1, 1, 1, '2021-10-04', '2022-01-28', 1),
(339, 'miriam.ruiz@besco.com.mx', 1, '#rO32?maMwaV', 1, 1, 1, 1, '2019-04-16', '2022-01-28', 1),
(340, 'mmarquez@besco.com.mx', 1, 'UsMwng-!?Z6+', 1, 1, 1, 1, '2022-01-28', '2022-01-28', 1),
(341, 'moises.madrid@besco.com.mx', 1, 'VL7}B1r_ToKK', 1, 1, 1, 1, '2019-07-08', '2022-01-28', 1),
(342, 'moises.santillanes@besco.com.mx', 1, 'azUw^T{xhWzU', 1, 1, 1, 1, '2021-11-30', '2022-01-28', 1),
(343, 'monica.alvarez@besco.com.mx', 1, 'kak5ZVt4{Vt4', 1, 1, 1, 1, '2019-08-02', '2022-01-28', 1),
(344, 'monica.ortiz@besco.com.mx', 1, '.rfTBok%.0$h', 1, 1, 1, 1, '2020-10-20', '2022-01-28', 1),
(345, 'monica.riascos@besco.com.mx', 1, 't&-kVZrB@}!8', 1, 1, 1, 1, '2022-01-28', '2022-01-28', 1),
(346, 'montserrat.santamaria@besco.com.mx', 1, '%44AX69.~-s$', 1, 1, 1, 1, '2021-11-09', '2022-01-28', 1),
(347, 'mpadilla@besco.com.mx', 1, '0716MPadilla', 1, 1, 1, 1, '2022-01-28', '2022-01-28', 1),
(348, 'mpedraza@besco.com.mx', 1, 'H9Gxe#N[6FL[', 1, 1, 1, 1, '2022-01-28', '2022-01-28', 1),
(349, 'mpliego@besco.com.mx', 1, '[CiW8VN[&h1k', 1, 1, 1, 1, '2022-01-28', '2022-01-28', 1),
(350, 'msegovia@besco.com.mx', 1, 'Q2*$k,I+UcTs', 1, 1, 1, 1, '2022-01-28', '2022-01-28', 1),
(351, 'mtto.microsoft@besco.com.mx', 1, 'A+=5TC*Jxvf321', 1, 1, 1, 1, '2019-09-02', '2022-01-28', 1),
(352, 'nadia.cocom@besco.com.mx', 1, '(!DH?tD!nvb[', 1, 1, 1, 1, '2021-01-07', '2022-01-28', 1),
(353, 'nancy.berber@besco.com.mx', 1, '3ecb$7p%Tv5W', 1, 1, 1, 1, '2019-07-30', '2022-01-28', 1),
(354, 'naomi.tavares@besco.com.mx', 1, '4lW^UDyTZ21W', 1, 1, 1, 1, '2021-11-09', '2022-01-28', 1),
(355, 'nmendoza@besco.com.mx', 1, 'KuHm(jxN3}6%', 1, 1, 1, 1, '2022-01-28', '2022-01-28', 1),
(356, 'noemi.hernandez@besco.com.mx', 1, ',eA}@lpOPSe5', 1, 1, 1, 1, '2021-05-06', '2022-01-28', 1),
(357, 'norberto.torres@besco.com.mx', 1, 'AiT8]v8DEPT]', 1, 1, 1, 1, '2022-01-28', '2022-01-28', 1),
(358, 'oleon@besco.com.mx', 1, ';0qWeiAKejVB', 1, 1, 1, 1, '2020-05-04', '2022-01-28', 1),
(359, 'olga.quezada@besco.com.mx', 1, 'Rd?_Z?!532!x', 1, 1, 1, 1, '2021-10-06', '2022-01-28', 1),
(360, 'olivia.luna@besco.com.mx', 1, '?)d1ask_)_B+', 1, 1, 1, 1, '2022-01-28', '2022-01-28', 1),
(361, 'omar.casas@besco.com.mx', 1, '[Tz3kDzrcHVa', 1, 1, 1, 1, '2020-11-25', '2022-01-28', 1),
(362, 'omar.cerritos@besco.com.mx', 1, 'zAzQY^_qviv*', 1, 1, 1, 1, '2022-01-28', '2022-01-28', 1),
(363, 'oquiroz@besco.com.mx', 1, 'TM5YZ^z6U]%-', 1, 1, 1, 1, '2022-01-28', '2022-01-28', 1),
(364, 'oscar.escudero@besco.com.mx', 1, '!AA+FSNbkg?z', 1, 1, 1, 1, '2019-11-19', '2022-01-28', 1),
(365, 'oscar.lunaherrera@besco.com.mx', 1, '-8IQlA]_5=5?', 1, 1, 1, 1, '2022-01-28', '2022-01-28', 1),
(366, 'oscar.martInez@besco.com.mx', 1, 'L]S2Ic!^ff(o', 1, 1, 1, 1, '2021-08-23', '2022-01-28', 1),
(367, 'oscar.meza@besco.com.mx', 1, '9%ylVzGn~vP)', 1, 1, 1, 1, '2021-12-07', '2022-01-28', 1),
(368, 'oscar.ortega@besco.com.mx', 1, 'gxL(rqzfaGkz', 1, 1, 1, 1, '2022-01-28', '2022-01-28', 1),
(369, 'oscar.paulino@besco.com.mx', 1, 'kZ7Mf[v}zk[G', 1, 1, 1, 1, '2021-11-21', '2022-01-28', 1),
(370, 'paloma.contreras@besco.com.mx', 1, 'cUx!v(,gu@oh', 1, 1, 1, 1, '2022-01-28', '2022-01-28', 1),
(371, 'pamela.garcia@besco.com.mx', 1, 'P}Z.v6OnHVh-', 1, 1, 1, 1, '2021-08-23', '2022-01-28', 1),
(372, 'paola.jimenez@besco.com.mx', 1, 't@nApB&$Xd;#', 1, 1, 1, 1, '2019-04-09', '2022-01-28', 1),
(373, 'patricia.villafan@besco.com.mx', 1, 'GZKk6r@wO[FQ', 1, 1, 1, 1, '2021-08-18', '2022-01-28', 1),
(374, 'paul.vazquez@besco.com.mx', 1, ',w1$rfbUn6(a', 1, 1, 1, 1, '2018-07-16', '2022-01-28', 1),
(375, 'pedro.flores@besco.com.mx', 1, 'y+#WpRvKQ_hD', 1, 1, 1, 1, '2019-11-06', '2022-01-28', 1),
(376, 'pedro.torres@besco.com.mx', 1, 'wX[MXm*$OOV*', 1, 1, 1, 1, '2019-08-21', '2022-01-28', 1),
(377, 'perla.casas@besco.com.mx', 1, 'nKr]Ymz%OaVB', 1, 1, 1, 1, '2022-01-28', '2022-01-28', 1),
(378, 'perla.montejo@besco.com.mx', 1, 'Jm[S=S.$moE$', 1, 1, 1, 1, '2020-11-09', '2022-01-28', 1),
(379, 'polett.rodriguez@besco.com.mx', 1, 'RVUA-R1Y!*8@', 1, 1, 1, 1, '2018-12-21', '2022-01-28', 1),
(380, 'policarpor@besco.com.mx', 1, 'g?FHgbch]qU3', 1, 1, 1, 1, '2022-01-28', '2022-01-28', 1),
(381, 'procedimientos@besco.com.mx', 1, 'cj-8YJKt4#sZ', 1, 1, 1, 1, '2022-01-28', '2022-01-28', 1),
(382, 'proveedores.tic@besco.com.mx', 1, '683$c02017', 1, 1, 1, 1, '2020-05-04', '2022-01-28', 1),
(383, 'proveedores@besco.com.mx', 1, '1#MK$b^Hk0Th', 1, 1, 1, 1, '2022-01-28', '2022-01-28', 1),
(384, 'proveedoresbemex@besco.com.mx', 1, '=Jy#zEzSi?#L', 1, 1, 1, 1, '2018-01-08', '2022-01-28', 1),
(385, 'proveedoresgpobesco@besco.com.mx', 1, 'aW^he01i#uv3', 1, 1, 1, 1, '2018-01-08', '2022-01-28', 1),
(386, 'proyectos1@besco.com.mx', 1, 'GMd~w#WPhH&)', 1, 1, 1, 1, '2019-07-05', '2022-01-28', 1),
(387, 'proyectos2@besco.com.mx', 1, '=8np=8pkx4K1', 1, 1, 1, 1, '2019-07-05', '2022-01-28', 1),
(388, 'rafael.estudillo@besco.com.mx', 1, 'z~ZirgjizX,F', 1, 1, 1, 1, '2022-01-28', '2022-01-28', 1),
(389, 'ramon.arreola@besco.com.mx', 1, '{L{G%#tTjXKA', 1, 1, 1, 1, '2020-12-21', '2022-01-28', 1),
(390, 'ramses.torres@besco.com.mx', 1, 'w;[.;J-$Zpy.', 1, 1, 1, 1, '2022-01-28', '2022-01-28', 1),
(391, 'rcortez@besco.com.mx', 1, 'W*ZIhOKh&J9p', 1, 1, 1, 1, '2022-01-28', '2022-01-28', 1),
(392, 'recepcion@besco.com.mx', 1, 'Jvb9ynspYYD_', 1, 1, 1, 1, '2022-01-28', '2022-01-28', 1),
(393, 'recibo.nomina@besco.com.mx', 1, 'j!uu+YLygvT]', 1, 1, 1, 1, '2020-07-13', '2022-01-28', 1),
(394, 'recursoshumanos@besco.com.mx', 1, 'AgUg_gh8BE4]', 1, 1, 1, 1, '2021-08-19', '2022-01-28', 1),
(395, 'reembolsos@besco.com.mx', 1, 'l;YN;s]BHqrI', 1, 1, 1, 1, '2022-01-28', '2022-01-28', 1),
(396, 'reportes.scotiabank@besco.com.mx', 1, 'HQ-[gd&yq%H+', 1, 1, 1, 1, '2021-08-26', '2022-01-28', 1),
(397, 'reserva.salas@besco.com.mx', 1, '', 1, 1, 1, 1, '2022-01-28', '2022-01-28', 1),
(398, 'respaldos@besco.com.mx', 1, 'R3$p@ld05', 1, 1, 1, 1, '2022-01-28', '2022-01-28', 1),
(399, 'ricardo.fernandez@besco.com.mx', 1, ',qRFDdxot;W}', 1, 1, 1, 1, '2018-12-20', '2022-01-28', 1),
(400, 'roberto.dezatarain@besco.com.mx', 1, '2E$k+T)oGhhI', 1, 1, 1, 1, '2019-10-01', '2022-01-28', 1),
(401, 'roberto.gonzalez@besco.com.mx', 1, 'a^?(F#ALQ(vN', 1, 1, 1, 1, '2020-01-16', '2022-01-28', 1),
(402, 'roberto.sanchez@besco.com.mx', 1, 'Zke}q25N_8)W', 1, 1, 1, 1, '2017-09-28', '2022-01-28', 1),
(403, 'rodolfo.martinez@besco.com.mx', 1, ')Jh^{l$6D(SU', 1, 1, 1, 1, '2019-05-07', '2022-01-28', 1),
(404, 'rodrigo.dominguez@besco.com.mx', 1, 'y,EgGq4U~xxn', 1, 1, 1, 1, '2022-01-28', '2022-01-28', 1),
(405, 'rodrigo.perez@besco.com.mx', 1, '_i$mR7tK&q=X', 1, 1, 1, 1, '2019-09-23', '2022-01-28', 1),
(406, 'rosario.mateo@besco.com.mx', 1, '$&u1I,n.hPAI', 1, 1, 1, 1, '2020-12-03', '2022-01-28', 1),
(407, 'rvital@besco.com.mx', 1, 'y[5L-5pJLpPU', 1, 1, 1, 1, '2022-01-28', '2022-01-28', 1),
(408, 'sabas.santes@besco.com.mx', 1, '~a-;!fS,)~63', 1, 1, 1, 1, '2021-06-01', '2022-01-28', 1),
(409, 'sabino.maguey@besco.com.mx', 1, ')G;p.L3*_KS_', 1, 1, 1, 1, '2021-01-12', '2022-01-28', 1),
(410, 'sahamara.badilla@besco.com.mx', 1, 'hRE{{%Ygn-Yl', 1, 1, 1, 1, '2020-07-06', '2022-01-28', 1),
(411, 'sandra.soto@besco.com.mx', 1, '#LB-~vn2,aCz', 1, 1, 1, 1, '2020-06-25', '2022-01-28', 1),
(412, 'sandy.licona@besco.com.mx', 1, 'T}zh${pA+QbK', 1, 1, 1, 1, '2019-03-11', '2022-01-28', 1),
(413, 'saul.lopez@besco.com.mx', 1, 'yNR}sV3e1d,q', 1, 1, 1, 1, '2020-11-19', '2022-01-28', 1),
(414, 'selene.ovando@besco.com.mx', 1, '{Ff_S_QZW2uc', 1, 1, 1, 1, '2019-10-26', '2022-01-28', 1),
(415, 'sergio.portilla@besco.com.mx', 1, '?Q?bC3;^XZ{i', 1, 1, 1, 1, '2019-09-19', '2022-01-28', 1),
(416, 'silvia.romo@besco.com.mx', 1, 'kSS+zKr&#0Zx', 1, 1, 1, 1, '2019-07-04', '2022-01-28', 1),
(417, 'sinahi.mendez@besco.com.mx', 1, 'r[%OwV_#y4=S', 1, 1, 1, 1, '2020-05-04', '2022-01-28', 1),
(418, 'sinai.miam@besco.com.mx', 1, 'ki4i4+aUH+#a', 1, 1, 1, 1, '2021-01-22', '2022-01-28', 1),
(419, 'sistemas@besco.com.mx', 1, '683$c0$1573M@5', 1, 1, 1, 1, '2022-01-28', '2022-01-28', 1),
(420, 'soporte.tic@besco.com.mx', 1, '683$c02017', 1, 1, 1, 1, '2022-01-28', '2022-01-28', 1),
(421, 'stefany.hernandez@besco.com.mx', 1, 'QI(&^j(yWI[}', 1, 1, 1, 1, '2022-01-28', '2022-01-28', 1),
(422, 'supervisores.mty@besco.com.mx', 1, 'ox(!RQeh-s}C', 1, 1, 1, 1, '2021-04-29', '2022-01-28', 1),
(423, 'susana.riveros@besco.com.mx', 1, 'uWTs}}FTh*T;', 1, 1, 1, 1, '2022-01-28', '2022-01-28', 1),
(424, 'teodora.soteno@besco.com.mx', 1, 'm%anS^)jaHoD', 1, 1, 1, 1, '2019-08-05', '2022-01-28', 1),
(425, 'teresa.islas@besco.com.mx', 1, 'h}l_+f%FKxNB', 1, 1, 1, 1, '2022-01-28', '2022-01-28', 1),
(426, 'teresita.reyes@besco.com.mx', 1, 'bON[Lt,O+WrN', 1, 1, 1, 1, '2021-11-04', '2022-01-28', 1),
(427, 'thadia.chang@besco.com.mx', 1, 'U4~^%3w9Fk)b', 1, 1, 1, 1, '2019-02-11', '2022-01-28', 1),
(428, 'thalia.cervantes@besco.com.mx', 1, 'J_E#03Dmsv07', 1, 1, 1, 1, '2021-08-18', '2022-01-28', 1),
(429, 'uretiz@besco.com.mx', 1, 'MLu,dKd^mDpN', 1, 1, 1, 1, '2022-01-28', '2022-01-28', 1),
(430, 'vacantesbajio@besco.com.mx  ', 1, 'H]RW-kL)RVo{', 1, 1, 1, 1, '2022-01-28', '2022-01-28', 1),
(431, 'vacantescentro@besco.com.mx', 1, 'DcTpZ#K$jX9{', 1, 1, 1, 1, '2022-01-28', '2022-01-28', 1),
(432, 'vacantesgolfo@besco.com.mx ', 1, '2GWH($Of!Fv&', 1, 1, 1, 1, '2022-01-28', '2022-01-28', 1),
(433, 'vacantesnoreste@besco.com.mx ', 1, 'mM[.zm(lGptv', 1, 1, 1, 1, '2022-01-28', '2022-01-28', 1),
(434, 'vacantesnoroeste@besco.com.mx', 1, '+iO~ZN5=l-b5', 1, 1, 1, 1, '2022-01-28', '2022-01-28', 1),
(435, 'vacantesoccidente@besco.com.mx', 1, '0-.dO_?;zIwH', 1, 1, 1, 1, '2022-01-28', '2022-01-28', 1),
(436, 'vacantessureste@besco.com.mx  ', 1, ' f^.3X=[^]y6n ', 1, 1, 1, 1, '2022-01-28', '2022-01-28', 1),
(437, 'ventas@besco.com.mx', 1, 'OepBI0#uB(X(', 1, 1, 1, 1, '2022-01-28', '2022-01-28', 1),
(438, 'vianey.jimeno@besco.com.mx', 1, 'hC~vZVbH3]e-', 1, 1, 1, 1, '2021-08-13', '2022-01-28', 1),
(439, 'victor.almazan@besco.com.mx', 1, '%}+vqg_u}VO[  ', 1, 1, 1, 1, '2021-11-03', '2022-01-28', 1),
(440, 'victor.mena@besco.com.mx', 1, 'SeRZ)?Ke@#Zi', 1, 1, 1, 1, '2022-01-28', '2022-01-28', 1),
(441, 'victor.solis@besco.com.mx', 1, 'ES]TYk*LB1?C', 1, 1, 1, 1, '2019-05-08', '2022-01-28', 1),
(442, 'victoria.lopez@besco.com.mx', 1, 'hj8ili&*Z)o*', 1, 1, 1, 1, '2022-01-28', '2022-01-28', 1),
(443, 'violeta.martinez@besco.com.mx', 1, 'GUYrAHQ]X?wT', 1, 1, 1, 1, '2021-12-28', '2022-01-28', 1),
(444, 'virginia.lopez@besco.com.mx', 1, '3S.{W28XOv*;', 1, 1, 1, 1, '2019-07-24', '2022-01-28', 1),
(445, 'webmaster@besco.com.mx', 1, '683$c02017', 1, 1, 1, 1, '2022-01-28', '2022-01-28', 1),
(446, 'xherrera@besco.com.mx', 1, 'EKafOjhZ;VqN', 1, 1, 1, 1, '2022-01-28', '2022-01-28', 1),
(447, 'xiomara.balderas@besco.com.mx', 1, 'gooURk?.eR=$', 1, 1, 1, 1, '2019-06-05', '2022-01-28', 1),
(448, 'yadira.luis@besco.com.mx', 1, 'du5oZ[hx+1gD', 1, 1, 1, 1, '2022-01-28', '2022-01-28', 1),
(449, 'yadira.meza@besco.com.mx', 1, 'ogbHN5lEBpi;', 1, 1, 1, 1, '2018-07-14', '2022-01-28', 1),
(450, 'yemi.pena@besco.com.mx', 1, 'nu*ctgNc&DDC', 1, 1, 1, 1, '2022-01-28', '2022-01-28', 1),
(451, 'yesenia.gomez@besco.com.mx', 1, 'OJqcZRJ_hH*T', 1, 1, 1, 1, '2022-01-28', '2022-01-28', 1),
(452, 'yesenia.lopez@besco.com.mx', 1, '=dmW#7JqSlk{', 1, 1, 1, 1, '2020-10-12', '2022-01-28', 1),
(453, 'yessica.hernandez@besco.com.mx', 1, 'g+f}kp]hMPtV', 1, 1, 1, 1, '2022-01-28', '2022-01-28', 1),
(454, 'yuri.tun@besco.com.mx', 1, 'w;HU2AMaPE0M', 1, 1, 1, 1, '2018-12-17', '2022-01-28', 1),
(455, 'yuridiana.perez@besco.com.mx', 1, '_R4vjHV6z#I#', 1, 1, 1, 1, '2022-01-28', '2022-01-28', 1),
(456, 'mariana.trejo@besco.com.mx', 1, '(VzFJ#p(PE=l', 1, 1, 1, 1, '2021-01-20', '2022-01-28', 1),
(457, 'fernando.barriga@besco.com.mx', 1, 'G,bs;%kEx1iE', 1, 1, 1, 1, '2022-01-25', '2022-01-28', 1),
(458, 'hector.bernal@besco.com.mx', 1, 'a2GTt+e;8F_=', 1, 1, 1, 1, '2022-01-28', '2022-02-09', 3);

-- --------------------------------------------------------

--
-- Estructura de tabla para la tabla `correos_asignacion`
--

CREATE TABLE `correos_asignacion` (
  `id` int(11) NOT NULL,
  `id_usuario` int(11) NOT NULL,
  `id_correo` int(11) NOT NULL,
  `entrega` date NOT NULL,
  `devolucion` date DEFAULT NULL,
  `id_tipoAsignacion` int(11) NOT NULL,
  `id_estado` int(11) NOT NULL,
  `fechaRegistro` date NOT NULL,
  `fechaModificacion` date NOT NULL
) ENGINE=InnoDB DEFAULT CHARSET=utf8mb4;

--
-- Volcado de datos para la tabla `correos_asignacion`
--

INSERT INTO `correos_asignacion` (`id`, `id_usuario`, `id_correo`, `entrega`, `devolucion`, `id_tipoAsignacion`, `id_estado`, `fechaRegistro`, `fechaModificacion`) VALUES
(1, 204, 146, '2022-01-29', NULL, 1, 1, '2022-01-29', '2022-01-29'),
(2, 30, 9, '2022-01-29', NULL, 1, 1, '2022-01-29', '2022-01-29'),
(3, 147, 10, '2022-01-29', NULL, 1, 1, '2022-01-29', '2022-01-29'),
(4, 188, 2, '2022-01-29', NULL, 1, 1, '2022-01-29', '2022-01-29'),
(5, 141, 20, '2022-01-29', NULL, 1, 1, '2022-01-29', '2022-01-29'),
(6, 33, 21, '2022-01-29', NULL, 1, 1, '2022-01-29', '2022-01-29'),
(7, 37, 25, '2022-01-29', NULL, 1, 1, '2022-01-29', '2022-01-29'),
(8, 10, 26, '2022-01-29', NULL, 1, 1, '2022-01-29', '2022-01-29'),
(9, 97, 27, '2022-01-29', NULL, 1, 1, '2022-01-29', '2022-01-29'),
(10, 95, 73, '2022-01-29', NULL, 1, 1, '2022-01-29', '2022-01-29'),
(11, 198, 31, '2022-01-29', NULL, 1, 1, '2022-01-29', '2022-01-29'),
(12, 174, 32, '2022-01-29', NULL, 1, 1, '2022-01-29', '2022-01-29'),
(13, 150, 34, '2022-01-29', NULL, 1, 1, '2022-01-29', '2022-01-29'),
(14, 1, 41, '2022-01-29', NULL, 1, 1, '2022-01-29', '2022-01-29'),
(15, 107, 42, '2022-01-29', NULL, 1, 1, '2022-01-29', '2022-01-29'),
(16, 181, 43, '2022-01-29', NULL, 1, 1, '2022-01-29', '2022-01-29'),
(17, 72, 76, '2022-01-29', NULL, 1, 1, '2022-01-29', '2022-01-29'),
(18, 175, 83, '2022-01-29', NULL, 1, 1, '2022-01-29', '2022-01-29'),
(19, 195, 88, '2022-01-29', NULL, 1, 1, '2022-01-29', '2022-01-29'),
(20, 127, 93, '2022-01-29', NULL, 1, 1, '2022-01-29', '2022-01-29'),
(21, 3, 94, '2022-01-29', NULL, 1, 1, '2022-01-29', '2022-01-29'),
(22, 129, 90, '2022-01-29', NULL, 1, 1, '2022-01-29', '2022-01-29'),
(23, 179, 91, '2022-01-29', NULL, 1, 1, '2022-01-29', '2022-01-29'),
(24, 80, 423, '2022-01-29', NULL, 1, 1, '2022-01-29', '2022-01-29'),
(25, 20, 97, '2022-01-29', NULL, 1, 1, '2022-01-29', '2022-01-29'),
(26, 60, 100, '2022-01-29', NULL, 1, 1, '2022-01-29', '2022-01-29'),
(27, 142, 101, '2022-01-29', NULL, 1, 1, '2022-01-29', '2022-01-29'),
(28, 235, 101, '2022-01-29', NULL, 1, 1, '2022-01-29', '2022-01-29'),
(29, 151, 102, '2022-01-29', NULL, 1, 1, '2022-01-29', '2022-01-29'),
(30, 13, 105, '2022-01-29', NULL, 1, 1, '2022-01-29', '2022-01-29'),
(31, 197, 103, '2022-01-29', NULL, 1, 1, '2022-01-29', '2022-01-29'),
(32, 225, 103, '2022-01-29', NULL, 1, 1, '2022-01-29', '2022-01-29'),
(33, 201, 106, '2022-01-29', NULL, 1, 1, '2022-01-29', '2022-01-29'),
(34, 46, 107, '2022-01-29', NULL, 1, 1, '2022-01-29', '2022-01-29'),
(35, 15, 110, '2022-01-29', NULL, 1, 1, '2022-01-29', '2022-01-29'),
(36, 75, 114, '2022-01-29', NULL, 1, 1, '2022-01-29', '2022-01-29'),
(37, 75, 129, '2022-01-29', NULL, 1, 1, '2022-01-29', '2022-01-29'),
(38, 24, 116, '2022-01-29', NULL, 1, 1, '2022-01-29', '2022-01-29'),
(39, 140, 123, '2022-01-29', NULL, 1, 1, '2022-01-29', '2022-01-29'),
(40, 25, 124, '2022-01-29', NULL, 1, 1, '2022-01-29', '2022-01-29'),
(41, 38, 127, '2022-01-29', NULL, 1, 1, '2022-01-29', '2022-01-29'),
(42, 61, 128, '2022-01-29', NULL, 1, 1, '2022-01-29', '2022-01-29'),
(43, 16, 126, '2022-01-29', NULL, 1, 1, '2022-01-29', '2022-01-29'),
(44, 26, 131, '2022-01-29', NULL, 1, 1, '2022-01-29', '2022-01-29'),
(45, 171, 133, '2022-01-29', NULL, 1, 1, '2022-01-29', '2022-01-29'),
(46, 172, 417, '2022-01-29', NULL, 1, 1, '2022-01-29', '2022-01-29'),
(47, 81, 136, '2022-01-29', NULL, 1, 1, '2022-01-29', '2022-01-29'),
(48, 106, 137, '2022-01-29', NULL, 1, 1, '2022-01-29', '2022-01-29'),
(49, 165, 443, '2022-01-29', NULL, 1, 1, '2022-01-29', '2022-01-29'),
(50, 152, 144, '2022-01-29', NULL, 1, 1, '2022-01-29', '2022-01-29'),
(51, 128, 148, '2022-01-29', NULL, 1, 1, '2022-01-29', '2022-01-29'),
(52, 56, 16, '2022-01-29', NULL, 1, 1, '2022-01-29', '2022-01-29'),
(53, 31, 161, '2022-01-29', NULL, 1, 1, '2022-01-29', '2022-01-29'),
(54, 205, 162, '2022-01-29', NULL, 1, 1, '2022-01-29', '2022-01-29'),
(55, 87, 164, '2022-01-29', NULL, 1, 1, '2022-01-29', '2022-01-29'),
(56, 130, 165, '2022-01-29', NULL, 1, 1, '2022-01-29', '2022-01-29'),
(57, 153, 169, '2022-01-29', NULL, 1, 1, '2022-01-29', '2022-01-29'),
(58, 193, 172, '2022-01-29', NULL, 1, 1, '2022-01-29', '2022-01-29'),
(59, 17, 176, '2022-01-29', NULL, 1, 1, '2022-01-29', '2022-01-29'),
(60, 23, 177, '2022-01-29', NULL, 1, 1, '2022-01-29', '2022-01-29'),
(61, 154, 178, '2022-01-29', NULL, 1, 1, '2022-01-29', '2022-01-29'),
(62, 192, 182, '2022-01-29', NULL, 1, 1, '2022-01-29', '2022-01-29'),
(63, 133, 189, '2022-01-29', NULL, 1, 1, '2022-01-29', '2022-01-29'),
(64, 202, 186, '2022-01-29', NULL, 1, 1, '2022-01-29', '2022-01-29'),
(65, 155, 190, '2022-01-29', NULL, 1, 1, '2022-01-29', '2022-01-29'),
(66, 145, 194, '2022-01-29', NULL, 1, 1, '2022-01-29', '2022-01-29'),
(67, 161, 193, '2022-01-29', NULL, 1, 1, '2022-01-29', '2022-01-29'),
(68, 82, 195, '2022-01-29', NULL, 1, 1, '2022-01-29', '2022-01-29'),
(69, 65, 197, '2022-01-29', NULL, 1, 1, '2022-01-29', '2022-01-29'),
(70, 96, 205, '2022-01-29', NULL, 1, 1, '2022-01-29', '2022-01-29'),
(71, 196, 208, '2022-01-29', NULL, 1, 1, '2022-01-29', '2022-01-29'),
(72, 196, 103, '2022-01-29', NULL, 1, 1, '2022-01-29', '2022-01-29'),
(73, 236, 360, '2022-01-29', NULL, 1, 1, '2022-01-29', '2022-01-29'),
(74, 167, 209, '2022-01-29', NULL, 1, 1, '2022-01-29', '2022-01-29'),
(75, 88, 211, '2022-01-29', NULL, 1, 1, '2022-01-29', '2022-01-29'),
(76, 66, 215, '2022-01-29', NULL, 1, 1, '2022-01-29', '2022-01-29'),
(77, 119, 215, '2022-01-29', NULL, 1, 1, '2022-01-29', '2022-01-29'),
(78, 162, 218, '2022-01-29', NULL, 1, 1, '2022-01-29', '2022-01-29'),
(79, 103, 220, '2022-01-29', NULL, 1, 1, '2022-01-29', '2022-01-29'),
(80, 180, 219, '2022-01-29', NULL, 1, 1, '2022-01-29', '2022-01-29'),
(81, 218, 219, '2022-01-29', NULL, 1, 1, '2022-01-29', '2022-01-29'),
(82, 67, 222, '2022-01-29', NULL, 1, 1, '2022-01-29', '2022-01-29'),
(83, 40, 231, '2022-01-29', NULL, 1, 1, '2022-01-29', '2022-01-29'),
(84, 176, 234, '2022-01-29', NULL, 1, 1, '2022-01-29', '2022-01-29'),
(85, 187, 236, '2022-01-29', NULL, 1, 1, '2022-01-29', '2022-01-29'),
(86, 169, 237, '2022-01-29', NULL, 1, 1, '2022-01-29', '2022-01-29'),
(87, 2, 241, '2022-01-29', NULL, 1, 1, '2022-01-29', '2022-01-29'),
(88, 186, 240, '2022-01-29', NULL, 1, 1, '2022-01-29', '2022-01-29'),
(89, 139, 247, '2022-01-29', NULL, 1, 1, '2022-01-29', '2022-01-29'),
(90, 203, 246, '2022-01-29', NULL, 1, 1, '2022-01-29', '2022-01-29'),
(91, 159, 250, '2022-01-29', NULL, 1, 1, '2022-01-29', '2022-01-29'),
(92, 138, 18, '2022-01-29', NULL, 1, 1, '2022-01-29', '2022-01-29'),
(93, 5, 252, '2022-01-29', NULL, 1, 1, '2022-01-29', '2022-01-29'),
(94, 68, 255, '2022-01-29', NULL, 1, 1, '2022-01-29', '2022-01-29'),
(95, 194, 251, '2022-01-29', NULL, 1, 1, '2022-01-29', '2022-01-29'),
(96, 41, 37, '2022-01-29', NULL, 1, 1, '2022-01-29', '2022-01-29'),
(97, 134, 167, '2022-01-29', NULL, 1, 1, '2022-01-29', '2022-01-29'),
(98, 48, 28, '2022-01-29', NULL, 1, 1, '2022-01-29', '2022-01-29'),
(99, 191, 389, '2022-01-29', NULL, 1, 1, '2022-01-29', '2022-01-29'),
(100, 98, 261, '2022-01-29', NULL, 1, 1, '2022-01-29', '2022-01-29'),
(101, 47, 263, '2022-01-29', NULL, 1, 1, '2022-01-29', '2022-01-29'),
(102, 185, 264, '2022-01-29', NULL, 1, 1, '2022-01-29', '2022-01-29'),
(103, 86, 265, '2022-01-29', NULL, 1, 1, '2022-01-29', '2022-01-29'),
(104, 53, 113, '2022-01-29', NULL, 1, 1, '2022-01-29', '2022-01-29'),
(105, 22, 272, '2022-01-29', NULL, 1, 1, '2022-01-29', '2022-01-29'),
(106, 190, 242, '2022-01-29', NULL, 1, 1, '2022-01-29', '2022-01-29'),
(107, 168, 275, '2022-01-29', NULL, 1, 1, '2022-01-29', '2022-01-29'),
(108, 144, 276, '2022-01-29', NULL, 1, 1, '2022-01-29', '2022-01-29'),
(109, 89, 277, '2022-01-29', NULL, 1, 1, '2022-01-29', '2022-01-29'),
(110, 177, 274, '2022-01-29', NULL, 1, 1, '2022-01-29', '2022-01-29'),
(111, 57, 278, '2022-01-29', NULL, 1, 1, '2022-01-29', '2022-01-29'),
(112, 69, 281, '2022-01-29', NULL, 1, 1, '2022-01-29', '2022-01-29'),
(113, 207, 422, '2022-01-29', NULL, 1, 1, '2022-01-29', '2022-01-29'),
(114, 189, 283, '2022-01-29', NULL, 1, 1, '2022-01-29', '2022-01-29'),
(115, 84, 284, '2022-01-29', NULL, 1, 1, '2022-01-29', '2022-01-29'),
(116, 9, 11, '2022-01-29', NULL, 1, 1, '2022-01-29', '2022-01-29'),
(117, 58, 294, '2022-01-29', NULL, 1, 1, '2022-01-29', '2022-01-29'),
(118, 109, 303, '2022-01-29', NULL, 1, 1, '2022-01-29', '2022-01-29'),
(119, 156, 304, '2022-01-29', NULL, 1, 1, '2022-01-29', '2022-01-29'),
(120, 62, 306, '2022-01-29', NULL, 1, 1, '2022-01-29', '2022-01-29'),
(121, 173, 307, '2022-01-29', NULL, 1, 1, '2022-01-29', '2022-01-29'),
(122, 42, 308, '2022-01-29', NULL, 1, 1, '2022-01-29', '2022-01-29'),
(123, 59, 349, '2022-01-29', NULL, 1, 1, '2022-01-29', '2022-01-29'),
(124, 18, 185, '2022-01-29', NULL, 1, 1, '2022-01-29', '2022-01-29'),
(125, 83, 200, '2022-01-29', NULL, 1, 1, '2022-01-29', '2022-01-29'),
(126, 50, 207, '2022-01-29', NULL, 1, 1, '2022-01-29', '2022-01-29'),
(127, 157, 229, '2022-01-29', NULL, 1, 1, '2022-01-29', '2022-01-29'),
(128, 184, 425, '2022-01-29', NULL, 1, 1, '2022-01-29', '2022-01-29'),
(129, 70, 444, '2022-01-29', NULL, 1, 1, '2022-01-29', '2022-01-29'),
(130, 35, 315, '2022-01-29', NULL, 1, 1, '2022-01-29', '2022-01-29'),
(131, 36, 212, '2022-01-29', NULL, 1, 1, '2022-01-29', '2022-01-29'),
(132, 49, 317, '2022-01-29', NULL, 1, 1, '2022-01-29', '2022-01-29'),
(133, 158, 320, '2022-01-29', NULL, 1, 1, '2022-01-29', '2022-01-29'),
(134, 100, 323, '2022-01-29', NULL, 1, 1, '2022-01-29', '2022-01-29'),
(135, 63, 322, '2022-01-29', NULL, 1, 1, '2022-01-29', '2022-01-29'),
(136, 27, 325, '2022-01-29', NULL, 1, 1, '2022-01-29', '2022-01-29'),
(137, 131, 332, '2022-01-29', NULL, 1, 1, '2022-01-29', '2022-01-29'),
(138, 149, 121, '2022-01-29', NULL, 1, 1, '2022-01-29', '2022-01-29'),
(139, 7, 340, '2022-01-29', NULL, 1, 1, '2022-01-29', '2022-01-29'),
(140, 32, 338, '2022-01-29', NULL, 1, 1, '2022-01-29', '2022-01-29'),
(141, 11, 339, '2022-01-29', NULL, 1, 1, '2022-01-29', '2022-01-29'),
(142, 170, 341, '2022-01-29', NULL, 1, 1, '2022-01-29', '2022-01-29'),
(143, 71, 343, '2022-01-29', NULL, 1, 1, '2022-01-29', '2022-01-29'),
(144, 43, 344, '2022-01-29', NULL, 1, 1, '2022-01-29', '2022-01-29'),
(145, 132, 352, '2022-01-29', NULL, 1, 1, '2022-01-29', '2022-01-29'),
(146, 111, 77, '2022-01-29', NULL, 1, 1, '2022-01-29', '2022-01-29'),
(147, 79, 355, '2022-01-29', NULL, 1, 1, '2022-01-29', '2022-01-29'),
(148, 73, 353, '2022-01-29', NULL, 1, 1, '2022-01-29', '2022-01-29'),
(149, 199, 354, '2022-01-29', NULL, 1, 1, '2022-01-29', '2022-01-29'),
(150, 77, 356, '2022-01-29', NULL, 1, 1, '2022-01-29', '2022-01-29'),
(151, 178, 362, '2022-01-29', NULL, 1, 1, '2022-01-29', '2022-01-29'),
(152, 29, 364, '2022-01-29', NULL, 1, 1, '2022-01-29', '2022-01-29'),
(153, 28, 368, '2022-01-29', NULL, 1, 1, '2022-01-29', '2022-01-29'),
(154, 4, 363, '2022-01-29', NULL, 1, 1, '2022-01-29', '2022-01-29'),
(155, 163, 369, '2022-01-29', NULL, 1, 1, '2022-01-29', '2022-01-29'),
(156, 99, 373, '2022-01-29', NULL, 1, 1, '2022-01-29', '2022-01-29'),
(157, 94, 375, '2022-01-29', NULL, 1, 1, '2022-01-29', '2022-01-29'),
(158, 6, 377, '2022-01-29', NULL, 1, 1, '2022-01-29', '2022-01-29'),
(159, 90, 380, '2022-01-29', NULL, 1, 1, '2022-01-29', '2022-01-29'),
(160, 260, 367, '2022-01-29', NULL, 1, 1, '2022-01-29', '2022-01-29'),
(161, 164, 388, '2022-01-29', NULL, 1, 1, '2022-01-29', '2022-01-29'),
(162, 183, 39, '2022-01-29', NULL, 1, 1, '2022-01-29', '2022-01-29'),
(163, 55, 391, '2022-01-29', NULL, 1, 1, '2022-01-29', '2022-01-29'),
(164, 146, 407, '2022-01-29', NULL, 1, 1, '2022-01-29', '2022-01-29'),
(165, 93, 403, '2022-01-29', NULL, 1, 1, '2022-01-29', '2022-01-29'),
(166, 14, 405, '2022-01-29', NULL, 1, 1, '2022-01-29', '2022-01-29'),
(167, 19, 408, '2022-01-29', NULL, 1, 1, '2022-01-29', '2022-01-29'),
(168, 12, 345, '2022-01-29', NULL, 1, 1, '2022-01-29', '2022-01-29'),
(169, 54, 412, '2022-01-29', NULL, 1, 1, '2022-01-29', '2022-01-29'),
(170, 78, 413, '2022-01-31', NULL, 1, 1, '2022-01-31', '2022-01-31');

-- --------------------------------------------------------

--
-- Estructura de tabla para la tabla `correos_estados`
--

CREATE TABLE `correos_estados` (
  `id` int(1) NOT NULL,
  `nombre` text DEFAULT NULL,
  `id_estado` int(1) DEFAULT NULL,
  `fechaRegistro` date DEFAULT NULL,
  `fechaModificacion` date DEFAULT NULL
) ENGINE=Aria DEFAULT CHARSET=utf8;

--
-- Volcado de datos para la tabla `correos_estados`
--

INSERT INTO `correos_estados` (`id`, `nombre`, `id_estado`, `fechaRegistro`, `fechaModificacion`) VALUES
(1, 'ACTIVO', 1, '2022-01-28', '2022-01-28'),
(2, 'DESACTIVADO', 1, '2022-02-03', '2022-02-03');

-- --------------------------------------------------------

--
-- Estructura de tabla para la tabla `correos_provedores`
--

CREATE TABLE `correos_provedores` (
  `id` int(11) NOT NULL,
  `nombre` text NOT NULL,
  `id_tipo` int(11) NOT NULL,
  `fechaRegistro` date NOT NULL,
  `fechaModificacion` date NOT NULL,
  `id_estado` int(11) NOT NULL,
  `id_administrador` int(11) NOT NULL
) ENGINE=InnoDB DEFAULT CHARSET=utf8mb4;

--
-- Volcado de datos para la tabla `correos_provedores`
--

INSERT INTO `correos_provedores` (`id`, `nombre`, `id_tipo`, `fechaRegistro`, `fechaModificacion`, `id_estado`, `id_administrador`) VALUES
(1, 'GMAIL', 2, '2022-01-29', '2022-03-21', 1, 0),
(2, 'HOSTDIME', 1, '2022-02-09', '2022-03-21', 1, 0);

-- --------------------------------------------------------

--
-- Estructura de tabla para la tabla `correos_tipos`
--

CREATE TABLE `correos_tipos` (
  `id` int(11) NOT NULL,
  `id_estado` int(11) NOT NULL,
  `nombre` text NOT NULL,
  `fechaRegistro` date NOT NULL,
  `fechaModificacion` date NOT NULL,
  `id_administrador` int(11) NOT NULL
) ENGINE=InnoDB DEFAULT CHARSET=utf8mb4;

--
-- Volcado de datos para la tabla `correos_tipos`
--

INSERT INTO `correos_tipos` (`id`, `id_estado`, `nombre`, `fechaRegistro`, `fechaModificacion`, `id_administrador`) VALUES
(1, 1, 'INSTITUCIONAL', '2022-01-28', '2022-03-21', 0),
(2, 1, 'COMERCIAL', '2022-01-28', '2022-01-28', 3);

-- --------------------------------------------------------

--
-- Estructura de tabla para la tabla `correo_utilidades`
--

CREATE TABLE `correo_utilidades` (
  `id` int(11) NOT NULL,
  `nombre` text NOT NULL,
  `id_provedor` int(11) NOT NULL,
  `id_tipo` int(11) NOT NULL,
  `id_administrador` int(11) NOT NULL,
  `fechaDeRegistro` date NOT NULL,
  `fechaModificacion` date NOT NULL,
  `id_estado` int(11) NOT NULL
) ENGINE=InnoDB DEFAULT CHARSET=utf8mb4;

--
-- Volcado de datos para la tabla `correo_utilidades`
--

INSERT INTO `correo_utilidades` (`id`, `nombre`, `id_provedor`, `id_tipo`, `id_administrador`, `fechaDeRegistro`, `fechaModificacion`, `id_estado`) VALUES
(1, 'PERSONAL', 1, 1, 3, '2022-01-28', '2022-01-28', 1),
(2, 'PRUEBA', 3, 1, 3, '2022-01-28', '2022-01-28', 1),
(3, 'DRIVE', 2, 2, 3, '2022-01-29', '2022-01-29', 1);

-- --------------------------------------------------------

--
-- Estructura de tabla para la tabla `denied_access`
--

CREATE TABLE `denied_access` (
  `ai` int(10) UNSIGNED NOT NULL,
  `ip_address` varchar(45) NOT NULL,
  `time` datetime NOT NULL,
  `reason_code` tinyint(1) UNSIGNED DEFAULT 0
) ENGINE=MyISAM DEFAULT CHARSET=utf8;

-- --------------------------------------------------------

--
-- Estructura de tabla para la tabla `documentos_usuario`
--

CREATE TABLE `documentos_usuario` (
  `id` int(11) NOT NULL,
  `url` text NOT NULL,
  `id_usuario` int(11) NOT NULL,
  `fechaDeRegistro` date NOT NULL,
  `fechaDeModificacion` date NOT NULL
) ENGINE=InnoDB DEFAULT CHARSET=utf8mb4;

--
-- Volcado de datos para la tabla `documentos_usuario`
--

INSERT INTO `documentos_usuario` (`id`, `url`, `id_usuario`, `fechaDeRegistro`, `fechaDeModificacion`) VALUES
(1, 'Usuario-22.pdf', 22, '2022-02-21', '2022-02-21'),
(2, 'Usuario-27.pdf', 27, '2022-02-21', '2022-02-21'),
(3, 'Usuario-44.pdf', 44, '2022-02-21', '2022-02-21'),
(4, 'Usuario-53.pdf', 53, '2022-02-21', '2022-02-21'),
(5, 'Usuario-54.pdf', 54, '2022-02-21', '2022-02-21'),
(6, 'Usuario-58.pdf', 58, '2022-02-21', '2022-02-21'),
(7, 'Usuario-59.pdf', 59, '2022-02-21', '2022-02-21'),
(8, 'Usuario-60.pdf', 60, '2022-02-21', '2022-02-21'),
(9, 'Usuario-63.pdf', 63, '2022-02-21', '2022-02-21'),
(10, 'Usuario-64.pdf', 64, '2022-02-21', '2022-02-21'),
(11, 'Usuario-66.pdf', 66, '2022-02-21', '2022-02-21'),
(12, 'Usuario-67.pdf', 67, '2022-02-21', '2022-02-21'),
(13, 'Usuario-68.pdf', 68, '2022-02-21', '2022-02-21'),
(14, 'Usuario-72.pdf', 72, '2022-02-21', '2022-02-21'),
(15, 'Usuario-103.pdf', 103, '2022-02-21', '2022-02-21'),
(16, 'Usuario-159.pdf', 159, '2022-02-21', '2022-02-21'),
(17, 'Usuario-162.pdf', 162, '2022-02-21', '2022-02-21'),
(18, 'Usuario-164.pdf', 164, '2022-02-21', '2022-02-21'),
(19, 'Usuario-165.pdf', 165, '2022-02-21', '2022-02-21'),
(20, 'Usuario-167.pdf', 167, '2022-02-21', '2022-02-21'),
(21, 'Usuario-188.pdf', 188, '2022-02-21', '2022-02-21'),
(22, 'Usuario-190.pdf', 190, '2022-02-21', '2022-02-21'),
(23, 'Usuario-260.pdf', 260, '2022-02-21', '2022-02-21'),
(24, 'Usuario-166.pdf', 166, '2022-02-22', '2022-02-22'),
(25, 'Usuario-171.pdf', 171, '2022-02-22', '2022-02-22'),
(26, 'Usuario-282.pdf', 282, '2022-02-22', '2022-02-22'),
(27, 'Usuario-281.pdf', 281, '2022-02-22', '2022-02-22'),
(28, 'Usuario-93.pdf', 93, '2022-02-22', '2022-02-22'),
(29, 'Usuario-92.pdf', 92, '2022-02-22', '2022-02-22'),
(30, 'Usuario-193.pdf', 193, '2022-02-22', '2022-02-22'),
(31, 'Usuario-21.pdf', 21, '2022-02-22', '2022-02-22'),
(32, 'Usuario-119.pdf', 119, '2022-02-22', '2022-02-22'),
(33, 'Usuario-280.pdf', 280, '2022-02-22', '2022-02-22'),
(34, 'Usuario-137.pdf', 137, '2022-02-22', '2022-02-22'),
(35, 'Usuario-69.pdf', 69, '2022-02-22', '2022-02-22'),
(36, 'Usuario-220.pdf', 220, '2022-02-22', '2022-02-22'),
(37, 'Usuario-225.pdf', 225, '2022-02-22', '2022-02-22'),
(38, 'Usuario-39.pdf', 39, '2022-02-22', '2022-02-22');

-- --------------------------------------------------------

--
-- Estructura de tabla para la tabla `equipos`
--

CREATE TABLE `equipos` (
  `id` int(1) NOT NULL,
  `id_cliente` int(1) DEFAULT NULL,
  `id_regional` int(1) DEFAULT NULL,
  `id_oficina` int(2) DEFAULT NULL,
  `id_ubicacion` int(2) DEFAULT NULL,
  `id_departamento` int(3) DEFAULT NULL,
  `id_tipo` int(1) DEFAULT 1,
  `id_tipoequipo` int(1) DEFAULT NULL,
  `id_marcaequipo` int(1) DEFAULT NULL,
  `id_modeloequipo` int(2) DEFAULT NULL,
  `serie` varchar(50) DEFAULT NULL,
  `parte` text DEFAULT NULL,
  `id_procesador_marca` int(1) DEFAULT NULL,
  `id_procesador_modelo` int(1) DEFAULT NULL,
  `id_procesador_generacion` int(2) DEFAULT NULL,
  `velocidad` decimal(2,1) DEFAULT NULL,
  `ram` decimal(10,0) DEFAULT NULL,
  `tipo_tamano_ram` int(1) DEFAULT NULL,
  `id_tipo_ram` int(11) DEFAULT 1,
  `discoduro` int(3) DEFAULT NULL,
  `tipo_tamaño_dd` int(1) DEFAULT NULL,
  `id_tipo_dd` int(11) NOT NULL,
  `id_discoduro_tipo` int(11) NOT NULL,
  `fechaCompra` date DEFAULT NULL,
  `observacion` text NOT NULL,
  `id_usuario` int(1) DEFAULT NULL,
  `id_status` int(1) DEFAULT NULL,
  `id_estado_fisico` int(11) NOT NULL,
  `id_estadoAsignacion` int(11) NOT NULL DEFAULT 1,
  `id_disponibilidad` int(11) NOT NULL,
  `vendida` text DEFAULT NULL,
  `fechaRegistro` date DEFAULT NULL,
  `fechaModificacion` date DEFAULT NULL,
  `id_administrador` int(11) NOT NULL
) ENGINE=Aria DEFAULT CHARSET=utf8;

--
-- Volcado de datos para la tabla `equipos`
--

INSERT INTO `equipos` (`id`, `id_cliente`, `id_regional`, `id_oficina`, `id_ubicacion`, `id_departamento`, `id_tipo`, `id_tipoequipo`, `id_marcaequipo`, `id_modeloequipo`, `serie`, `parte`, `id_procesador_marca`, `id_procesador_modelo`, `id_procesador_generacion`, `velocidad`, `ram`, `tipo_tamano_ram`, `id_tipo_ram`, `discoduro`, `tipo_tamaño_dd`, `id_tipo_dd`, `id_discoduro_tipo`, `fechaCompra`, `observacion`, `id_usuario`, `id_status`, `id_estado_fisico`, `id_estadoAsignacion`, `id_disponibilidad`, `vendida`, `fechaRegistro`, `fechaModificacion`, `id_administrador`) VALUES
(1, 1, 2, 7, 9, 3, 1, 1, 5, 26, 'PF0LFQXK', '', 1, 2, 11, '2.0', '4', NULL, 1, 500, 2, 1, 1, '2016-01-01', '        Equipo para refacciones', 1, 1, 3, 3, 2, NULL, '2021-07-21', '2022-03-30', 3),
(2, 1, 2, 7, 9, 3, 1, 1, 3, 18, 'FRN51P2', '', 1, 2, 14, '2.3', '8', NULL, 1, 1, 3, 1, 1, '2019-02-22', 'Euipo para refacciones, daño en tarjeta madre, se le quito memoria ram, pad y cambio de carcasa para la maquina de jorge casas', 1, 1, 3, 3, 2, NULL, '2021-07-21', '2022-02-22', 3),
(3, 1, 2, 7, 9, 3, 1, 1, 5, 25, 'MP10CPPX', '', 1, 2, 9, '1.7', '8', NULL, 1, 500, 2, 1, 1, '2017-10-13', 'Equipo con falla en la carcasa', 1, 1, 2, 3, 2, NULL, '2021-07-21', '2022-02-22', 3),
(4, 1, 2, 7, 9, 3, 1, 1, 1, 7, 'NXV7BAL0153080BF6F7600', '', 1, 7, 23, '2.4', '4', NULL, 1, 500, 2, 1, 1, '2016-02-13', '', 1, 1, 1, 3, 2, NULL, '2021-07-21', '2022-01-31', 3),
(5, 1, 1, 1, 22, 5, 1, 1, 6, 32, 'YC293636Q', '', 1, 1, 5, '1.7', '6', NULL, 1, 320, 2, 1, 1, '2010-01-01', '  ', 1, 1, 1, 4, 1, NULL, '2021-07-21', '2022-04-12', 3),
(6, 1, 1, 1, 22, 5, 1, 1, 1, 12, 'NXVAKAL0015071D2437600', '', 1, 2, 9, '1.7', '8', NULL, 1, 480, 2, 2, 3, '2018-07-22', '  ', 1, 1, 1, 4, 1, NULL, '2021-07-21', '2022-04-12', 3),
(7, 1, 1, 2, 40, 6, 1, 1, 3, 17, '9P27LC2', '', 1, 2, 11, '2.0', '4', NULL, 1, 500, 2, 1, 1, '2018-02-22', '', 1, 1, 1, 3, 2, NULL, '2021-07-21', '2022-01-08', 7),
(8, 1, 1, 2, 40, 6, 1, 1, 1, 2, 'NXMDDAL011342037376600', '', 2, 4, 2, '1.4', '4', NULL, 1, 500, 2, 1, 1, '2012-01-01', ' ', 1, 1, 1, 1, 1, NULL, '2021-07-21', '2022-02-23', 3),
(9, 1, 1, 4, 42, 8, 1, 1, 3, 18, '48B9BL2', '', 1, 2, 12, '2.0', '8', NULL, 1, 1, 3, 1, 1, '2019-02-22', '', 1, 1, 1, 3, 2, NULL, '2021-07-21', '2022-02-01', 3),
(10, 1, 1, 4, 42, 8, 1, 1, 1, 10, 'NXV8WAL002410092D93400', '', 1, 2, 10, '1.7', '4', NULL, 1, 500, 2, 1, 1, '2016-07-22', '', 1, 1, 1, 3, 2, NULL, '2021-07-21', '2022-01-08', 7),
(11, 1, 1, 4, 42, 8, 1, 1, 1, 12, 'NXVAKAL00151318B627600', '', 1, 2, 9, '1.7', '4', NULL, 1, 500, 2, 1, 1, '2018-07-22', '', 1, 1, 1, 3, 2, NULL, '2021-07-21', '2022-02-01', 3),
(12, 1, 1, 2, 40, 6, 1, 1, 1, 13, 'NXVEFAL030734057897200', '', 1, 2, 15, '2.4', '12', NULL, 1, 960, 2, 2, 3, '2019-07-22', '  ', 1, 1, 1, 4, 2, NULL, '2021-07-21', '2022-04-22', 3),
(13, 1, 1, 4, 42, 8, 1, 1, 3, 17, '9Z56LC2', '', 1, 2, 11, '2.0', '4', NULL, 1, 500, 2, 1, 1, '2018-02-22', ' ', 1, 1, 1, 1, 1, NULL, '2021-07-21', '2022-02-23', 3),
(14, 1, 1, 2, 40, 6, 1, 1, 3, 17, '39W1LC2', '', 1, 2, 11, '2.0', '4', NULL, 1, 500, 2, 1, 1, '2018-02-22', '', 1, 1, 1, 3, 2, NULL, '2021-07-21', '2022-02-01', 3),
(15, 1, 2, 5, 1, 44, 1, 1, 3, 18, '85B9BL2', '', 1, 2, 12, '2.0', '8', NULL, 1, 1, 3, 1, 1, '2018-07-27', '', 1, 1, 1, 3, 2, NULL, '2021-07-21', '2022-01-11', 3),
(16, 1, 2, 5, 10, 45, 1, 1, 4, 22, '5CB42402ZS', '', 1, 2, 8, '2.4', '8', NULL, 1, 500, 2, 1, 1, '2015-01-01', '', 1, 1, 1, 3, 2, NULL, '2021-07-21', '2022-01-11', 3),
(17, 1, 2, 5, 74, 46, 1, 1, 3, 18, 'FNQC0P2', '', 1, 2, 14, '2.3', '8', NULL, 1, 1, 3, 1, 1, '2019-02-22', '  ', 1, 1, 1, 3, 1, NULL, '2021-07-21', '2022-03-10', 3),
(18, 1, 2, 5, 74, 94, 1, 1, 3, 18, '54B9BL2', '', 1, 2, 12, '2.0', '8', NULL, 1, 1, 3, 1, 1, '2018-07-23', '', 1, 1, 1, 3, 2, NULL, '2021-07-21', '2022-03-11', 7),
(19, 1, 2, 5, 74, 94, 1, 1, 1, 9, 'NXVD4AL007708277067600', '', 1, 3, 17, '2.3', '8', NULL, 1, 1, 3, 1, 1, '2018-02-13', '', 1, 1, 1, 3, 2, NULL, '2021-07-21', '2022-01-11', 3),
(20, 1, 2, 5, 75, 48, 1, 1, 3, 18, '5HQC0P2', '', 1, 2, 14, '2.3', '8', NULL, 1, 1, 3, 1, 1, '2019-02-22', '', 1, 1, 1, 3, 2, NULL, '2021-07-21', '2022-01-11', 3),
(21, 1, 2, 5, 76, 49, 1, 1, 1, 13, 'NXVEFAL030734057E37200', '', 1, 2, 15, '2.4', '8', NULL, 1, 1, 3, 1, 1, '2019-07-22', '', 1, 1, 1, 3, 2, NULL, '2021-07-21', '2022-01-11', 3),
(22, 1, 2, 5, 77, 50, 1, 1, 1, 8, 'NXVBEAL0046080076B3400', '', 1, 2, 13, '2.3', '4', NULL, 1, 500, 2, 1, 1, '2017-02-13', '', 1, 1, 1, 3, 2, NULL, '2021-07-21', '2022-01-08', 7),
(23, 1, 2, 5, 78, 51, 1, 1, 4, 21, '5CD73562TZ', '', 1, 2, 12, '2.0', '8', NULL, 1, 500, 2, 1, 1, '2017-10-17', '', 1, 1, 1, 3, 2, NULL, '2021-07-21', '2022-01-13', 3),
(24, 1, 2, 5, 79, 52, 1, 1, 1, 11, 'NXV9MAL0024410477F3400', '', 1, 2, 9, '1.7', '4', NULL, 1, 500, 2, 1, 1, '2017-07-22', '', 1, 1, 1, 3, 2, NULL, '2021-07-21', '2022-01-11', 3),
(25, 1, 7, 27, 61, 36, 1, 1, 4, 21, '5CD73562W7', '', 1, 2, 12, '2.0', '16', NULL, 1, 512, 2, 2, 3, '2017-10-13', '   ', 1, 1, 1, 3, 2, NULL, '2021-07-21', '2022-03-24', 3),
(26, 1, 2, 5, 81, 54, 1, 1, 1, 10, 'NXV8WAL00241008DA33400', '', 1, 2, 10, '1.7', '8', NULL, 1, 512, 2, 2, 3, '2016-07-22', '', 1, 1, 1, 3, 2, NULL, '2021-07-21', '2022-01-13', 3),
(27, 1, 2, 5, 82, 55, 1, 1, 2, 14, 'E4N0CJ000869143', '', 1, 2, 8, '2.4', '4', NULL, 1, 500, 2, 1, 1, '2015-01-01', '', 1, 1, 1, 3, 2, NULL, '2021-07-21', '2022-01-13', 3),
(28, 1, 2, 7, 9, 3, 1, 1, 1, 8, 'NXVBEAL004608007743400', '', 1, 2, 13, '2.3', '4', NULL, 1, 500, 2, 1, 1, '2017-02-13', 'Equipo que estaba asignado a Idalia de Acapulco, el equipo fue restaurado de la carcasa.', 1, 1, 1, 4, 2, NULL, '2021-07-21', '2022-02-22', 3),
(29, 1, 2, 7, 8, 88, 1, 1, 3, 18, '3BQC0P2', '', 1, 2, 14, '2.3', '8', NULL, 1, 1, 3, 1, 1, '2019-02-22', '', 1, 1, 1, 3, 2, NULL, '2021-07-21', '2022-01-10', 3),
(30, 1, 2, 6, 43, 43, 1, 1, 4, 21, '5CD73562RS', '', 1, 2, 12, '2.0', '8', NULL, 1, 500, 2, 1, 1, '2017-10-13', '', 1, 1, 1, 3, 2, NULL, '2021-07-21', '2022-01-31', 3),
(31, 1, 2, 7, 2, 2, 1, 1, 3, 18, 'G0B9BL2', '', 1, 2, 12, '2.0', '8', NULL, 1, 1, 3, 1, 1, '2018-07-27', '', 1, 1, 1, 3, 2, NULL, '2021-07-21', '2022-01-31', 3),
(32, 1, 2, 7, 2, 2, 1, 1, 3, 18, '9NN51P2', '', 1, 2, 14, '2.3', '8', NULL, 1, 1, 3, 1, 1, '2019-02-22', '', 1, 1, 1, 3, 2, NULL, '2021-07-21', '2021-12-23', 3),
(33, 1, 2, 7, 2, 2, 1, 1, 3, 18, 'DLB9BL2', '', 1, 2, 12, '2.0', '8', NULL, 1, 1, 3, 1, 1, '2018-07-27', '', 1, 1, 1, 3, 2, NULL, '2021-07-21', '2021-12-23', 3),
(34, 1, 2, 7, 9, 3, 1, 1, 3, 18, '97B9BL2', '', 1, 2, 12, '2.0', '8', NULL, 1, 1, 3, 1, 1, '2018-07-23', 'El equipo no prende', 1, 1, 3, 1, 2, NULL, '2021-07-21', '2022-03-22', 3),
(35, 1, 2, 7, 2, 2, 1, 1, 3, 18, 'GW99BL2', '', 1, 2, 12, '2.0', '16', NULL, 1, 512, 2, 2, 3, '2018-07-23', ' ', 1, 1, 1, 3, 2, NULL, '2021-07-21', '2022-04-11', 3),
(36, 1, 2, 7, 2, 2, 1, 1, 1, 13, 'NXVEFAL030734058B27200', '', 1, 2, 15, '2.4', '8', NULL, 1, 1, 3, 1, 1, '2019-07-22', '', 1, 1, 1, 3, 2, NULL, '2021-07-21', '2021-12-23', 3),
(37, 1, 2, 6, 43, 43, 1, 1, 3, 18, '5S99BL2', '', 1, 2, 12, '2.0', '8', NULL, 1, 480, 2, 2, 3, '2018-07-27', '  ', 1, 1, 1, 3, 2, NULL, '2021-07-21', '2022-02-18', 3),
(38, 1, 2, 7, 2, 2, 1, 1, 3, 18, '43B9BL2', '', 1, 2, 12, '2.0', '16', NULL, 1, 512, 2, 2, 3, '2018-07-27', '', 1, 1, 1, 3, 2, NULL, '2021-07-21', '2022-02-01', 3),
(39, 1, 2, 7, 2, 2, 1, 1, 3, 18, 'FGQC0P2', '', 1, 2, 14, '2.3', '8', NULL, 1, 1, 3, 1, 1, '2019-02-22', '', 1, 1, 1, 3, 2, NULL, '2021-07-21', '2022-01-31', 3),
(40, 1, 2, 7, 2, 2, 1, 1, 3, 18, 'JRN51P2', '', 1, 2, 14, '2.3', '16', NULL, 1, 512, 2, 2, 3, '2019-02-22', ' ', 1, 1, 1, 3, 2, NULL, '2021-07-21', '2022-04-11', 3),
(41, 1, 2, 7, 2, 2, 1, 1, 3, 18, '22P51P2', '', 1, 2, 14, '2.3', '16', NULL, 1, 512, 2, 2, 3, '2019-02-22', ' ', 1, 1, 1, 3, 2, NULL, '2021-07-21', '2022-02-10', 3),
(42, 1, 2, 7, 3, 4, 1, 1, 3, 18, '4CQC0P2', '', 1, 2, 14, '2.3', '8', NULL, 1, 1, 3, 1, 1, '2019-02-22', '', 1, 1, 1, 3, 2, NULL, '2021-07-21', '2021-12-23', 3),
(43, 1, 2, 7, 3, 4, 1, 1, 5, 30, 'LR08WZP4', '', 1, 2, 12, '2.0', '8', NULL, 1, 500, 2, 1, 1, '2018-10-15', '', 1, 1, 1, 4, 2, NULL, '2021-07-21', '2022-02-21', 3),
(44, 1, 2, 7, 9, 3, 1, 1, 1, 10, 'NXV8WAL002410092703400', '', 1, 2, 10, '1.7', '8', NULL, 1, 500, 2, 1, 1, '2016-07-22', 'Teclado y pad dañados', 1, 1, 2, 3, 2, NULL, '2021-07-21', '2022-02-22', 3),
(45, 1, 2, 7, 3, 4, 1, 1, 3, 18, 'C5QC0P2', '', 1, 2, 14, '2.3', '8', NULL, 1, 1, 3, 1, 1, '2019-02-22', '', 1, 1, 1, 3, 2, NULL, '2021-07-21', '2022-01-31', 3),
(46, 1, 2, 7, 3, 4, 1, 1, 1, 8, 'NXVBEAL004608006C23400', '', 1, 2, 13, '2.3', '4', NULL, 1, 500, 2, 1, 1, '2017-02-13', '', 1, 1, 1, 4, 2, NULL, '2021-07-21', '2022-05-06', 3),
(47, 1, 2, 7, 7, 92, 1, 1, 1, 8, 'NXVBEAL004608006ED3400', '', 1, 2, 13, '2.3', '8', NULL, 1, 480, 2, 2, 3, '2017-02-13', '  ', 1, 1, 1, 3, 2, NULL, '2021-07-21', '2022-02-21', 3),
(48, 1, 2, 7, 3, 64, 1, 1, 3, 18, '9FB9BL2', '', 1, 2, 12, '2.0', '16', NULL, 1, 960, 2, 2, 3, '2018-07-27', ' ', 1, 1, 1, 3, 2, NULL, '2021-07-21', '2022-04-11', 3),
(49, 1, 2, 7, 7, 92, 1, 1, 3, 18, '6NQC0P2', '', 1, 2, 14, '2.3', '8', NULL, 1, 1, 3, 1, 1, '2019-02-25', '', 1, 1, 1, 3, 2, NULL, '2021-07-21', '2022-01-31', 3),
(50, 1, 2, 7, 3, 64, 1, 1, 3, 18, '7BQC0P2', '', 1, 2, 14, '2.3', '8', NULL, 1, 1, 3, 1, 1, '2019-02-22', '', 1, 1, 1, 4, 2, NULL, '2021-07-21', '2022-05-06', 3),
(51, 1, 2, 7, 7, 92, 1, 1, 3, 18, 'J3B9BL2', '', 1, 2, 13, '2.3', '16', NULL, 1, 512, 2, 2, 3, '2019-02-22', '', 1, 1, 1, 3, 2, NULL, '2021-07-21', '2022-02-08', 3),
(52, 1, 2, 7, 6, 69, 1, 1, 4, 20, 'MXL73126NZ', '', 2, 5, 3, '3.5', '8', NULL, 1, 500, 2, 1, 1, '2018-06-25', '', 1, 1, 1, 3, 2, NULL, '2021-07-21', '2022-02-02', 3),
(53, 1, 2, 7, 7, 92, 1, 1, 3, 18, 'F6QC0P2', '', 1, 2, 14, '2.3', '8', NULL, 1, 1, 3, 1, 1, '2019-02-22', '', 1, 1, 1, 3, 2, NULL, '2021-07-21', '2022-02-02', 3),
(54, 1, 2, 7, 7, 92, 1, 1, 1, 8, 'NXVBEAL0046080072E3400', '', 1, 2, 13, '2.3', '4', NULL, 1, 500, 2, 1, 1, '2021-07-30', '', 1, 1, 1, 3, 2, NULL, '2021-07-21', '2022-01-31', 3),
(55, 1, 2, 7, 7, 92, 1, 1, 5, 25, 'MP09W82J', '', 1, 2, 9, '1.7', '8', NULL, 1, 480, 2, 2, 3, '2017-10-13', '  ', 1, 1, 1, 3, 2, NULL, '2021-07-21', '2022-04-11', 3),
(56, 1, 2, 7, 7, 92, 1, 1, 1, 10, 'NXV8WAL0024100917A3400', '', 1, 2, 10, '1.7', '4', NULL, 1, 500, 2, 1, 1, '2016-07-22', '', 1, 1, 1, 3, 2, NULL, '2021-07-21', '2022-01-31', 3),
(57, 1, 2, 7, 4, 67, 1, 1, 3, 18, 'B5QC0P2', '', 1, 2, 14, '2.3', '8', NULL, 1, 1, 3, 1, 1, '2019-02-22', '', 1, 1, 1, 3, 2, NULL, '2021-07-21', '2022-01-31', 3),
(58, 1, 3, 11, 45, 10, 1, 1, 1, 13, 'NXVEFAL030734057B57200', '', 1, 2, 15, '2.4', '12', NULL, 1, 960, 2, 2, 3, '2019-07-22', '  ', 1, 1, 1, 3, 2, NULL, '2021-07-21', '2022-02-09', 3),
(59, 1, 2, 7, 4, 66, 1, 1, 3, 18, 'HQN51P2', '', 1, 2, 14, '2.3', '12', NULL, 1, 1, 3, 1, 1, '2019-02-22', ' ', 1, 1, 1, 3, 2, NULL, '2021-07-21', '2022-04-13', 3),
(60, 1, 2, 7, 7, 70, 1, 1, 3, 18, '31ZG2P2', '', 1, 2, 14, '2.3', '8', NULL, 1, 1, 3, 1, 1, '2019-02-22', '', 1, 1, 1, 3, 2, NULL, '2021-07-21', '2022-01-31', 3),
(61, 1, 2, 7, 4, 67, 1, 1, 3, 18, 'C8QC0P2', '', 1, 2, 14, '2.3', '8', NULL, 1, 1, 3, 1, 1, '2019-02-22', ' ', 1, 1, 1, 4, 2, NULL, '2021-07-21', '2022-02-21', 3),
(62, 1, 2, 7, 4, 67, 1, 1, 1, 13, 'NXVEFAL0307340581B7200', '', 1, 2, 15, '2.4', '8', NULL, 1, 1, 3, 1, 1, '2019-07-22', '', 1, 1, 1, 3, 2, NULL, '2021-07-21', '2022-01-31', 3),
(63, 1, 2, 7, 5, 68, 1, 1, 5, 25, 'MP10CQ28', '', 1, 2, 9, '1.7', '4', NULL, 1, 500, 2, 1, 1, '2017-10-13', '', 1, 1, 1, 3, 2, NULL, '2021-07-21', '2021-12-26', 3),
(64, 1, 2, 7, 6, 69, 1, 1, 3, 18, '97QC0P2', '', 1, 2, 14, '2.3', '8', NULL, 1, 1, 3, 1, 1, '2019-02-22', '', 1, 1, 1, 3, 2, NULL, '2021-07-21', '2022-01-31', 3),
(65, 1, 2, 7, 7, 70, 1, 1, 3, 18, 'FQQC0P2', '', 1, 2, 14, '2.3', '8', NULL, 1, 1, 3, 1, 1, '2019-02-22', '', 1, 1, 1, 3, 2, NULL, '2021-07-21', '2022-01-31', 3),
(66, 1, 2, 7, 7, 70, 1, 1, 3, 18, 'DGN51P2', '', 1, 2, 14, '2.3', '8', NULL, 1, 1, 3, 1, 1, '2019-02-22', '', 1, 1, 1, 3, 2, NULL, '2021-07-21', '2022-01-10', 3),
(67, 1, 2, 7, 7, 70, 1, 1, 3, 18, '83B9BL2', '', 1, 2, 12, '2.0', '16', NULL, 1, 512, 2, 2, 3, '2018-07-23', ' ', 1, 1, 1, 3, 2, NULL, '2021-07-21', '2022-02-10', 3),
(68, 1, 2, 7, 7, 70, 1, 1, 3, 18, '3L136L2', '', 1, 2, 14, '2.3', '8', NULL, 1, 1, 3, 1, 1, '2019-02-22', '', 1, 1, 1, 3, 2, NULL, '2021-07-21', '2022-01-31', 3),
(69, 1, 2, 7, 7, 70, 1, 1, 3, 18, '95QC0P2', '', 1, 2, 14, '2.3', '8', NULL, 1, 1, 3, 1, 1, '2019-02-22', '', 1, 1, 1, 3, 2, NULL, '2021-07-21', '2022-01-31', 3),
(70, 1, 2, 7, 7, 70, 1, 1, 3, 18, 'FGZVWN2', '', 1, 2, 14, '2.3', '8', NULL, 1, 1, 3, 1, 1, '2019-02-22', '', 1, 1, 1, 3, 2, NULL, '2021-07-21', '2022-01-10', 3),
(71, 1, 3, 12, 46, 13, 1, 1, 3, 18, 'DKB9BL2', '', 1, 2, 12, '2.0', '16', NULL, 1, 512, 2, 2, 3, '2018-07-27', '', 1, 1, 1, 3, 2, NULL, '2021-07-21', '2022-01-26', 3),
(72, 1, 2, 7, 7, 70, 1, 1, 3, 18, '96QC0P2', '', 1, 2, 14, '2.3', '8', NULL, 1, 1, 3, 1, 1, '2019-02-22', '', 1, 1, 1, 3, 2, NULL, '2021-07-21', '2022-01-10', 3),
(73, 1, 2, 7, 7, 70, 1, 1, 3, 18, 'D60LXN2', '', 1, 2, 14, '2.3', '8', NULL, 1, 1, 3, 1, 1, '2019-02-22', '', 1, 1, 1, 3, 2, NULL, '2021-07-21', '2022-01-10', 3),
(74, 1, 2, 7, 7, 70, 1, 1, 3, 18, '4GQC0P2', '', 1, 2, 14, '2.3', '8', NULL, 1, 1, 3, 1, 1, '2019-02-22', '', 1, 1, 1, 3, 2, NULL, '2021-07-21', '2022-01-10', 3),
(75, 1, 2, 7, 7, 92, 1, 1, 3, 18, '9SN51P2', '', 1, 2, 14, '2.3', '10', NULL, 1, 1, 3, 1, 1, '2019-02-22', '', 1, 1, 1, 3, 2, NULL, '2021-07-21', '2022-01-10', 3),
(76, 1, 2, 7, 7, 70, 1, 1, 3, 18, '1LQC0P2', '', 1, 2, 14, '2.3', '8', NULL, 1, 1, 3, 1, 1, '2019-02-22', '', 1, 1, 1, 3, 2, NULL, '2021-07-21', '2022-01-10', 3),
(77, 1, 2, 7, 7, 71, 1, 1, 3, 18, '74B9BL2', '', 1, 2, 12, '2.0', '8', NULL, 1, 1, 3, 1, 1, '2018-07-27', '', 1, 1, 1, 3, 2, NULL, '2021-07-21', '2022-01-31', 3),
(78, 1, 2, 5, 95, 114, 1, 1, 3, 18, '6PZVWN2', '', 1, 2, 14, '2.3', '8', NULL, 1, 1, 3, 1, 1, '2019-02-22', '  ', 1, 1, 1, 3, 1, NULL, '2021-07-21', '2022-04-28', 3),
(79, 1, 2, 7, 7, 72, 1, 1, 3, 18, '9XN51P2', '', 1, 2, 14, '2.3', '8', NULL, 1, 512, 2, 2, 3, '2017-10-17', ' ', 1, 1, 1, 3, 2, NULL, '2021-07-21', '2022-04-11', 3),
(80, 1, 2, 7, 7, 72, 1, 1, 3, 18, 'G5QC0P2', '', 1, 2, 14, '2.3', '8', NULL, 1, 1, 3, 1, 1, '2019-02-22', '', 1, 1, 1, 4, 2, NULL, '2021-07-21', '2022-04-11', 3),
(81, 1, 2, 7, 7, 72, 1, 1, 3, 18, '5XN51P2', '', 1, 2, 14, '2.3', '8', NULL, 1, 1, 3, 1, 1, '2019-02-22', ' ', 1, 1, 1, 3, 1, NULL, '2021-07-21', '2022-03-10', 3),
(82, 1, 2, 7, 7, 72, 1, 1, 3, 18, 'J8B9BL2', '', 1, 2, 12, '2.0', '12', NULL, 1, 1, 3, 1, 1, '2018-07-27', '', 1, 1, 1, 3, 2, NULL, '2021-07-21', '2022-02-08', 3),
(83, 1, 2, 7, 7, 73, 1, 1, 3, 18, 'BQQC0P2', '', 1, 2, 14, '2.3', '8', NULL, 1, 1, 3, 1, 1, '2019-02-22', '', 1, 1, 1, 3, 2, NULL, '2021-07-21', '2021-12-26', 3),
(84, 1, 2, 7, 7, 73, 1, 1, 3, 18, '26QC0P2', '', 1, 2, 14, '2.3', '8', NULL, 1, 1, 3, 1, 1, '2019-02-22', '', 1, 1, 1, 3, 2, NULL, '2021-07-21', '2021-12-26', 3),
(85, 1, 5, 21, 55, 28, 1, 1, 3, 18, '4KZVWN2', '', 1, 2, 14, '2.3', '16', NULL, 1, 512, 2, 2, 3, '2019-02-22', '', 1, 1, 1, 3, 2, NULL, '2021-07-21', '2022-01-26', 3),
(86, 1, 2, 7, 7, 74, 1, 1, 3, 18, 'HSN51P2', '', 1, 2, 14, '2.3', '16', NULL, 1, 512, 2, 2, 3, '2018-07-27', '  ', 1, 1, 1, 3, 2, NULL, '2021-07-21', '2022-04-11', 3),
(87, 1, 2, 7, 7, 74, 1, 1, 3, 18, 'GGN51P2', '', 1, 2, 14, '2.3', '16', NULL, 1, 512, 2, 2, 3, '2019-02-22', ' ', 1, 1, 1, 4, 2, NULL, '2021-07-21', '2022-04-11', 3),
(88, 1, 2, 7, 7, 74, 1, 1, 3, 18, '7LQC0P2', '', 1, 2, 14, '2.3', '16', NULL, 1, 512, 2, 2, 3, '2019-02-22', ' ', 1, 1, 1, 3, 2, NULL, '2021-07-21', '2022-02-18', 3),
(89, 1, 2, 7, 7, 74, 1, 1, 3, 18, 'D5L00P2', '', 1, 2, 12, '2.0', '16', NULL, 1, 512, 2, 2, 3, '2018-07-27', ' ', 1, 1, 1, 3, 2, NULL, '2021-07-21', '2022-02-18', 3),
(90, 1, 2, 7, 7, 76, 1, 1, 3, 18, '1HQC0P2', '', 1, 2, 14, '2.3', '12', NULL, 1, 512, 2, 2, 3, '2019-02-22', ' ', 1, 1, 1, 3, 2, NULL, '2021-07-21', '2022-02-18', 3),
(91, 1, 2, 7, 7, 74, 1, 1, 3, 18, '5BQC0P2', '', 1, 2, 14, '2.3', '16', NULL, 1, 512, 2, 2, 3, '2019-02-22', '', 1, 1, 1, 3, 2, NULL, '2021-07-21', '2022-02-08', 3),
(92, 1, 2, 7, 7, 74, 1, 1, 3, 18, '9GQC0P2', '', 1, 2, 14, '2.3', '16', NULL, 1, 512, 2, 2, 3, '2019-02-22', '', 1, 1, 1, 3, 2, NULL, '2021-07-21', '2022-02-01', 3),
(93, 1, 2, 7, 7, 74, 1, 1, 3, 18, '6TQC0P2', '', 1, 2, 14, '2.3', '16', NULL, 1, 480, 2, 2, 3, '2019-02-22', '', 1, 1, 1, 4, 2, NULL, '2021-07-21', '2022-05-03', 3),
(94, 1, 2, 7, 7, 74, 1, 1, 3, 18, '63P51P2', '', 1, 2, 14, '2.3', '16', NULL, 1, 512, 2, 2, 3, '2019-02-22', '   ', 1, 1, 1, 4, 2, NULL, '2021-07-21', '2022-04-11', 3),
(95, 1, 2, 7, 7, 74, 1, 1, 3, 18, '2PQC0P2', '', 1, 2, 14, '2.3', '16', NULL, 1, 512, 2, 2, 3, '2019-02-22', ' ', 1, 1, 1, 3, 2, NULL, '2021-07-21', '2022-02-18', 3),
(96, 1, 2, 7, 9, 3, 1, 1, 3, 18, 'GJB9BL2', '', 1, 2, 12, '2.0', '16', NULL, 1, 480, 2, 2, 3, '2018-07-27', '   Al equipo se le cambió teclado sin embargo aún presenta fallas de fabricación del equipo', 1, 1, 2, 4, 2, NULL, '2021-07-21', '2022-03-23', 3),
(97, 1, 2, 7, 7, 76, 1, 1, 4, 21, '5CD73562W3', '', 1, 2, 12, '2.0', '8', NULL, 1, 500, 2, 1, 1, '2017-10-13', '', 1, 1, 1, 3, 2, NULL, '2021-07-21', '2021-12-26', 3),
(98, 1, 2, 7, 7, 74, 1, 1, 3, 18, '14B9BL2', '', 1, 2, 12, '2.0', '8', NULL, 1, 512, 2, 2, 3, '2018-07-27', ' ', 1, 1, 1, 3, 2, NULL, '2021-07-21', '2022-02-24', 3),
(99, 1, 2, 7, 7, 74, 1, 1, 3, 18, '3V0LXN2', '', 1, 2, 14, '2.3', '16', NULL, 1, 512, 2, 2, 3, '2019-02-22', ' ', 1, 1, 1, 3, 2, NULL, '2021-07-21', '2022-04-11', 3),
(100, 1, 2, 7, 7, 74, 1, 1, 3, 18, 'JJB9BL2', '', 1, 2, 12, '2.0', '16', NULL, 1, 512, 2, 2, 3, '2018-07-27', ' ', 1, 1, 1, 3, 2, NULL, '2021-07-21', '2022-04-11', 3),
(101, 1, 2, 7, 2, 2, 1, 1, 1, 12, 'NXVAKAL00151318B437600', '', 1, 2, 9, '1.7', '4', NULL, 1, 500, 2, 1, 1, '2018-07-22', '  Daño en el teclado, le falta una tecla.', 1, 1, 1, 4, 2, NULL, '2021-07-21', '2022-05-02', 3),
(102, 1, 2, 7, 7, 74, 1, 1, 3, 18, 'CZ036L2', '', 1, 2, 12, '2.0', '16', NULL, 1, 512, 2, 2, 3, '2018-12-14', '     Equipo de control de obras, antes asignado a Mauiricio Flores, ocupado por el area de sistemas como master', 1, 1, 1, 1, 2, NULL, '2021-07-21', '2022-03-28', 3),
(103, 1, 2, 7, 7, 75, 1, 1, 4, 21, '5CD73562T3', '', 1, 2, 12, '2.0', '8', NULL, 1, 500, 2, 1, 1, '2017-10-13', '', 1, 1, 1, 3, 2, NULL, '2021-07-21', '2022-02-02', 3),
(104, 1, 2, 7, 7, 75, 1, 1, 4, 21, '5CD73562TT', '', 1, 2, 12, '2.0', '8', NULL, 1, 500, 2, 1, 1, '2018-12-13', '', 1, 1, 1, 3, 2, NULL, '2021-07-21', '2022-02-02', 3),
(105, 1, 2, 7, 7, 76, 1, 1, 3, 18, 'JDQC0P2', '', 1, 2, 14, '2.3', '16', NULL, 1, 512, 3, 2, 3, '2019-02-22', '', 1, 1, 1, 3, 2, NULL, '2021-07-21', '2022-02-01', 3),
(106, 1, 2, 7, 7, 76, 1, 1, 3, 18, '4LQC0P2', '', 1, 2, 14, '2.3', '8', NULL, 1, 1, 3, 1, 1, '2019-02-22', '', 1, 1, 1, 3, 2, NULL, '2021-07-21', '2022-02-02', 3),
(107, 1, 2, 7, 7, 77, 1, 1, 3, 18, '9CB9BL2', '', 1, 2, 12, '2.0', '8', NULL, 1, 1, 3, 1, 1, '2017-10-17', '', 1, 1, 1, 3, 2, NULL, '2021-07-21', '2022-02-02', 3),
(108, 1, 2, 7, 7, 77, 1, 1, 3, 18, '84B9BL2', '', 1, 2, 12, '2.0', '8', NULL, 1, 1, 3, 1, 1, '2018-07-27', '', 1, 1, 1, 3, 2, NULL, '2021-07-21', '2022-01-31', 3),
(109, 1, 2, 7, 7, 77, 1, 1, 3, 18, '7MN51P2', '', 1, 2, 14, '2.3', '8', NULL, 1, 1, 3, 1, 1, '2019-02-22', '', 1, 1, 1, 3, 2, NULL, '2021-07-21', '2021-12-27', 3),
(110, 1, 2, 7, 7, 78, 1, 1, 3, 18, 'G4B9BL2', '', 1, 2, 12, '2.0', '8', NULL, 1, 1, 3, 1, 1, '2018-07-23', '', 1, 1, 1, 3, 2, NULL, '2021-07-21', '2022-01-31', 3),
(111, 1, 2, 7, 7, 78, 1, 1, 1, 13, 'NXVEFAL030734058277200', '', 1, 2, 15, '2.4', '12', NULL, 1, 960, 3, 2, 3, '2019-07-22', '', 1, 1, 1, 3, 2, NULL, '2021-07-21', '2021-12-26', 3),
(112, 1, 2, 7, 7, 78, 1, 1, 3, 18, '92B9BL2', '', 1, 2, 12, '2.0', '8', NULL, 1, 1, 3, 1, 1, '2018-07-27', '   Equipo con falla en el teclado hay que presionar fuete y lento para que responda, también presenta falla en los botones del pad.', 1, 1, 2, 4, 2, NULL, '2021-07-21', '2022-03-16', 3),
(113, 1, 2, 7, 9, 3, 1, 1, 1, 8, 'NXVBEAL004608005C23400', '', 1, 2, 13, '2.3', '4', NULL, 1, 1, 3, 1, 1, '2017-02-13', ' Equipo con carcasa reparada, el daño se encotraba en las bisagras.', 1, 1, 1, 1, 1, NULL, '2021-07-21', '2022-03-17', 3),
(114, 1, 2, 7, 8, 79, 1, 1, 1, 13, 'NXVEFAL030734057437200', '', 1, 2, 15, '2.4', '8', NULL, 1, 1, 3, 1, 1, '2019-07-22', '', 1, 1, 1, 3, 2, NULL, '2021-07-21', '2021-12-21', 3),
(115, 1, 2, 7, 7, 71, 1, 1, 3, 18, '93B9BL2', '', 1, 2, 12, '2.0', '8', NULL, 1, 1, 3, 1, 1, '2018-07-23', 'Equipo con falla en el teclado.', 1, 1, 2, 3, 2, NULL, '2021-07-21', '2022-02-01', 3),
(116, 1, 2, 7, 9, 3, 1, 1, 1, 12, 'NXVAKAL0015071D2567600', '', 1, 2, 9, '1.7', '8', NULL, 1, 500, 2, 1, 1, '2018-07-22', 'Equipo con falla en teclado, bateria inchada y tarjeta de red inflamada', 1, 1, 2, 3, 2, NULL, '2021-07-21', '2022-02-22', 3),
(117, 1, 2, 7, 9, 3, 1, 1, 4, 22, '5CB42402VC', '', 1, 2, 8, '2.4', '8', NULL, 1, 500, 2, 1, 1, '2015-01-01', 'Equipo con daño en la tarketa madre', 1, 1, 3, 3, 2, NULL, '2021-07-21', '2022-02-22', 3),
(118, 1, 2, 7, 9, 3, 1, 1, 1, 11, 'NXV9MAL00244107EA63400', '', 1, 2, 9, '1.7', '4', NULL, 1, 500, 2, 1, 1, '2017-07-22', 'Equipo dañado de la carcasa', 1, 1, 3, 3, 2, NULL, '2021-07-21', '2022-02-22', 3),
(119, 1, 2, 7, 7, 73, 1, 1, 2, 15, 'E5N0CV24227120G', '', 1, 3, 16, '1.7', '12', NULL, 1, 480, 2, 2, 3, '2015-01-01', '', 1, 1, 1, 3, 2, NULL, '2021-07-21', '2021-12-26', 3),
(120, 1, 2, 7, 9, 3, 1, 1, 4, 22, '5CB4121VCJ', '', 1, 2, 8, '2.4', '4', NULL, 1, 500, 2, 1, 1, '2015-01-01', 'Equipo obsoleto, el equipo esta en resguardo para futuras refacciones para equipos activos', 1, 1, 4, 3, 2, NULL, '2021-07-21', '2022-02-22', 3),
(121, 1, 2, 7, 8, 80, 1, 1, 3, 18, 'GW7W1P2', '', 1, 3, 19, '2.5', '8', NULL, 1, 1, 3, 1, 1, '2019-02-22', '', 1, 1, 1, 3, 2, NULL, '2021-07-21', '2021-12-21', 3),
(122, 1, 2, 7, 8, 81, 1, 1, 3, 18, '9MP4YN2', '', 1, 2, 14, '2.3', '16', NULL, 1, 1, 3, 1, 1, '2019-02-22', '', 1, 1, 1, 3, 2, NULL, '2021-07-21', '2021-12-23', 3),
(123, 1, 2, 7, 8, 82, 1, 1, 3, 18, '8NQC0P2', '', 1, 2, 14, '2.3', '16', NULL, 1, 1, 3, 1, 1, '2019-02-22', '', 1, 1, 1, 3, 2, NULL, '2021-07-21', '2021-12-23', 3),
(124, 1, 2, 7, 9, 3, 1, 1, 3, 18, 'DY7W1P2', '', 1, 3, 19, '2.5', '8', NULL, 1, 512, 2, 2, 3, '2019-02-22', ' ', 1, 1, 1, 3, 2, NULL, '2021-07-21', '2022-02-21', 3),
(125, 1, 2, 7, 8, 84, 1, 1, 3, 16, '8MBHLT2', '', 1, 6, 22, '4.6', '8', NULL, 1, 1, 3, 2, 3, '2019-05-27', '', 1, 1, 1, 3, 2, NULL, '2021-07-21', '2022-02-02', 3),
(126, 1, 2, 7, 8, 84, 1, 1, 3, 18, '9KN51P2', '', 1, 2, 14, '2.3', '10', NULL, 1, 1, 3, 1, 1, '2019-02-22', '', 1, 1, 1, 1, 2, NULL, '2021-07-21', '2022-02-02', 3),
(127, 1, 2, 7, 8, 85, 1, 1, 3, 18, 'BBQC0P2', '', 1, 2, 12, '2.0', '8', NULL, 1, 1, 3, 1, 1, '2019-02-22', '', 1, 1, 1, 3, 2, NULL, '2021-07-21', '2022-01-31', 3),
(128, 1, 2, 7, 8, 85, 1, 1, 3, 18, '46B9BL2', '', 1, 2, 12, '2.0', '8', NULL, 1, 1, 3, 1, 1, '2018-07-23', '', 1, 1, 1, 3, 2, NULL, '2021-07-21', '2021-12-23', 3),
(129, 1, 2, 7, 9, 3, 1, 1, 3, 18, 'FHN51P2', '', 1, 2, 14, '2.3', '8', NULL, 1, 480, 2, 2, 3, '2019-02-22', ' ', 1, 1, 1, 1, 2, NULL, '2021-07-21', '2022-04-11', 3),
(130, 1, 2, 7, 8, 87, 1, 1, 1, 13, 'NXVEFAL030734057987200', '', 1, 2, 15, '2.4', '8', NULL, 1, 1, 3, 1, 1, '2019-07-22', '', 1, 1, 1, 3, 2, NULL, '2021-07-21', '2021-12-23', 3),
(131, 1, 2, 7, 8, 79, 1, 1, 3, 18, '8RQC0P2', '', 1, 2, 14, '2.3', '16', NULL, 1, 512, 2, 2, 3, '2019-02-22', '  ', 1, 1, 1, 3, 2, NULL, '2021-07-21', '2022-04-27', 3),
(132, 1, 2, 7, 9, 3, 1, 1, 1, 13, 'NXVEFAL030734058AB7200', '', 1, 2, 15, '2.4', '8', NULL, 1, 1, 3, 1, 1, '2019-07-22', ' FALTA CUBIERTA DE BIZAGRA IZQUIERDA, MONICA RIASCOS INDICA QUE NO SE DIO CUENTA CUANDO SE DESPRENDIO', 1, 1, 1, 4, 1, NULL, '2021-07-21', '2022-05-06', 2),
(133, 1, 2, 7, 8, 88, 1, 1, 3, 18, '58QC0P2', '', 1, 2, 14, '2.3', '8', NULL, 1, 1, 3, 1, 1, '2019-02-22', '', 1, 1, 1, 3, 2, NULL, '2021-07-21', '2021-12-23', 3),
(134, 1, 2, 7, 8, 113, 1, 1, 3, 18, 'G6QC0P2', '', 1, 2, 14, '2.3', '8', NULL, 1, 1, 3, 1, 1, '2019-02-22', '', 1, 1, 1, 3, 2, NULL, '2021-07-21', '2022-02-02', 3),
(135, 1, 2, 7, 8, 88, 1, 1, 1, 13, 'NXVEFAL030734057C47200', '', 1, 2, 15, '2.4', '8', NULL, 1, 1, 3, 1, 1, '2019-07-22', '', 1, 1, 1, 3, 2, NULL, '2021-07-21', '2021-12-21', 3),
(136, 1, 2, 7, 8, 88, 1, 1, 3, 18, '48QC0P2', '', 1, 2, 14, '2.3', '8', NULL, 1, 1, 3, 1, 1, '2019-02-22', 'El equipo tiene daño en el teclado por derrame de líquido, se le cambió el teclado por uno nuevo', 1, 1, 1, 3, 2, NULL, '2021-07-21', '2022-03-09', 3),
(137, 1, 2, 7, 8, 88, 1, 1, 3, 18, 'F4QC0P2', '', 1, 2, 14, '2.3', '8', NULL, 1, 1, 3, 1, 1, '2019-02-22', '', 1, 1, 1, 3, 2, NULL, '2021-07-21', '2021-12-21', 3),
(138, 1, 2, 7, 8, 88, 1, 1, 1, 13, 'NXVEFAL0307340583E7200', '', 1, 2, 15, '2.4', '8', NULL, 1, 1, 3, 1, 1, '2019-09-15', '', 1, 1, 1, 3, 2, NULL, '2021-07-21', '2021-12-21', 3),
(139, 1, 2, 7, 9, 3, 1, 1, 3, 18, '77B9BL2', '', 1, 2, 12, '2.0', '8', NULL, 1, 1, 3, 1, 1, '2018-07-27', 'Equipo con daño en tarjeta madre, se le quito memoria, disco duro.', 1, 1, 3, 3, 2, NULL, '2021-07-21', '2022-02-22', 3),
(140, 1, 2, 7, 9, 3, 1, 1, 1, 10, 'NXV9MAL00244104D7E3400', '', 1, 2, 10, '1.7', '6', NULL, 1, 500, 2, 1, 1, '2016-07-22', 'Equipo dañado no enciende y display dañado, este equipo estaba en Toluca', 1, 1, 3, 3, 2, NULL, '2021-07-21', '2022-02-22', 3),
(141, 1, 4, 17, 51, 23, 1, 1, 4, 21, '5CD73562W6', '', 1, 2, 12, '2.0', '12', NULL, 1, 480, 2, 2, 3, '2017-10-13', '<p> Se sustituye la batería por una genérica 18/02/22</p><p>MAME</p>', 1, 1, 1, 3, 2, NULL, '2021-07-21', '2022-02-18', 5),
(142, 1, 2, 7, 9, 3, 1, 1, 3, 18, '6WQ51P2', '', 1, 2, 14, '2.3', '16', NULL, 1, 512, 2, 2, 3, '2019-02-22', '   ', 1, 1, 1, 1, 1, NULL, '2021-07-21', '2022-04-11', 3),
(143, 1, 2, 7, 7, 77, 1, 1, 3, 18, 'JP0LXN2', '', 1, 2, 14, '2.3', '8', NULL, 1, 1, 3, 1, 1, '2019-02-22', '', 1, 1, 1, 3, 2, NULL, '2021-07-21', '2022-02-02', 3),
(144, 1, 2, 7, 9, 3, 1, 1, 3, 18, 'GCB9BL2', '', 1, 2, 12, '2.0', '8', NULL, 1, 1, 3, 1, 1, '2019-02-22', '', 1, 1, 1, 3, 2, NULL, '2021-07-21', '2022-01-15', 7),
(145, 1, 2, 7, 9, 3, 1, 1, 5, 29, 'MP1MXS8H', '', 1, 2, 14, '2.3', '8', NULL, 1, 1, 3, 1, 1, '2019-10-15', '', 1, 1, 1, 3, 2, NULL, '2021-07-21', '2022-01-15', 7),
(146, 1, 2, 7, 7, 70, 1, 1, 1, 9, 'NXVD4AL007708276977600', '', 1, 3, 17, '2.3', '8', NULL, 1, 960, 2, 2, 3, '2018-02-13', ' ', 1, 1, 1, 3, 2, NULL, '2021-07-21', '2022-02-18', 3),
(147, 1, 2, 7, 9, 3, 1, 1, 5, 25, 'MP12B3L6', '', 1, 2, 9, '1.7', '4', NULL, 1, 500, 2, 1, 1, '2017-10-13', '', 1, 1, 1, 3, 2, NULL, '2021-07-21', '2022-02-02', 3),
(148, 1, 2, 7, 4, 66, 1, 1, 3, 18, '6QQC0P2', '', 1, 2, 14, '2.3', '8', NULL, 1, 1, 3, 1, 1, '2019-02-22', '', 1, 1, 1, 3, 2, NULL, '2021-07-21', '2022-02-21', 3),
(149, 1, 2, 7, 9, 3, 1, 1, 4, 19, '5CG3092C8T', '', 2, 4, 1, '1.4', '2', NULL, 1, 320, 2, 1, 1, '2010-01-01', 'Equipo obsoleto no conviene actualizar por los altos costos y bajo rendimiento del equioo', 1, 1, 4, 3, 2, NULL, '2021-07-21', '2022-02-22', 3),
(150, 1, 2, 7, 8, 83, 1, 1, 1, 9, 'NXVD4AL0077082768D7600', '', 1, 3, 17, '2.3', '8', NULL, 1, 1, 3, 1, 1, '2018-02-13', '', 1, 1, 1, 3, 2, NULL, '2021-07-21', '2022-02-21', 7),
(151, 1, 2, 7, 7, 74, 1, 1, 3, 18, 'BQ99BL2', '', 1, 2, 12, '2.0', '16', NULL, 1, 512, 2, 2, 3, '2018-08-03', ' ', 1, 1, 1, 3, 2, NULL, '2021-07-21', '2022-04-11', 3),
(152, 1, 2, 7, 9, 3, 1, 1, 4, 19, '5CG3100FTC', '', 2, 4, 1, '1.4', '4', NULL, 1, 500, 2, 1, 1, '2010-01-01', '', 1, 1, 1, 3, 2, NULL, '2021-07-21', '2022-02-02', 3),
(153, 1, 2, 7, 9, 3, 1, 1, 1, 11, 'NXV9MAL0024410472C3400', '', 1, 2, 9, '1.7', '4', NULL, 1, 500, 2, 1, 1, '2017-07-22', 'Falla en el teclado no funciona.', 1, 1, 2, 1, 1, NULL, '2021-07-21', '2022-03-09', 3),
(154, 1, 2, 7, 9, 3, 1, 1, 1, 10, 'S/N1', '', 1, 2, 10, '1.7', '4', NULL, 1, 500, 2, 1, 1, '2016-07-22', '', 1, 1, 1, 3, 2, NULL, '2021-07-21', '2022-02-02', 3),
(155, 1, 2, 7, 9, 3, 1, 1, 1, 2, '511244374', '', 1, 1, 4, '2.8', '3', NULL, 1, 250, 2, 1, 1, '2012-01-01', '', 1, 1, 1, 1, 2, NULL, '2021-07-21', '2022-02-02', 3),
(156, 1, 2, 7, 9, 3, 1, 1, 1, 36, 'S/N2', '', 1, 7, 24, '3.0', '2', NULL, 1, 320, 2, 1, 1, '2010-01-01', '', 1, 1, 1, 3, 2, NULL, '2021-07-21', '2022-02-02', 3),
(157, 1, 2, 7, 9, 3, 1, 1, 1, 36, 'S/N3', '', 1, 1, 7, '2.6', '4', NULL, 1, 500, 2, 1, 1, '2012-01-01', '', 1, 1, 1, 1, 2, NULL, '2021-07-21', '2022-02-02', 3),
(158, 1, 2, 7, 9, 3, 1, 1, 1, 12, 'NXVAKAL0015071D2637600', '', 1, 2, 9, '1.7', '4', NULL, 1, 500, 2, 1, 1, '2018-07-22', 'Al equipo le falta una tecla de navegación', 1, 1, 2, 1, 1, NULL, '2021-07-21', '2022-03-08', 3),
(159, 1, 2, 7, 9, 3, 1, 1, 1, 37, 'S/N4', '', 1, 1, 7, '2.6', '4', NULL, 1, 150, 2, 1, 1, '2012-01-01', '', 1, 1, 1, 1, 2, NULL, '2021-07-21', '2022-02-02', 3),
(160, 1, 2, 7, 9, 3, 1, 1, 1, 35, 'S/N5', '', 1, 1, 6, '2.5', '2', NULL, 1, 1, 1, 1, 1, '2012-01-01', '', 1, 1, 1, 1, 2, NULL, '2021-07-21', '2022-02-02', 3),
(161, 1, 2, 7, 7, 76, 1, 1, 1, 5, 'NXGD1AL00373805BA83400', '', 1, 2, 12, '2.0', '4', NULL, 1, 1, 3, 1, 1, '2017-10-13', '', 1, 1, 1, 3, 2, NULL, '2021-07-21', '2022-01-10', 3),
(162, 1, 2, 7, 9, 3, 1, 1, 1, 12, 'NXVAKAL0015071D2367600', '', 1, 2, 9, '1.7', '4', NULL, 1, 500, 2, 1, 1, '2018-07-22', 'Equipo con falla en teclado y tarjeta de red dañada', 1, 1, 2, 3, 2, NULL, '2021-07-21', '2022-02-22', 3),
(163, 1, 4, 14, 48, 15, 1, 1, 3, 18, '2RN51P2', '', 1, 2, 14, '2.3', '16', NULL, 1, 960, 2, 2, 3, '2019-02-22', '   ', 1, 1, 1, 3, 2, NULL, '2021-07-21', '2022-02-18', 3),
(164, 1, 2, 8, 15, 57, 1, 1, 1, 5, 'NXGD1AL00373805B3C3400', '', 1, 2, 12, '2.0', '4', NULL, 1, 1, 3, 1, 1, '2017-10-13', '', 1, 1, 1, 3, 2, NULL, '2021-07-21', '2022-01-13', 3),
(165, 1, 2, 9, 21, 61, 1, 1, 1, 10, 'NXV8WAL00241008F0A3400', '', 1, 2, 10, '1.7', '6', NULL, 1, 500, 2, 1, 1, '2016-07-22', '', 1, 1, 1, 3, 2, NULL, '2021-07-21', '2022-01-08', 7),
(166, 1, 2, 9, 29, 63, 1, 1, 1, 12, 'NXVAKAL00151318B867600', '', 1, 2, 9, '1.7', '4', NULL, 1, 500, 2, 1, 1, '2018-07-22', '', 1, 1, 1, 4, 2, NULL, '2021-07-21', '2022-02-10', 3),
(167, 1, 2, 7, 9, 3, 1, 1, 1, 5, 'NXGD1AL00373805BA33400', '', 1, 2, 12, '2.0', '12', NULL, 1, 512, 2, 2, 3, '2017-10-13', '  ', 1, 1, 1, 3, 2, NULL, '2021-07-21', '2022-02-22', 3),
(168, 1, 2, 32, 23, 58, 1, 1, 4, 23, '5CD9132515', '', 1, 3, 21, '2.3', '8', NULL, 1, 1, 3, 1, 1, '2019-05-20', '', 1, 1, 1, 3, 2, NULL, '2021-07-21', '2022-01-13', 3),
(169, 1, 2, 32, 23, 58, 1, 1, 1, 5, 'NXGD1AL003738062933400', '', 1, 2, 12, '2.0', '4', NULL, 1, 1, 3, 1, 1, '2017-10-13', '', 1, 1, 1, 3, 2, NULL, '2021-07-21', '2022-01-13', 3),
(170, 1, 2, 32, 32, 59, 1, 1, 5, 29, 'MP1KN8H2', '', 1, 2, 14, '2.3', '8', NULL, 1, 1, 3, 1, 1, '2019-10-15', '', 1, 1, 1, 3, 2, NULL, '2021-07-21', '2022-01-08', 7),
(171, 1, 2, 32, 32, 60, 1, 1, 5, 25, 'MP10CQ2E', '', 1, 2, 9, '1.7', '4', NULL, 1, 500, 2, 1, 1, '2017-10-13', '', 1, 1, 1, 3, 2, NULL, '2021-07-21', '2022-01-08', 7),
(172, 1, 3, 10, 44, 9, 1, 1, 5, 25, 'MP09W85U', '', 1, 2, 9, '1.7', '4', NULL, 1, 500, 2, 1, 1, '2017-10-13', '', 1, 1, 1, 3, 2, NULL, '2021-07-21', '2022-01-13', 3),
(173, 1, 3, 10, 44, 9, 1, 1, 3, 17, 'JS54LC2', '', 1, 2, 11, '2.0', '4', NULL, 1, 500, 2, 1, 1, '2018-02-22', ' ', 1, 1, 1, 1, 1, NULL, '2021-07-21', '2022-02-23', 3),
(174, 1, 3, 10, 44, 9, 1, 1, 5, 31, 'MP1J2T3T', '', 1, 2, 14, '2.3', '8', NULL, 1, 1, 3, 1, 1, '2018-10-15', '', 1, 1, 1, 3, 2, NULL, '2021-07-21', '2022-01-13', 3),
(175, 1, 2, 7, 9, 3, 1, 1, 3, 17, 'J2RNKC2', '', 1, 2, 11, '2.0', '4', NULL, 1, 500, 2, 1, 1, '2018-02-22', '', 1, 1, 1, 3, 2, NULL, '2021-07-21', '2022-01-15', 7),
(176, 1, 3, 11, 45, 10, 1, 1, 1, 13, 'NXVEFAL030734057707200', '', 1, 2, 15, '2.4', '8', NULL, 1, 1, 3, 1, 1, '2019-07-22', '', 1, 1, 1, 3, 2, NULL, '2021-07-21', '2022-01-13', 3),
(177, 1, 3, 11, 45, 10, 1, 1, 3, 17, '3MF5KC2', '', 1, 2, 11, '2.0', '8', NULL, 1, 480, 2, 2, 3, '2018-02-22', ' ', 1, 1, 1, 3, 2, NULL, '2021-07-21', '2022-02-18', 3),
(178, 1, 3, 11, 87, 99, 1, 1, 1, 5, 'NXGD1AL00373805B373400', '', 1, 2, 12, '2.0', '4', NULL, 1, 1, 3, 1, 1, '2017-10-13', '', 1, 1, 1, 3, 2, NULL, '2021-07-21', '2022-01-12', 3),
(179, 1, 2, 7, 8, 87, 1, 1, 1, 13, 'NXVEFAL0307340588A7200', '', 1, 2, 15, '2.4', '12', NULL, 1, 960, 2, 2, 3, '2019-07-22', '<table border=\"0\" cellpadding=\"0\" cellspacing=\"0\" width=\"569\" style=\"width: 427pt;\"><tbody><tr height=\"18\" style=\"height:13.8pt\">\r\n  <td height=\"18\" class=\"xl42108\" width=\"569\" style=\"height:13.8pt;width:427pt\">CAMBIO\r\n  DE EQUIPO, POR REINICIOS INESPERADOS EN EL EQUIPO ANTERIOR</td></tr></tbody></table>          ', 1, 1, 1, 3, 2, NULL, '2021-07-21', '2022-05-06', 2),
(180, 1, 3, 12, 34, 12, 1, 1, 5, 31, 'MP1J2W5B', '', 1, 2, 14, '2.3', '8', NULL, 1, 1, 3, 1, 1, '2018-10-15', '', 1, 1, 1, 3, 2, NULL, '2021-07-21', '2022-01-12', 3),
(181, 1, 3, 12, 46, 13, 1, 1, 3, 17, 'CQY0LC2', '', 1, 2, 11, '2.0', '4', NULL, 1, 500, 2, 1, 1, '2018-02-22', '', 1, 1, 1, 3, 2, NULL, '2021-07-21', '2022-01-13', 3),
(182, 1, 3, 12, 46, 13, 1, 1, 3, 18, 'DGQC0P2', '', 1, 2, 14, '2.3', '8', NULL, 1, 1, 3, 1, 1, '2019-02-22', '', 1, 1, 1, 1, 2, NULL, '2021-07-21', '2022-02-02', 3),
(183, 1, 3, 12, 46, 13, 1, 1, 1, 12, 'NXVAKAL001507102127600', '', 1, 2, 9, '1.7', '4', NULL, 1, 500, 2, 1, 1, '2018-07-22', '', 1, 1, 5, 4, 2, NULL, '2021-07-21', '2022-02-02', 3),
(184, 1, 3, 12, 46, 13, 1, 1, 3, 17, '3RSGKC2', '', 1, 2, 11, '2.0', '8', NULL, 1, 480, 2, 2, 3, '2018-02-22', '  ', 1, 1, 1, 3, 2, NULL, '2021-07-21', '2022-02-18', 3),
(185, 1, 2, 7, 9, 3, 1, 1, 3, 17, 'CQ72LC2', '', 1, 2, 11, '2.0', '4', NULL, 1, 500, 2, 1, 1, '2018-02-22', 'FALLA BATERIA Y ADAPTADOR AC, AL ENCENDER ENTRA A DIAGNOSTICOS DIRECTO<br>', 1, 1, 1, 4, 2, NULL, '2021-07-21', '2022-05-06', 2),
(186, 1, 4, 13, 47, 16, 1, 1, 4, 21, '5CD73562TB', '', 1, 2, 12, '2.0', '4', NULL, 1, 500, 2, 1, 1, '2017-10-13', '', 1, 1, 1, 3, 2, NULL, '2021-07-21', '2022-01-11', 3),
(187, 1, 6, 23, 57, 31, 1, 1, 5, 29, 'MP1PXYAR', '', 1, 2, 14, '2.3', '12', NULL, 1, 512, 2, 2, 3, '2020-03-15', '  ', 1, 1, 1, 4, 1, NULL, '2021-07-21', '2022-03-17', 3),
(188, 1, 4, 13, 47, 16, 1, 1, 1, 13, 'NXVEFAL030734057277200', '', 1, 2, 15, '2.4', '8', NULL, 1, 960, 2, 2, 3, '2019-09-05', ' ', 1, 1, 1, 3, 2, NULL, '2021-07-21', '2022-02-09', 3),
(189, 1, 4, 14, 48, 15, 1, 1, 3, 18, '46QC0P2', '', 1, 2, 14, '2.3', '8', NULL, 1, 480, 2, 2, 3, '2019-02-22', ' ', 1, 1, 1, 3, 2, NULL, '2021-07-21', '2022-02-09', 3),
(190, 1, 4, 14, 48, 15, 1, 1, 3, 17, 'FZH7LC2', '', 1, 2, 11, '2.0', '4', NULL, 1, 500, 2, 1, 1, '2018-02-22', '', 1, 1, 1, 4, 2, NULL, '2021-07-21', '2022-05-09', 3),
(191, 1, 4, 14, 48, 15, 1, 1, 4, 21, '5CD73562V9', '', 1, 2, 12, '2.0', '8', NULL, 1, 500, 2, 1, 1, '2017-10-13', ' ', 1, 1, 1, 1, 1, NULL, '2021-07-21', '2022-02-23', 3),
(192, 1, 4, 14, 48, 15, 1, 1, 3, 18, 'J6ZG2P2', '', 1, 2, 14, '2.3', '8', NULL, 1, 1, 3, 1, 1, '2019-04-12', '', 1, 1, 1, 3, 2, NULL, '2021-07-21', '2022-01-11', 3),
(193, 1, 4, 14, 48, 15, 1, 1, 4, 21, '5CD73562TW', '', 1, 2, 12, '2.0', '8', NULL, 1, 500, 2, 1, 1, '2017-10-13', '', 1, 1, 1, 3, 2, NULL, '2021-07-21', '2022-01-11', 3),
(194, 1, 4, 14, 48, 15, 1, 1, 3, 17, '457DKC2', '', 1, 2, 11, '2.0', '4', NULL, 1, 500, 2, 1, 1, '2018-02-22', '', 1, 1, 1, 3, 2, NULL, '2021-07-21', '2022-01-13', 3),
(195, 1, 4, 14, 48, 15, 1, 1, 5, 27, 'PF0LHRQ8', '', 1, 2, 11, '2.0', '4', NULL, 1, 500, 2, 1, 1, '2016-01-01', ' ', 1, 1, 1, 1, 1, NULL, '2021-07-21', '2022-02-23', 3),
(196, 1, 4, 14, 48, 15, 1, 1, 3, 17, 'J4F8LC2', '', 1, 2, 11, '2.0', '4', NULL, 1, 500, 2, 1, 1, '2018-02-22', ' ', 1, 1, 1, 1, 1, NULL, '2021-07-21', '2022-02-23', 3),
(197, 1, 4, 14, 48, 15, 1, 1, 5, 25, 'MP08B8VZ', '', 1, 2, 9, '1.7', '4', NULL, 1, 500, 2, 1, 1, '2017-10-13', ' ', 1, 1, 1, 1, 1, NULL, '2021-07-21', '2022-02-23', 3),
(198, 1, 4, 14, 48, 15, 1, 1, 4, 21, '5CD73562RF', '', 1, 2, 12, '2.0', '8', NULL, 1, 500, 2, 1, 1, '2017-10-13', '', 1, 1, 1, 3, 2, NULL, '2021-07-21', '2022-01-11', 3),
(199, 1, 4, 14, 67, 18, 1, 1, 1, 5, 'NXGD1AL00373805BE73400', '', 1, 2, 12, '2.0', '4', NULL, 1, 1, 3, 1, 1, '2017-10-13', '', 1, 1, 1, 3, 2, NULL, '2021-07-21', '2022-02-01', 3),
(200, 1, 4, 16, 50, 19, 1, 1, 1, 9, 'NXVD4AL007708275B37600', '', 1, 3, 17, '2.3', '8', NULL, 1, 1, 3, 1, 1, '2018-02-13', '', 1, 1, 1, 3, 2, NULL, '2021-07-21', '2022-02-02', 3),
(201, 1, 4, 17, 51, 23, 1, 1, 4, 20, '5CD738BLSR', '', 1, 7, 25, '2.6', '3', NULL, 1, 100, 2, 1, 1, '2010-01-01', '  ', 1, 1, 4, 3, 1, NULL, '2021-07-21', '2022-02-23', 3),
(202, 1, 4, 17, 51, 23, 1, 1, 3, 18, '52ZG2P2', '', 1, 2, 14, '2.3', '8', NULL, 1, 1, 3, 1, 1, '2019-02-22', '', 1, 1, 5, 4, 2, NULL, '2021-07-21', '2022-01-14', 3),
(203, 1, 4, 17, 51, 23, 1, 2, 7, 34, '5FZG2P2', '', 1, 1, 6, '2.5', '4', NULL, 1, 200, 2, 1, 1, '2012-01-01', '', 1, 1, 5, 4, 2, NULL, '2021-07-21', '2022-01-14', 3),
(204, 1, 4, 17, 51, 23, 1, 1, 1, 5, 'NXGD1AL00373805B503400', '', 1, 2, 12, '2.0', '4', NULL, 1, 1, 3, 1, 1, '2017-10-13', ' ', 1, 1, 1, 1, 1, NULL, '2021-07-21', '2022-02-23', 3),
(205, 1, 4, 18, 52, 25, 1, 1, 1, 13, 'NXVEFAL030734058057200', '', 1, 2, 15, '2.4', '8', NULL, 1, 1, 3, 1, 1, '2019-08-27', ' ', 1, 1, 5, 3, 2, NULL, '2021-07-21', '2022-02-09', 3),
(206, 1, 4, 31, 64, 21, 1, 1, 1, 5, 'NXGD1AL003738061913400', '', 1, 2, 12, '2.0', '4', NULL, 1, 1, 3, 1, 1, '2017-10-13', '', 1, 1, 5, 4, 2, NULL, '2021-07-21', '2022-01-13', 3),
(207, 1, 4, 31, 71, 22, 1, 1, 1, 5, 'NXGD1AL0037380620D3400', '', 1, 2, 12, '2.0', '4', NULL, 1, 1, 3, 1, 1, '2017-10-13', '', 1, 1, 5, 4, 2, NULL, '2021-07-21', '2022-01-14', 3),
(208, 1, 5, 19, 53, 26, 1, 1, 5, 29, 'MP1MXSEK', '', 1, 2, 14, '2.3', '8', NULL, 1, 1, 3, 1, 1, '2020-01-21', '', 1, 1, 1, 3, 2, NULL, '2021-07-21', '2022-02-01', 3),
(209, 1, 5, 20, 54, 27, 1, 1, 1, 13, 'NXVEFAL030734058A97200', '', 1, 2, 15, '2.4', '8', NULL, 1, 1, 3, 1, 1, '2019-07-22', '', 1, 1, 1, 3, 2, NULL, '2021-07-21', '2022-01-11', 3),
(210, 1, 3, 10, 44, 9, 1, 1, 3, 18, '8GN51P2', '', 1, 2, 14, '2.3', '8', NULL, 1, 1, 3, 1, 1, '2019-02-22', '   ', 1, 1, 1, 4, 1, NULL, '2021-07-21', '2022-04-28', 3),
(211, 1, 5, 21, 55, 29, 1, 1, 3, 18, '7SQC0P2', '', 1, 2, 14, '2.3', '16', NULL, 1, 960, 2, 2, 3, '2019-02-22', ' ', 1, 1, 1, 3, 2, NULL, '2021-07-21', '2022-02-18', 3),
(212, 1, 5, 21, 55, 29, 1, 1, 6, 33, 'YE062499S', '', 1, 3, 16, '1.7', '6', NULL, 1, 750, 2, 1, 1, '2015-01-01', '  ', 1, 1, 1, 1, 1, NULL, '2021-07-21', '2022-02-23', 3),
(213, 1, 5, 21, 55, 29, 1, 1, 5, 29, 'MP1PXSJN', '', 1, 2, 14, '2.3', '8', NULL, 1, 1, 3, 1, 1, '2020-01-21', '', 1, 1, 1, 3, 2, NULL, '2021-07-21', '2022-01-11', 3),
(214, 1, 2, 7, 9, 3, 1, 1, 4, 21, '5CD73562WL', '', 1, 2, 12, '2.0', '8', NULL, 1, 500, 2, 1, 1, '2017-10-13', '  ', 1, 1, 1, 4, 1, NULL, '2021-07-21', '2022-03-30', 3),
(215, 1, 2, 7, 9, 3, 1, 1, 1, 3, 'NXMMSAA01244301AEC3400', '', 1, 3, 16, '1.7', '4', NULL, 1, 500, 2, 1, 1, '2015-01-01', 'Equipo fue enviado desde tijuana sin adaptador de corriente.', 1, 1, 1, 4, 1, NULL, '2021-07-21', '2022-03-30', 3),
(216, 1, 6, 22, 56, 30, 1, 1, 3, 18, 'HVH8TJ2', '', 1, 2, 12, '2.0', '8', NULL, 1, 1, 3, 1, 1, '2019-02-22', '', 1, 1, 1, 3, 2, NULL, '2021-07-21', '2022-02-02', 3),
(217, 1, 6, 22, 56, 30, 1, 1, 4, 22, '5CB42402P9', '', 1, 2, 8, '2.4', '4', NULL, 1, 500, 2, 1, 1, '2015-01-01', '', 1, 1, 1, 3, 2, NULL, '2021-07-21', '2022-01-26', 3),
(218, 1, 6, 23, 57, 31, 1, 1, 5, 29, 'MP1MXSBF', '', 1, 2, 14, '2.3', '8', NULL, 1, 1, 3, 1, 1, '2020-01-21', '', 1, 1, 1, 3, 2, NULL, '2021-07-21', '2022-01-31', 3),
(219, 1, 6, 23, 57, 31, 1, 1, 5, 29, 'MP1MXSCD', '', 1, 2, 14, '2.3', '8', NULL, 1, 1, 3, 1, 1, '2020-01-21', '', 1, 1, 1, 3, 2, NULL, '2021-07-21', '2022-01-08', 3),
(220, 1, 6, 23, 57, 31, 1, 1, 5, 29, 'MP1MXNBN', '', 1, 2, 14, '2.3', '8', NULL, 1, 1, 3, 1, 1, '2020-01-21', '  ', 1, 1, 1, 3, 2, NULL, '2021-07-21', '2022-03-04', 3),
(221, 1, 6, 23, 57, 31, 1, 1, 5, 29, 'MP1MXSC1', '', 1, 2, 14, '2.3', '8', NULL, 1, 1, 3, 1, 1, '2020-01-21', '  ', 1, 1, 1, 3, 2, NULL, '2021-07-21', '2022-03-04', 3),
(222, 1, 6, 23, 57, 31, 1, 1, 5, 29, 'MP1MXS5L', '', 1, 2, 14, '2.3', '8', NULL, 1, 1, 3, 1, 1, '2020-01-21', '', 1, 1, 1, 3, 2, NULL, '2021-07-21', '2022-02-02', 3),
(223, 1, 6, 23, 57, 31, 1, 1, 5, 29, 'MP1MXND8', '', 1, 2, 14, '2.3', '8', NULL, 1, 1, 3, 1, 1, '2020-01-24', '', 1, 1, 1, 3, 2, NULL, '2021-07-21', '2022-02-02', 3),
(224, 1, 2, 7, 9, 3, 1, 1, 5, 29, 'MP1HDHX6', '', 1, 2, 14, '2.3', '8', NULL, 1, 1, 3, 1, 1, '2020-01-21', ' ', 1, 1, 1, 4, 1, NULL, '2021-07-21', '2022-04-20', 3),
(225, 1, 6, 23, 57, 31, 1, 1, 1, 13, 'NXVEFAL011719023877200', '', 1, 2, 15, '2.4', '12', NULL, 1, 960, 2, 2, 3, '2019-09-05', '', 1, 1, 1, 3, 2, NULL, '2021-07-21', '2022-01-08', 3),
(226, 1, 6, 23, 57, 32, 1, 1, 1, 13, 'NXVEFAL030734057F67200', '', 1, 2, 15, '2.4', '8', NULL, 1, 1, 3, 1, 1, '2019-07-22', '', 1, 1, 1, 3, 2, NULL, '2021-07-21', '2022-02-02', 3),
(227, 1, 2, 7, 9, 3, 1, 1, 5, 29, 'MP1MXS59', '', 1, 2, 14, '2.3', '8', NULL, 1, 1, 3, 1, 1, '2019-10-15', '  ', 1, 1, 1, 4, 1, NULL, '2021-07-21', '2022-04-20', 3),
(228, 1, 6, 24, 58, 33, 1, 1, 5, 29, 'MP1MXRQG', '', 1, 2, 14, '2.3', '8', NULL, 1, 1, 3, 1, 1, '2020-01-21', ' ', 1, 1, 1, 1, 1, NULL, '2021-07-21', '2022-02-23', 3),
(229, 1, 6, 24, 58, 33, 1, 1, 3, 18, 'J2ZG2P2', '', 1, 2, 14, '2.3', '8', NULL, 1, 1, 3, 1, 1, '2019-04-15', '', 1, 1, 1, 3, 2, NULL, '2021-07-21', '2022-01-31', 3),
(230, 1, 6, 24, 58, 33, 1, 1, 3, 18, '3JL00P2', '', 1, 2, 14, '2.3', '8', NULL, 1, 1, 3, 1, 1, '2019-04-15', ' ', 1, 1, 1, 1, 1, NULL, '2021-07-21', '2022-02-23', 3),
(231, 1, 7, 26, 14, 20, 1, 1, 1, 13, 'NXVEFAL0307340577E7200', '', 1, 2, 15, '2.4', '8', NULL, 1, 1, 3, 1, 1, '2019-07-22', '', 1, 1, 1, 3, 2, NULL, '2021-07-21', '2022-01-08', 3),
(232, 1, 7, 26, 60, 34, 1, 1, 3, 18, '3BB9BL2', '', 1, 2, 12, '2.0', '8', NULL, 1, 1, 3, 1, 1, '2018-07-27', '', 1, 1, 1, 3, 2, NULL, '2021-07-21', '2022-02-01', 3),
(233, 1, 7, 26, 60, 34, 1, 1, 3, 17, '2KQHKC2', '', 1, 2, 11, '2.0', '4', NULL, 1, 500, 2, 1, 1, '2018-02-22', '  ', 1, 1, 2, 1, 1, NULL, '2021-07-21', '2022-02-23', 3),
(234, 1, 7, 26, 60, 34, 1, 1, 3, 17, 'J28JKC2', '', 1, 2, 11, '2.0', '4', NULL, 1, 500, 2, 1, 1, '2018-02-22', '', 1, 1, 1, 3, 2, NULL, '2021-07-21', '2022-01-08', 3),
(235, 1, 7, 26, 60, 34, 1, 1, 1, 13, 'NXVEFAL030734057317200', '', 1, 2, 15, '2.4', '8', NULL, 1, 1, 3, 1, 1, '2019-07-22', '', 1, 1, 1, 4, 2, NULL, '2021-07-21', '2022-03-17', 3),
(236, 1, 7, 27, 61, 35, 1, 1, 5, 29, 'MP1KN4D0', '', 1, 2, 14, '2.3', '8', NULL, 1, 1, 3, 1, 1, '2019-10-15', '', 1, 1, 1, 3, 2, NULL, '2021-07-21', '2022-01-08', 3),
(237, 1, 7, 27, 61, 35, 1, 1, 1, 13, 'NXVEFAL030734058117200', '', 1, 2, 15, '2.4', '12', NULL, 1, 960, 2, 2, 3, '2019-07-22', '', 1, 1, 1, 3, 2, NULL, '2021-07-21', '2022-01-08', 3),
(238, 1, 7, 27, 61, 35, 1, 1, 3, 17, '5F9NKC2', '', 1, 2, 11, '2.0', '4', NULL, 1, 500, 2, 1, 1, '2018-02-22', '', 1, 1, 1, 3, 2, NULL, '2021-07-21', '2022-01-08', 3),
(239, 1, 7, 27, 61, 36, 1, 1, 3, 17, '370KLC2', '', 1, 2, 11, '2.0', '4', NULL, 1, 500, 2, 1, 1, '2018-02-22', '', 1, 1, 1, 3, 2, NULL, '2021-07-21', '2022-01-08', 3),
(240, 1, 7, 27, 61, 36, 1, 1, 5, 28, 'MP16L824', '', 1, 3, 18, '2.4', '8', NULL, 1, 500, 2, 1, 1, '2017-01-01', 'El equipo ya no prendio.', 1, 1, 3, 3, 2, NULL, '2021-07-21', '2022-03-24', 3),
(241, 1, 7, 27, 61, 37, 1, 1, 5, 29, 'MP1KND6Z', '', 1, 2, 14, '2.3', '8', NULL, 1, 1, 3, 1, 1, '2020-01-21', '', 1, 1, 1, 3, 2, NULL, '2021-07-21', '2022-01-08', 3),
(242, 1, 7, 29, 24, 38, 1, 1, 4, 24, '5CD5506JQ9', '', 1, 2, 13, '2.3', '8', NULL, 1, 1, 3, 1, 1, '2017-01-01', '', 1, 1, 1, 3, 2, NULL, '2021-07-21', '2022-01-08', 3),
(243, 1, 7, 29, 24, 38, 1, 1, 1, 12, 'NXVAKAL00151318B537600', '', 1, 2, 9, '1.7', '8', NULL, 1, 480, 2, 2, 3, '2018-07-22', ' ', 1, 1, 1, 3, 2, NULL, '2021-07-21', '2022-02-18', 3),
(244, 1, 7, 29, 24, 38, 1, 1, 5, 25, 'MP10CPR5', '', 1, 2, 9, '1.7', '4', NULL, 1, 500, 2, 1, 1, '2017-10-13', ' ', 1, 1, 4, 1, 1, NULL, '2021-07-21', '2022-02-23', 3),
(245, 1, 7, 29, 73, 39, 1, 1, 1, 4, 'NXGE6AL008629019FD7600', '', 1, 2, 13, '2.3', '8', NULL, 1, 1, 3, 1, 1, '2017-01-01', '', 1, 1, 1, 3, 2, NULL, '2021-07-21', '2022-01-08', 3),
(246, 1, 7, 26, 60, 34, 1, 1, 3, 18, 'JNP4YN2', '', 1, 2, 14, '2.3', '8', NULL, 1, 1, 3, 1, 1, '2019-02-22', '', 1, 1, 1, 3, 2, NULL, '2021-07-21', '2022-01-08', 3),
(247, 1, 7, 30, 39, 40, 1, 1, 1, 6, 'NXGZRAL011909056FF6600', '', 1, 3, 20, '1.6', '8', NULL, 1, 1, 3, 1, 1, '2020-05-12', '', 1, 1, 1, 3, 2, NULL, '2021-07-21', '2022-01-08', 3),
(248, 1, 7, 30, 39, 40, 1, 1, 1, 6, 'NXGZRAL011909056F96600', '', 1, 3, 20, '1.6', '8', NULL, 1, 1, 3, 1, 1, '2020-05-12', '', 1, 1, 1, 3, 2, NULL, '2021-07-21', '2022-01-08', 3),
(249, 1, 7, 30, 39, 40, 1, 1, 1, 6, 'NXGZRAL011909057256600', '', 1, 3, 20, '1.6', '8', NULL, 1, 1, 3, 1, 1, '2020-05-12', '', 1, 1, 2, 3, 2, NULL, '2021-07-21', '2022-01-08', 3),
(250, 1, 7, 30, 63, 41, 1, 1, 3, 18, 'BPQC0P2', '', 1, 2, 14, '2.3', '8', NULL, 1, 1, 3, 1, 1, '2019-02-22', '', 1, 1, 1, 3, 2, NULL, '2021-07-21', '2022-01-08', 3),
(251, 1, 7, 30, 63, 42, 1, 1, 4, 21, '5CD73562XD', '', 1, 2, 12, '2.0', '8', NULL, 1, 500, 2, 1, 1, '2017-10-17', '', 1, 1, 1, 4, 2, NULL, '2021-07-21', '2022-05-03', 3),
(252, 1, 7, 30, 63, 42, 1, 1, 3, 17, 'J50KLC2', '', 1, 2, 11, '2.0', '4', NULL, 1, 500, 2, 1, 1, '2018-02-22', '', 1, 1, 1, 3, 2, NULL, '2021-11-11', '2022-01-08', 3),
(253, 4, 14, 35, 84, 91, 1, 1, 5, 39, 'PF2GJ32W', '', 1, 6, 26, '2.8', '10', NULL, 1, 512, 2, 1, 1, '2021-12-23', '', 1, 1, 1, 4, 2, NULL, '2021-12-22', '2021-12-24', 3);

-- --------------------------------------------------------

--
-- Estructura de tabla para la tabla `equipos_discoduro`
--

CREATE TABLE `equipos_discoduro` (
  `id` int(11) NOT NULL,
  `nombre` text COLLATE utf8mb4_unicode_ci NOT NULL,
  `id_estado` int(11) NOT NULL,
  `fechaModificacion` date DEFAULT NULL,
  `fechaRegistro` date DEFAULT NULL,
  `id_administrador` int(11) NOT NULL
) ENGINE=InnoDB DEFAULT CHARSET=utf8mb4 COLLATE=utf8mb4_unicode_ci;

--
-- Volcado de datos para la tabla `equipos_discoduro`
--

INSERT INTO `equipos_discoduro` (`id`, `nombre`, `id_estado`, `fechaModificacion`, `fechaRegistro`, `id_administrador`) VALUES
(1, 'HDD', 1, '2021-12-13', '2021-12-13', 1),
(2, 'SSD', 1, '2021-12-13', '2021-12-13', 1);

-- --------------------------------------------------------

--
-- Estructura de tabla para la tabla `equipos_discoduro_tipo`
--

CREATE TABLE `equipos_discoduro_tipo` (
  `id` int(11) NOT NULL,
  `nombre` text COLLATE utf8mb4_unicode_ci NOT NULL,
  `id_tipo` int(11) NOT NULL,
  `id_estado` int(11) NOT NULL,
  `fechaModificacion` date DEFAULT NULL,
  `fechaRegistro` date DEFAULT NULL,
  `id_administrador` int(11) NOT NULL
) ENGINE=InnoDB DEFAULT CHARSET=utf8mb4 COLLATE=utf8mb4_unicode_ci;

--
-- Volcado de datos para la tabla `equipos_discoduro_tipo`
--

INSERT INTO `equipos_discoduro_tipo` (`id`, `nombre`, `id_tipo`, `id_estado`, `fechaModificacion`, `fechaRegistro`, `id_administrador`) VALUES
(1, '5200 RPM', 1, 1, '2022-01-31', '2021-12-13', 3),
(2, '7200 RPM', 1, 1, '2021-12-13', '2021-12-13', 1),
(3, '3.5', 2, 1, '2021-12-18', '2021-12-13', 1),
(4, 'M2', 2, 1, '2021-12-13', '2021-12-13', 1),
(5, 'MSATA', 1, 1, '2022-01-28', '2022-01-28', 3);

-- --------------------------------------------------------

--
-- Estructura de tabla para la tabla `equipos_estadofisico`
--

CREATE TABLE `equipos_estadofisico` (
  `id` int(1) NOT NULL,
  `nombre` text DEFAULT NULL,
  `id_estado` int(1) DEFAULT NULL,
  `fechaRegistro` date DEFAULT NULL,
  `fechaModificacion` date DEFAULT NULL
) ENGINE=Aria DEFAULT CHARSET=utf8;

--
-- Volcado de datos para la tabla `equipos_estadofisico`
--

INSERT INTO `equipos_estadofisico` (`id`, `nombre`, `id_estado`, `fechaRegistro`, `fechaModificacion`) VALUES
(1, 'OK', 1, '2021-11-11', '2021-11-11'),
(2, 'CON FALLA', 1, '2021-11-11', '2021-11-11'),
(3, 'DAÑADO', 1, '2021-11-11', '2021-11-11'),
(4, 'OBSOLETO', 1, '2021-11-11', '2021-11-11'),
(5, 'NO LOCALIZADO', 1, '2021-11-11', '2021-11-11');

-- --------------------------------------------------------

--
-- Estructura de tabla para la tabla `equipos_ram`
--

CREATE TABLE `equipos_ram` (
  `id` int(11) NOT NULL,
  `nombre` text COLLATE utf8mb4_unicode_ci NOT NULL,
  `id_estado` int(11) NOT NULL,
  `fechaModificacion` date DEFAULT NULL,
  `fechaRegistro` date DEFAULT NULL,
  `id_administrador` int(11) NOT NULL
) ENGINE=InnoDB DEFAULT CHARSET=utf8mb4 COLLATE=utf8mb4_unicode_ci;

--
-- Volcado de datos para la tabla `equipos_ram`
--

INSERT INTO `equipos_ram` (`id`, `nombre`, `id_estado`, `fechaModificacion`, `fechaRegistro`, `id_administrador`) VALUES
(1, 'DDR3', 1, '2021-12-22', '2021-12-03', 3),
(2, 'DDR4', 1, '2021-12-22', '2021-12-22', 0);

-- --------------------------------------------------------

--
-- Estructura de tabla para la tabla `equipos_status`
--

CREATE TABLE `equipos_status` (
  `id` int(1) NOT NULL,
  `nombre` text DEFAULT NULL,
  `id_estado` int(1) DEFAULT NULL,
  `fechaRegistro` date DEFAULT NULL,
  `fechaModificacion` date DEFAULT NULL
) ENGINE=Aria DEFAULT CHARSET=utf8;

--
-- Volcado de datos para la tabla `equipos_status`
--

INSERT INTO `equipos_status` (`id`, `nombre`, `id_estado`, `fechaRegistro`, `fechaModificacion`) VALUES
(1, 'OK', 1, '2021-11-11', '2021-11-11'),
(2, 'CON FALLA', 1, '2021-11-11', '2021-11-11'),
(3, 'DAÑADO', 1, '2021-11-11', '2021-11-11'),
(4, 'OBSOLETO', 1, '2021-11-11', '2021-11-11'),
(5, 'NO LOCALIZADO', 1, '2021-11-11', '2021-11-11');

-- --------------------------------------------------------

--
-- Estructura de tabla para la tabla `imagenes_equipo`
--

CREATE TABLE `imagenes_equipo` (
  `id` int(11) NOT NULL,
  `url` text NOT NULL,
  `id_tipo` int(11) NOT NULL,
  `id_status` int(11) NOT NULL,
  `id_equipo` int(11) NOT NULL,
  `fechaRegistro` date NOT NULL,
  `fechaModificacion` date NOT NULL
) ENGINE=InnoDB DEFAULT CHARSET=utf8mb4;

--
-- Volcado de datos para la tabla `imagenes_equipo`
--

INSERT INTO `imagenes_equipo` (`id`, `url`, `id_tipo`, `id_status`, `id_equipo`, `fechaRegistro`, `fechaModificacion`) VALUES
(1, 'c374a2448b361b9216626c80be9823e6.png', 1, 1, 1, '2022-03-06', '2022-03-07'),
(2, 'c3caf8f4baa77c9631ebea6b153b0f0f.png', 1, 1, 2, '2022-03-06', '2022-03-07'),
(3, '7739daae289b2efb741c190953264865.png', 1, 1, 3, '2022-03-06', '2022-03-07'),
(4, '97be774bdc3a34a5db8d1c680832cc89.png', 2, 1, 1, '2022-03-07', '2022-03-07'),
(5, '877b4ef7fda6113bf060e9ca790cd316.png', 2, 1, 1, '2022-03-07', '2022-03-07'),
(6, 'ca550ad0679fd973e3079f705e4a800a.png', 2, 1, 1, '2022-03-07', '2022-03-07'),
(7, 'bb4b68da2a255325021dc8645e293b08.png', 2, 1, 1, '2022-03-07', '2022-03-07'),
(8, '29516ee18e8bca4b3bc97bb9e184cab7.png', 2, 1, 2, '2022-03-07', '2022-03-09'),
(9, 'b99e1c127fb1c10dec2f1d38ac9e7f28.png', 2, 1, 2, '2022-03-07', '2022-03-09'),
(10, 'fe9d8c012fd0e80c0a097c474bc68e74.png', 2, 1, 2, '2022-03-07', '2022-03-09'),
(11, '7111126dc93377630d9d6503f9c43ff4.png', 2, 1, 2, '2022-03-07', '2022-03-09'),
(12, '7be35650f82883129892655af561e718.png', 1, 1, 227, '2022-03-07', '2022-03-07'),
(13, '7279ef855f4f232946f519af912ef246.png', 2, 1, 227, '2022-03-07', '2022-03-07'),
(14, 'aa6142c7f9123b051332a383f858e8d2.png', 2, 1, 227, '2022-03-07', '2022-03-07'),
(15, '9cee9650f542c8b21fcfc9db9f5f49c5.png', 2, 1, 227, '2022-03-07', '2022-03-07'),
(16, '28ec660d1d42359e7b3f3ff003090d6f.png', 2, 1, 227, '2022-03-07', '2022-03-07'),
(17, '4adf9dcd4160b115498acd6050704ab9.png', 1, 1, 4, '2022-03-07', '2022-03-07'),
(18, 'f46a68e9fd513091611b363c3fd98890.png', 1, 1, 5, '2022-03-07', '2022-03-07'),
(19, '31cd899d59be4ae8c2ff7adfefb6bae7.png', 1, 1, 6, '2022-03-07', '2022-03-07'),
(20, '7d3164e9db560a95c13943167ad632f5.png', 2, 1, 3, '2022-03-07', '2022-03-07'),
(21, '2e1bd9ebbe40a189b260ee571abe5f60.png', 2, 1, 3, '2022-03-07', '2022-03-07'),
(22, 'd4fe0184e53822a44fdb1d7c8cdb9913.png', 2, 1, 3, '2022-03-07', '2022-03-07'),
(23, '7a5e3fac6c1284480c28522b1a9484f1.png', 2, 1, 3, '2022-03-07', '2022-03-07'),
(24, '8d002607b3d741ee605f2bc0e7d12892.png', 2, 1, 4, '2022-03-07', '2022-03-07'),
(25, 'ee539f254e0c073f17b15c500b669d87.png', 2, 1, 4, '2022-03-07', '2022-03-07'),
(26, '16e74997542fca990401a799297b8478.png', 2, 1, 4, '2022-03-07', '2022-03-07'),
(27, '8619c5cc377724039592d7254ea1fd62.png', 2, 1, 4, '2022-03-07', '2022-03-07'),
(28, '19587078e5e0a8c027010ddc3b74bc84.png', 2, 1, 5, '2022-03-07', '2022-03-07'),
(29, '7c15483fdbbdddb99c09143b447c8485.png', 2, 1, 5, '2022-03-07', '2022-03-07'),
(30, '334662b9b276923a3e991c1f88a59a3a.png', 2, 1, 5, '2022-03-07', '2022-03-07'),
(31, '2c2bb48324220eee7b32b7da3276b9ca.png', 2, 1, 5, '2022-03-07', '2022-03-07'),
(32, '62737cbdcca86d375cc97a2bfc861bba.png', 2, 1, 6, '2022-03-07', '2022-03-07'),
(33, '344b24ac0ac368140700cc713e3090b4.png', 2, 1, 6, '2022-03-07', '2022-03-07'),
(34, 'cd2a2e1b9f3dcfa61f4dd23e87ad1dd4.png', 2, 1, 6, '2022-03-07', '2022-03-07'),
(35, 'f9646ea1b034c5f45b469118bd4c4419.png', 2, 1, 6, '2022-03-07', '2022-03-07'),
(36, '6cdd9c42b3046e0d83c842b61c4132f6.png', 1, 1, 96, '2022-03-07', '2022-03-07'),
(37, '16528c6d79240303eaa4233e2d8de35f.png', 2, 1, 96, '2022-03-07', '2022-03-07'),
(38, '3e1420c5398adce03930dfa317247066.png', 2, 1, 96, '2022-03-07', '2022-03-07'),
(39, '04bd0578a9bb18c3cf047b46093e8d49.png', 2, 1, 96, '2022-03-07', '2022-03-07'),
(40, '19e991cf134e0921b1029ec922cb413b.png', 2, 1, 96, '2022-03-07', '2022-03-07'),
(41, 'f319d6d1858b86e274bf7ee49c80c8a4.png', 2, 1, 96, '2022-03-07', '2022-03-07'),
(42, 'f1bb39232f2785b5375e4232cd0d672d.png', 1, 1, 7, '2022-03-07', '2022-03-07'),
(43, '92b4a6c466ea9b8165f3c358ab8ee759.png', 2, 1, 7, '2022-03-07', '2022-03-07'),
(44, '7b337e22dea6fa5656673cd299540f44.png', 2, 1, 7, '2022-03-07', '2022-03-07'),
(45, '90cc5ac5d91c811c0d613bda19cd41f7.png', 2, 1, 7, '2022-03-07', '2022-03-07'),
(46, 'a9f44a6175056051a30ad844677f0e79.png', 2, 1, 7, '2022-03-07', '2022-03-07'),
(47, '9f3e9e24091a6727cb459851565f63c6.png', 2, 1, 132, '2022-03-07', '2022-03-07'),
(48, '445f116150c64c88a7ca8859a4ac1e0f.png', 2, 1, 132, '2022-03-07', '2022-03-07'),
(49, '1efbdc7a8edfee2949e01da9f1e6f114.png', 2, 1, 132, '2022-03-07', '2022-03-07'),
(50, '74fe480f20dd29241b3a46ec6f3ef32b.png', 2, 1, 132, '2022-03-07', '2022-03-07'),
(51, '03050e05ab7caf2f814b3624cc5f1565.png', 1, 1, 132, '2022-03-07', '2022-03-07'),
(52, 'c6d6670f5ab7f440a3d0b1aeefab6ab2.png', 1, 1, 8, '2022-03-07', '2022-03-07'),
(53, 'd2563be685a5a6047d98a37928af1c76.png', 1, 1, 9, '2022-03-07', '2022-03-07'),
(54, '7fcd333a128ecce4de0be4830f5ae648.png', 1, 1, 10, '2022-03-07', '2022-03-07'),
(55, '75692947e3136897f56efc1c52d28f69.png', 1, 1, 102, '2022-03-07', '2022-03-07'),
(56, 'c3b6c5d25a29c455104f4787114cc6d4.png', 2, 1, 102, '2022-03-07', '2022-03-07'),
(57, '57a99dddcac266b3ee8a56da6b17b436.png', 2, 1, 102, '2022-03-07', '2022-03-07'),
(58, 'c2422c085cfdb8f85aed21ad70794f88.png', 2, 1, 102, '2022-03-07', '2022-03-07'),
(59, '77454a5c0af0aa408b4d5f66e023a94f.png', 2, 1, 102, '2022-03-07', '2022-03-07'),
(60, 'b86b384ba3094853323fd9a40e479742.png', 1, 1, 124, '2022-03-07', '2022-03-07'),
(61, '10006e6eab255adcde8e58813c6ee8f8.png', 2, 1, 124, '2022-03-07', '2022-03-07'),
(62, 'cbc51d0d8d52a706823e816448ffd4e6.png', 2, 1, 124, '2022-03-07', '2022-03-07'),
(63, 'b40615fe5030a1425e5bf7d85975a4e6.png', 2, 1, 124, '2022-03-07', '2022-03-07'),
(64, 'e1ade096389865f9ff21cae89b8db660.png', 2, 1, 124, '2022-03-07', '2022-03-07'),
(65, '3a1dd37e31a997e635a687eeb3712a55.png', 1, 1, 17, '2022-03-07', '2022-03-07'),
(66, '72a297519dd4cd9232694ac8a673e062.png', 2, 1, 17, '2022-03-07', '2022-03-07'),
(67, '127913923a76c47921bc7ac5d760ca86.png', 2, 1, 17, '2022-03-07', '2022-03-07'),
(68, '1c347d73e86ca5216489b51d2c46b79c.png', 2, 1, 17, '2022-03-07', '2022-03-07'),
(69, '2f138bbd0e36c503ff03f4fef3ac417f.png', 2, 1, 17, '2022-03-07', '2022-03-07'),
(70, '3e0b39cc573ec3384aad1cf6ace0bdbf.png', 1, 1, 187, '2022-03-07', '2022-03-07'),
(71, '48a9ff60d2f492d2d4adb0aa9f9315f8.png', 2, 1, 187, '2022-03-07', '2022-03-07'),
(72, '77cab3c8934e76d6eb27678ed6aa8db9.png', 2, 1, 187, '2022-03-07', '2022-03-07'),
(73, '5850f2bf6f7fb3ab339151a7dfb8ca71.png', 2, 1, 187, '2022-03-07', '2022-03-07'),
(74, '1e9688cac08cf0d91f6a8d87b5c2fd48.png', 2, 1, 187, '2022-03-07', '2022-03-07'),
(75, 'b7ea98a6f84f60b006e6517254b69301.png', 1, 1, 40, '2022-03-08', '2022-03-08'),
(76, '5697a5c09a164d76bee50857b78b4434.png', 2, 1, 40, '2022-03-08', '2022-03-08'),
(77, '3352781dff85c0078eec148ab6c261c8.png', 2, 1, 40, '2022-03-08', '2022-03-08'),
(78, '2f6ea3ef2280328e1fa0db5165d44306.png', 2, 1, 40, '2022-03-08', '2022-03-08'),
(79, '4279ab7fca59275f1e9e1899688f86c6.png', 2, 1, 40, '2022-03-08', '2022-03-08'),
(80, '59fe4a5c34adbe851571cbde35129876.png', 2, 1, 8, '2022-03-08', '2022-03-08'),
(81, '9b24493d2588b1198eec62339aa2fb72.png', 2, 1, 8, '2022-03-08', '2022-03-08'),
(82, 'ef9682210602bee8f9296690d31a96e5.png', 2, 1, 8, '2022-03-08', '2022-03-08'),
(83, 'd253762463694e0335d71808bcaa91ad.png', 2, 1, 8, '2022-03-08', '2022-03-08'),
(84, '0a6862c47f2ab31f3b2d06e4060671de.png', 2, 1, 9, '2022-03-08', '2022-03-08'),
(85, '7a6ec168c86eb4c5a2e09ff5cfdf60c8.png', 2, 1, 9, '2022-03-08', '2022-03-08'),
(86, '0309ef5df2e4f4e901305e33c2b50a5b.png', 2, 1, 9, '2022-03-08', '2022-03-08'),
(87, 'f72b5caa19fa6a80034d91114ac14753.png', 2, 1, 9, '2022-03-08', '2022-03-08'),
(88, 'c4f7817aa15f7224d4d2f6e6ddb67195.png', 2, 1, 10, '2022-03-08', '2022-03-08'),
(89, '84cc5290d81f851ff05e82b04a6b3822.png', 2, 1, 10, '2022-03-08', '2022-03-08'),
(90, 'c4fa48484cab300871cfc0300d649349.png', 2, 1, 10, '2022-03-08', '2022-03-08'),
(91, 'd856e8e6137ea4de6dc72c32ec51bf08.png', 2, 1, 10, '2022-03-08', '2022-03-08'),
(92, 'fa1f56754667bb1d9a03185e663d5e2a.png', 1, 1, 11, '2022-03-08', '2022-03-08'),
(93, '2e959cfdad9fc8d7d6e7e5a22799dcb4.png', 1, 1, 12, '2022-03-08', '2022-03-08'),
(94, '9042158b2a40a1fd4431651a93b4c8fe.png', 1, 1, 13, '2022-03-08', '2022-03-08'),
(95, 'd427b4b094d6fd55eb9c805aec4a43cb.png', 1, 1, 14, '2022-03-08', '2022-03-08'),
(96, 'ae94d8917b1ebf83e90cab2bf903b3e2.png', 1, 1, 15, '2022-03-08', '2022-03-08'),
(97, '9542b3af0b485f4de4a9e6427c9c4b8b.png', 2, 1, 11, '2022-03-08', '2022-03-08'),
(98, '325f939a944eac135993dc7f6bc8e4d7.png', 2, 1, 11, '2022-03-08', '2022-03-08'),
(99, '91bfdf6609295c769ca8dad7e5d32865.png', 2, 1, 11, '2022-03-08', '2022-03-08'),
(100, '29f57d0a4d492f35fcf7e099a698b68d.png', 2, 1, 11, '2022-03-08', '2022-03-08'),
(101, '7eb779fed9b9b44a88aef58b8664de22.png', 2, 1, 12, '2022-03-08', '2022-03-08'),
(102, 'aa549151124db4fb83a41d9fc875a653.png', 2, 1, 12, '2022-03-08', '2022-03-08'),
(103, '85aec2f172b5bd9601500133c72d2290.png', 2, 1, 12, '2022-03-08', '2022-03-08'),
(104, '9bd56b64a6e260f78d0487a48e25462a.png', 2, 1, 12, '2022-03-08', '2022-03-08'),
(105, '9a1e68e3755cee350182e1671041816e.png', 2, 1, 13, '2022-03-08', '2022-03-08'),
(106, 'dcca3a8afa4e4be2f87c5a7abb7d1b23.png', 2, 1, 13, '2022-03-08', '2022-03-08'),
(107, 'c1d32768457d6103a8dcbb18dbf2beaf.png', 2, 1, 13, '2022-03-08', '2022-03-08'),
(108, '185fc757daa60acfc5ce989a5619e5d3.png', 2, 1, 13, '2022-03-08', '2022-03-08'),
(109, '5e08cd0a60cb2dcbfaffc06df95c0c79.png', 2, 1, 14, '2022-03-08', '2022-03-08'),
(110, '7e013202e1edb8f6a86cdd2b6b7df87d.png', 2, 1, 14, '2022-03-08', '2022-03-08'),
(111, '02aedd7b8d7d7bb3cc8d557779d55b41.png', 2, 1, 14, '2022-03-08', '2022-03-08'),
(112, '2cadf1ee134c2ec512dcdac3da841ad7.png', 2, 1, 14, '2022-03-08', '2022-03-08'),
(113, '167abf928b747328f0c73a5758a9dcb1.png', 2, 1, 15, '2022-03-08', '2022-03-08'),
(114, '2b84078dc49133c6f541087acd113ce7.png', 2, 1, 15, '2022-03-08', '2022-03-08'),
(115, 'a43a1e083aa19cadb0b48a3a90899c29.png', 2, 1, 15, '2022-03-08', '2022-03-08'),
(116, '9d8e8b5cd2f5e1d3e235a85819f78521.png', 2, 1, 15, '2022-03-08', '2022-03-08'),
(117, 'c32224b4365cd798ca28c6a421b95af8.png', 1, 1, 158, '2022-03-08', '2022-03-08'),
(118, '944f8d5686d13568a10b7ad8b90bfe7c.png', 2, 1, 158, '2022-03-08', '2022-03-08'),
(119, '7f75afb625191cf879a83932267f0602.png', 2, 1, 158, '2022-03-08', '2022-03-08'),
(120, '66ccb55de18da8f29c1fcecf884d17cf.png', 2, 1, 158, '2022-03-08', '2022-03-08'),
(121, '8ad3e107fb57172d0a37808677ec6964.png', 2, 1, 158, '2022-03-08', '2022-03-08'),
(122, '0e67a8d33c6a64107db8b12b156f7446.png', 1, 1, 112, '2022-03-09', '2022-03-09'),
(123, 'ba8f5a8f49803381075c85dd9bfccfff.png', 2, 1, 112, '2022-03-09', '2022-03-09'),
(124, 'b6d61a27454df064fcf584bbee725932.png', 2, 1, 112, '2022-03-09', '2022-03-09'),
(125, 'eadaa04107852ed742b7f7ad37a7ba66.png', 2, 1, 112, '2022-03-09', '2022-03-09'),
(126, '0688192f70699266f0992e26dd295d2a.png', 2, 1, 112, '2022-03-09', '2022-03-09'),
(127, '52e0daa0fc01d3e61b5edd7524719513.png', 1, 1, 153, '2022-03-09', '2022-03-09'),
(128, '5377842564a8dd145e3728be21d19e75.png', 2, 1, 153, '2022-03-09', '2022-03-09'),
(129, '6ac27d50cb0edb7f9c6954e8351b8a2a.png', 2, 1, 153, '2022-03-09', '2022-03-09'),
(130, '1dace0386ca7de4e02665f62f7fa5d66.png', 2, 1, 153, '2022-03-09', '2022-03-09'),
(131, 'cd521b077fefc98c3ad9822c105df817.png', 2, 1, 153, '2022-03-09', '2022-03-09'),
(132, '58a845474f1db79f6a4d89e197c09ca0.png', 1, 1, 113, '2022-03-09', '2022-03-09'),
(133, 'd2c70a2a6a9475fcbd9bec25255890fb.png', 2, 1, 113, '2022-03-09', '2022-03-09'),
(134, '2d06303a7f36e4688f4266f45524e407.png', 2, 1, 113, '2022-03-09', '2022-03-09'),
(135, 'f3ceb8064d247ea0838df60bc79754e6.png', 2, 1, 113, '2022-03-09', '2022-03-09'),
(136, '655229d439cae6d6c2c26c29a2ae66f7.png', 2, 1, 113, '2022-03-09', '2022-03-09'),
(137, 'ecd708f8c633924754ccb3a3786c06ef.png', 2, 1, 113, '2022-03-09', '2022-03-09'),
(138, '9e489c0af6c2abf998e32052a9b04a9d.png', 1, 1, 28, '2022-03-09', '2022-03-09'),
(139, '1b45ac9a4d97748094268b99e575ae44.png', 2, 1, 28, '2022-03-09', '2022-03-09'),
(140, 'c3073b71f71afe75114052d767c4d805.png', 2, 1, 28, '2022-03-09', '2022-03-09'),
(141, 'e1d96fe0c92e166c78e597f8ae845f6c.png', 2, 1, 28, '2022-03-09', '2022-03-09'),
(142, '2fe2cebbca5523cd5eb88fbd1e0f472f.png', 2, 1, 28, '2022-03-09', '2022-03-09'),
(143, '9f0f81ebb9fab49873339eeb0d3a63b3.png', 1, 1, 179, '2022-03-09', '2022-03-09'),
(144, 'c61fe468975e9fbde193935de59a07c4.png', 2, 1, 179, '2022-03-09', '2022-03-09'),
(145, 'a39ae96303ca3e00d3bae1a1b855aa7b.png', 2, 1, 179, '2022-03-09', '2022-03-09'),
(146, '3a97d3ac7f71c03db31d0645219ea374.png', 2, 1, 179, '2022-03-09', '2022-03-09'),
(147, 'f2092d6cf1cfc51bc23149e8cf7d510b.png', 2, 1, 179, '2022-03-09', '2022-03-09'),
(148, '636b516f4fc8b60a43d89e1f8879ecfb.png', 1, 1, 78, '2022-03-09', '2022-03-09'),
(149, '58dcf96fda9d32cd6856901f09419f03.png', 2, 1, 78, '2022-03-09', '2022-03-09'),
(150, '74434a9b3b2aff56a5ecf38875e43816.png', 2, 1, 78, '2022-03-09', '2022-03-09'),
(151, 'b13fe9fd97795e967d9ebdf389e95672.png', 2, 1, 78, '2022-03-09', '2022-03-09'),
(152, '404e52dee3c90e1999077f7fd9b4ce17.png', 2, 1, 78, '2022-03-09', '2022-03-09'),
(153, '62824ab650d509aa2a45875afce588ea.png', 1, 1, 81, '2022-03-10', '2022-03-10'),
(154, '835074b9e5cedb01eb83e3de31a99e8d.png', 2, 1, 81, '2022-03-10', '2022-03-10'),
(155, '9ebb32d95ac88e65142efd1c30636f29.png', 2, 1, 81, '2022-03-10', '2022-03-10'),
(156, '60774e5fcda7601fcc74b0de6f79c0bd.png', 2, 1, 81, '2022-03-10', '2022-03-10'),
(157, 'ddafe4bb520c1b200453cb0ff3717541.png', 2, 1, 81, '2022-03-10', '2022-03-10'),
(158, 'f97155aeaf00ca46d4648e62f1e25b04.png', 1, 1, 94, '2022-03-11', '2022-03-11'),
(159, 'b4da2d5372a4b815ae4ba1ccb5c14f9c.png', 2, 1, 94, '2022-03-11', '2022-03-11'),
(160, '647eb23a664f059ad5fa1a57b1164c7d.png', 2, 1, 94, '2022-03-11', '2022-03-11'),
(161, '8ba1db88d3c6c69416fb9f04e80f3f67.png', 2, 1, 94, '2022-03-11', '2022-03-11'),
(162, 'e342762e5767440ee80ec02937b09dc0.png', 2, 1, 94, '2022-03-11', '2022-03-11'),
(163, 'd6dda02fd7e06eaa2325041e3fc4a516.png', 1, 1, 99, '2022-03-11', '2022-03-11'),
(164, '295ac89e03c834452e288e0427dc7825.png', 2, 1, 99, '2022-03-11', '2022-03-11'),
(165, 'b7ed8e03178a5ba953f140b7dd343ea7.png', 2, 1, 99, '2022-03-11', '2022-03-11'),
(166, '2322d3f08848e747f4df2e7883c9f357.png', 2, 1, 99, '2022-03-11', '2022-03-11'),
(167, 'f2384d2908bcb668c801ccbcab191553.png', 2, 1, 99, '2022-03-11', '2022-03-11'),
(168, 'cd1f7ceccfba246361e74f9584852154.png', 1, 1, 100, '2022-03-11', '2022-03-11'),
(169, '9a1c2f86489e3f3280121247d11e13e2.png', 2, 1, 100, '2022-03-11', '2022-03-11'),
(170, 'c1839fd0047e9150c3d258ec77431f55.png', 2, 1, 100, '2022-03-11', '2022-03-11'),
(171, '7591938ba8728a09046750e4c57f8529.png', 2, 1, 100, '2022-03-11', '2022-03-11'),
(172, '59053dd4796d9d13caf9576658ff90d7.png', 2, 1, 100, '2022-03-11', '2022-03-11'),
(173, 'ad8bfaf61d0adffb7c87f19ea97ae590.png', 1, 1, 151, '2022-03-11', '2022-03-11'),
(174, '5888f41b20cf24e7d6ad5660a15707bb.png', 2, 1, 151, '2022-03-11', '2022-03-11'),
(175, 'b14da48737d21043795375c00e413f3c.png', 2, 1, 151, '2022-03-11', '2022-03-11'),
(176, '9fe35a665dc5e60e01097076b2f5390e.png', 2, 1, 151, '2022-03-11', '2022-03-11'),
(177, 'c150485854ea8380dbf4bbf468effe16.png', 2, 1, 151, '2022-03-11', '2022-03-11');

-- --------------------------------------------------------

--
-- Estructura de tabla para la tabla `ips_on_hold`
--

CREATE TABLE `ips_on_hold` (
  `ai` int(10) UNSIGNED NOT NULL,
  `ip_address` varchar(45) NOT NULL,
  `time` datetime NOT NULL
) ENGINE=MyISAM DEFAULT CHARSET=utf8;

-- --------------------------------------------------------

--
-- Estructura de tabla para la tabla `login_errors`
--

CREATE TABLE `login_errors` (
  `ai` int(10) UNSIGNED NOT NULL,
  `username_or_email` varchar(255) NOT NULL,
  `ip_address` varchar(45) NOT NULL,
  `time` datetime NOT NULL
) ENGINE=MyISAM DEFAULT CHARSET=utf8;

--
-- Volcado de datos para la tabla `login_errors`
--

INSERT INTO `login_errors` (`ai`, `username_or_email`, `ip_address`, `time`) VALUES
(0, '', '::1', '2022-05-04 16:18:10');

-- --------------------------------------------------------

--
-- Estructura de tabla para la tabla `menu_disponibilidad`
--

CREATE TABLE `menu_disponibilidad` (
  `id` int(1) NOT NULL,
  `nombre` text DEFAULT NULL,
  `descripcion` varchar(4) DEFAULT NULL
) ENGINE=Aria DEFAULT CHARSET=utf8;

--
-- Volcado de datos para la tabla `menu_disponibilidad`
--

INSERT INTO `menu_disponibilidad` (`id`, `nombre`, `descripcion`) VALUES
(1, 'DISPONIBLE', NULL),
(2, 'NO DISPONIBLE', NULL);

-- --------------------------------------------------------

--
-- Estructura de tabla para la tabla `menu_marcaequipo`
--

CREATE TABLE `menu_marcaequipo` (
  `id` int(1) NOT NULL,
  `nombre` varchar(8) DEFAULT NULL,
  `id_estado` int(1) DEFAULT NULL,
  `id_tipoequipo` int(1) DEFAULT NULL,
  `fechaRegistro` date NOT NULL,
  `fechaModificacion` date NOT NULL,
  `id_administrador` int(11) NOT NULL
) ENGINE=Aria DEFAULT CHARSET=utf8;

--
-- Volcado de datos para la tabla `menu_marcaequipo`
--

INSERT INTO `menu_marcaequipo` (`id`, `nombre`, `id_estado`, `id_tipoequipo`, `fechaRegistro`, `fechaModificacion`, `id_administrador`) VALUES
(1, 'ACER', 1, 1, '0000-00-00', '0000-00-00', 0),
(2, 'ASUS', 1, 1, '0000-00-00', '0000-00-00', 0),
(3, 'DELL', 1, 1, '0000-00-00', '0000-00-00', 0),
(4, 'HP', 1, 1, '0000-00-00', '0000-00-00', 0),
(5, 'LENOVO', 1, 1, '0000-00-00', '0000-00-00', 0),
(6, 'TOSHIBA', 1, 1, '0000-00-00', '0000-00-00', 0),
(7, 'ENSAMBLE', 1, 2, '0000-00-00', '0000-00-00', 0),
(8, 'BROTHER', 1, 3, '2022-05-02', '2022-05-02', 0),
(9, 'HP', 1, 3, '2022-05-02', '2022-05-02', 2147483647),
(10, 'OCE', 1, 3, '2022-05-02', '2022-05-02', 2147483647),
(11, 'SAMSUNG', 1, 3, '2022-05-02', '2022-05-02', 2147483647),
(12, 'SHARP', 1, 3, '2022-05-02', '2022-05-02', 2147483647),
(13, 'XEROX', 1, 3, '2022-05-02', '2022-05-02', 2147483647),
(14, 'EPSON', 1, 4, '2022-05-02', '2022-05-02', 2147483647),
(15, 'BROTHER', 1, 4, '2022-05-02', '2022-05-02', 2147483647),
(16, 'HP', 1, 4, '2022-05-02', '2022-05-02', 2147483647);

-- --------------------------------------------------------

--
-- Estructura de tabla para la tabla `menu_modelos`
--

CREATE TABLE `menu_modelos` (
  `id` int(1) NOT NULL,
  `nombre` varchar(20) DEFAULT NULL,
  `id_estado` int(1) DEFAULT NULL,
  `id_marca` int(1) DEFAULT NULL,
  `id_tipoEquipo` int(1) DEFAULT NULL,
  `fechaRegistro` date NOT NULL,
  `fechaModificacion` date NOT NULL,
  `id_administrador` int(11) NOT NULL
) ENGINE=Aria DEFAULT CHARSET=utf8;

--
-- Volcado de datos para la tabla `menu_modelos`
--

INSERT INTO `menu_modelos` (`id`, `nombre`, `id_estado`, `id_marca`, `id_tipoEquipo`, `fechaRegistro`, `fechaModificacion`, `id_administrador`) VALUES
(1, 'ELITE DESK 705 G3', 1, 7, 2, '0000-00-00', '0000-00-00', 0),
(2, 'ASPIRE E1-422-3605', 1, 1, 1, '0000-00-00', '0000-00-00', 0),
(3, 'ASPIRE E5-571P', 1, 1, 1, '0000-00-00', '0000-00-00', 0),
(4, 'ASPIRE E5-575', 1, 1, 1, '0000-00-00', '0000-00-00', 0),
(5, 'ASPIRE ES1-572', 1, 1, 1, '0000-00-00', '0000-00-00', 0),
(6, 'SPIN SP314-51', 1, 1, 1, '0000-00-00', '0000-00-00', 0),
(7, 'TRAVELMATE P243', 1, 1, 1, '0000-00-00', '0000-00-00', 0),
(8, 'TRAVELMATE P248', 1, 1, 1, '0000-00-00', '0000-00-00', 0),
(9, 'TRAVELMATE P249', 1, 1, 1, '0000-00-00', '0000-00-00', 0),
(10, 'TRAVELMATE P255', 1, 1, 1, '0000-00-00', '0000-00-00', 0),
(11, 'TRAVELMATE P256', 1, 1, 1, '0000-00-00', '0000-00-00', 0),
(12, 'TRAVELMATE P446', 1, 1, 1, '0000-00-00', '0000-00-00', 0),
(13, 'TRAVELMATE P449', 1, 1, 1, '0000-00-00', '0000-00-00', 0),
(14, 'P45VAPRO1-P', 1, 2, 1, '0000-00-00', '0000-00-00', 0),
(15, 'X552L', 1, 2, 1, '0000-00-00', '0000-00-00', 0),
(16, 'INSPIRON 15 5582 2-1', 1, 3, 1, '0000-00-00', '0000-00-00', 0),
(17, 'VOSTRO 3458', 1, 3, 1, '0000-00-00', '0000-00-00', 0),
(18, 'VOSTRO 3468', 1, 3, 1, '0000-00-00', '0000-00-00', 0),
(19, '455', 1, 4, 1, '0000-00-00', '0000-00-00', 0),
(20, '14-BS002LA', 1, 4, 1, '0000-00-00', '0000-00-00', 0),
(21, '240 G6', 1, 4, 1, '0000-00-00', '0000-00-00', 0),
(22, '250 G2', 1, 4, 1, '0000-00-00', '0000-00-00', 0),
(23, 'PAVILION 15-BC401LA', 1, 4, 1, '0000-00-00', '0000-00-00', 0),
(24, 'PROBOOK 440 G3', 1, 4, 1, '0000-00-00', '0000-00-00', 0),
(25, 'B40-80 80LS', 1, 5, 1, '0000-00-00', '0000-00-00', 0),
(26, 'IDEAPAD MT-80RK', 1, 5, 1, '0000-00-00', '0000-00-00', 0),
(27, 'IDEPAD 100-14IBD', 1, 5, 1, '0000-00-00', '0000-00-00', 0),
(28, 'THINKPAD L560', 1, 5, 1, '0000-00-00', '0000-00-00', 0),
(29, 'V130-14IKB', 1, 5, 1, '0000-00-00', '0000-00-00', 0),
(30, 'V310-141SK', 1, 5, 1, '0000-00-00', '0000-00-00', 0),
(31, 'V330-14IKB', 1, 5, 1, '0000-00-00', '0000-00-00', 0),
(32, 'SATELLITE C855S5194', 1, 6, 1, '0000-00-00', '0000-00-00', 0),
(33, 'SATELLITE E45-B4200', 1, 6, 1, '0000-00-00', '0000-00-00', 0),
(34, 'G31T9', 1, 7, 2, '0000-00-00', '0000-00-00', 0),
(35, 'E1942CA', 1, 7, 2, '0000-00-00', '0000-00-00', 0),
(36, 'G41D3+', 1, 7, 2, '0000-00-00', '0000-00-00', 0),
(37, 'PX-400RMFUN', 1, 7, 2, '0000-00-00', '0000-00-00', 0),
(38, 'TITAN 3170', 1, 7, 2, '0000-00-00', '0000-00-00', 0),
(39, 'THINKPAD E14 GEN2', 1, 5, 1, '0000-00-00', '0000-00-00', 0),
(40, 'GIGABYTE', 1, 7, 2, '2021-12-25', '2021-12-25', 0),
(41, 'DCP-1602', 1, 8, 3, '2022-05-02', '2022-05-02', 0),
(42, 'DCP-1617NW', 1, 8, 3, '2022-05-02', '2022-05-02', 0),
(43, 'DCP-L2540DW', 1, 8, 3, '2022-05-02', '2022-05-02', 0);

-- --------------------------------------------------------

--
-- Estructura de tabla para la tabla `menu_roll`
--

CREATE TABLE `menu_roll` (
  `id` int(1) NOT NULL,
  `nombre` varchar(13) DEFAULT NULL
) ENGINE=Aria DEFAULT CHARSET=utf8;

--
-- Volcado de datos para la tabla `menu_roll`
--

INSERT INTO `menu_roll` (`id`, `nombre`) VALUES
(1, 'Administrador'),
(2, 'Usuario');

-- --------------------------------------------------------

--
-- Estructura de tabla para la tabla `menu_sistemasoperativos`
--

CREATE TABLE `menu_sistemasoperativos` (
  `id` int(11) NOT NULL,
  `nombre` text COLLATE utf8mb4_unicode_ci NOT NULL,
  `id_estado` int(11) NOT NULL,
  `fechaRegistro` date NOT NULL,
  `fechaModificacion` date NOT NULL
) ENGINE=InnoDB DEFAULT CHARSET=utf8mb4 COLLATE=utf8mb4_unicode_ci;

--
-- Volcado de datos para la tabla `menu_sistemasoperativos`
--

INSERT INTO `menu_sistemasoperativos` (`id`, `nombre`, `id_estado`, `fechaRegistro`, `fechaModificacion`) VALUES
(1, 'WINDOWS', 1, '2022-01-31', '2022-01-31'),
(2, 'LINUX', 1, '2022-01-30', '2022-01-30');

-- --------------------------------------------------------

--
-- Estructura de tabla para la tabla `menu_status`
--

CREATE TABLE `menu_status` (
  `id` int(1) NOT NULL,
  `nombre` varchar(11) DEFAULT NULL,
  `descripcion` varchar(4) DEFAULT NULL
) ENGINE=Aria DEFAULT CHARSET=utf8;

--
-- Volcado de datos para la tabla `menu_status`
--

INSERT INTO `menu_status` (`id`, `nombre`, `descripcion`) VALUES
(1, 'ACTIVADO', 'Nada'),
(2, 'DESACTIVADO', 'Nada');

-- --------------------------------------------------------

--
-- Estructura de tabla para la tabla `menu_tipocontratos`
--

CREATE TABLE `menu_tipocontratos` (
  `id` int(1) NOT NULL,
  `nombre` varchar(7) DEFAULT NULL,
  `id_estado` int(1) DEFAULT NULL,
  `fechaRegistro` varchar(8) DEFAULT NULL,
  `fechaModificacion` varchar(8) DEFAULT NULL
) ENGINE=Aria DEFAULT CHARSET=utf8;

--
-- Volcado de datos para la tabla `menu_tipocontratos`
--

INSERT INTO `menu_tipocontratos` (`id`, `nombre`, `id_estado`, `fechaRegistro`, `fechaModificacion`) VALUES
(1, 'SOPORTE', 1, '05/14/21', '05/14/21');

-- --------------------------------------------------------

--
-- Estructura de tabla para la tabla `menu_tipoequipo`
--

CREATE TABLE `menu_tipoequipo` (
  `id` int(1) NOT NULL,
  `nombre` text DEFAULT NULL,
  `id_estado` int(1) DEFAULT NULL,
  `fechaRegistro` varchar(8) DEFAULT NULL,
  `fechaModificacion` varchar(8) DEFAULT NULL,
  `id_administrador` int(11) NOT NULL
) ENGINE=Aria DEFAULT CHARSET=utf8;

--
-- Volcado de datos para la tabla `menu_tipoequipo`
--

INSERT INTO `menu_tipoequipo` (`id`, `nombre`, `id_estado`, `fechaRegistro`, `fechaModificacion`, `id_administrador`) VALUES
(1, 'LAPTOP', 1, '02/24/21', '02/24/21', 0),
(2, 'DESKTOP', 1, '02/24/21', '02/24/21', 0),
(3, 'IMPRESORA LASER', 1, '2021-11-', '2022-05-', 0),
(4, 'IMPRESORA INYECCION', 1, '2022-05-', '2022-05-', 0);

-- --------------------------------------------------------

--
-- Estructura de tabla para la tabla `menu_vesion`
--

CREATE TABLE `menu_vesion` (
  `id` int(11) NOT NULL,
  `nombre` text NOT NULL,
  `id_sistema` int(11) NOT NULL,
  `id_estado` int(11) NOT NULL,
  `fechaRegistro` date NOT NULL,
  `fechaModificacion` date NOT NULL
) ENGINE=InnoDB DEFAULT CHARSET=utf8mb4;

--
-- Volcado de datos para la tabla `menu_vesion`
--

INSERT INTO `menu_vesion` (`id`, `nombre`, `id_sistema`, `id_estado`, `fechaRegistro`, `fechaModificacion`) VALUES
(1, '10', 1, 1, '2022-01-30', '2022-01-30'),
(2, '7', 1, 1, '2022-01-30', '2022-01-30'),
(3, 'XP', 1, 1, '2022-01-30', '2022-01-30'),
(4, '98', 1, 1, '2022-01-30', '2022-01-30'),
(5, '20.04', 2, 1, '2022-01-30', '2022-01-30');

-- --------------------------------------------------------

--
-- Estructura de tabla para la tabla `procesador_generacion`
--

CREATE TABLE `procesador_generacion` (
  `id` int(1) NOT NULL,
  `nombre` varchar(8) DEFAULT NULL,
  `id_marca` int(1) DEFAULT NULL,
  `id_modelo` int(1) DEFAULT NULL,
  `id_estado` int(1) DEFAULT NULL,
  `fechaRegistro` varchar(8) DEFAULT NULL,
  `fechaModificacion` varchar(8) DEFAULT NULL
) ENGINE=Aria DEFAULT CHARSET=utf8;

--
-- Volcado de datos para la tabla `procesador_generacion`
--

INSERT INTO `procesador_generacion` (`id`, `nombre`, `id_marca`, `id_modelo`, `id_estado`, `fechaRegistro`, `fechaModificacion`) VALUES
(1, '1200', 2, 4, 1, '06/08/21', '2021-07-'),
(2, '2500 APU', 2, 4, 1, '06/08/21', '06/08/21'),
(3, '8570 R5', 2, 5, 1, '06/08/21', '06/08/21'),
(4, 'S/G', 1, 1, 1, '06/08/21', '06/08/21'),
(5, 'B820', 1, 1, 1, '06/08/21', '2021-07-'),
(6, 'E3300', 1, 1, 1, '06/08/21', '06/08/21'),
(7, 'E3400', 1, 1, 1, '06/08/21', '06/08/21'),
(8, '3110M', 1, 2, 1, '06/08/21', '06/08/21'),
(9, '4005U', 1, 2, 1, '06/08/21', '06/08/21'),
(10, '4010U', 1, 2, 1, '06/08/21', '06/08/21'),
(11, '5005U', 1, 2, 1, '06/08/21', '06/08/21'),
(12, '6006U', 1, 2, 1, '06/08/21', '06/08/21'),
(13, '6100U', 1, 2, 1, '06/08/21', '06/08/21'),
(14, '7020U', 1, 2, 1, '06/08/21', '06/08/21'),
(15, '7100U', 1, 2, 1, '06/08/21', '06/08/21'),
(16, '4210U', 1, 3, 1, '06/08/21', '06/08/21'),
(17, '6200U', 1, 3, 1, '06/08/21', '06/08/21'),
(18, '6300U', 1, 3, 1, '06/08/21', '06/08/21'),
(19, '7200U', 1, 3, 1, '06/08/21', '06/08/21'),
(20, '8250U', 1, 3, 1, '06/08/21', '06/08/21'),
(21, '8300H', 1, 3, 1, '06/08/21', '06/08/21'),
(22, '8565U', 1, 6, 1, '06/08/21', '06/08/21'),
(23, 'B980', 1, 7, 1, '06/08/21', '06/08/21'),
(24, 'E5700', 1, 7, 1, '06/08/21', '06/08/21'),
(25, 'E4700', 1, 7, 1, '06/08/21', '06/08/21'),
(26, '1165G7', 1, 6, 1, '2021-12-', '2021-12-'),
(27, 'G440', 1, 1, 1, '2021-12-', '2021-12-');

-- --------------------------------------------------------

--
-- Estructura de tabla para la tabla `procesador_marca`
--

CREATE TABLE `procesador_marca` (
  `id` int(1) NOT NULL,
  `nombre` varchar(5) DEFAULT NULL,
  `id_estado` int(1) DEFAULT NULL,
  `fechaRegistro` varchar(8) DEFAULT NULL,
  `fechaModificacion` varchar(8) DEFAULT NULL
) ENGINE=Aria DEFAULT CHARSET=latin1;

--
-- Volcado de datos para la tabla `procesador_marca`
--

INSERT INTO `procesador_marca` (`id`, `nombre`, `id_estado`, `fechaRegistro`, `fechaModificacion`) VALUES
(1, 'INTEL', 1, '06/07/21', '06/09/21'),
(2, 'AMD', 1, '06/08/21', '06/08/21');

-- --------------------------------------------------------

--
-- Estructura de tabla para la tabla `procesador_modelo`
--

CREATE TABLE `procesador_modelo` (
  `id` int(1) NOT NULL,
  `nombre` varchar(7) DEFAULT NULL,
  `id_marca` int(1) DEFAULT NULL,
  `id_estado` int(1) DEFAULT NULL,
  `fechaRegistro` varchar(8) DEFAULT NULL,
  `fechaModificacion` varchar(8) DEFAULT NULL
) ENGINE=Aria DEFAULT CHARSET=latin1;

--
-- Volcado de datos para la tabla `procesador_modelo`
--

INSERT INTO `procesador_modelo` (`id`, `nombre`, `id_marca`, `id_estado`, `fechaRegistro`, `fechaModificacion`) VALUES
(1, 'CELERON', 1, 1, '06/08/21', '06/08/21'),
(2, 'CORE I3', 1, 1, '06/08/21', '06/08/21'),
(3, 'CORE I5', 1, 1, '06/08/21', '06/08/21'),
(4, 'E1', 2, 1, '06/08/21', '06/08/21'),
(5, 'A6', 2, 1, '06/08/21', '06/08/21'),
(6, 'CORE I7', 1, 1, '06/08/21', '06/08/21'),
(7, 'PENTIUM', 1, 1, '06/08/21', '06/08/21');

-- --------------------------------------------------------

--
-- Estructura de tabla para la tabla `software`
--

CREATE TABLE `software` (
  `id` int(1) NOT NULL,
  `nombre` varchar(8) DEFAULT NULL,
  `usuario` varchar(5) DEFAULT NULL,
  `password` varchar(8) DEFAULT NULL,
  `id_equipo` int(1) DEFAULT NULL
) ENGINE=Aria DEFAULT CHARSET=latin1;

--
-- Volcado de datos para la tabla `software`
--

INSERT INTO `software` (`id`, `nombre`, `usuario`, `password`, `id_equipo`) VALUES
(1, 'no lo se', 'no se', 'password', 1);

-- --------------------------------------------------------

--
-- Estructura de tabla para la tabla `username_or_email_on_hold`
--

CREATE TABLE `username_or_email_on_hold` (
  `ai` int(10) UNSIGNED NOT NULL,
  `username_or_email` varchar(255) NOT NULL,
  `time` datetime NOT NULL
) ENGINE=MyISAM DEFAULT CHARSET=utf8;

-- --------------------------------------------------------

--
-- Estructura de tabla para la tabla `users`
--

CREATE TABLE `users` (
  `user_id` int(10) UNSIGNED NOT NULL,
  `nombre` text NOT NULL,
  `username` varchar(20) DEFAULT NULL,
  `email` varchar(255) NOT NULL,
  `auth_level` tinyint(3) UNSIGNED NOT NULL,
  `id_cliente` int(11) NOT NULL,
  `banned` enum('0','1') NOT NULL DEFAULT '0',
  `passwd` varchar(60) NOT NULL,
  `passwd_recovery_code` varchar(60) DEFAULT NULL,
  `passwd_recovery_date` datetime DEFAULT NULL,
  `passwd_modified_at` datetime DEFAULT NULL,
  `last_login` datetime DEFAULT NULL,
  `created_at` datetime NOT NULL,
  `modified_at` timestamp NOT NULL DEFAULT current_timestamp() ON UPDATE current_timestamp()
) ENGINE=InnoDB DEFAULT CHARSET=utf8;

--
-- Volcado de datos para la tabla `users`
--

INSERT INTO `users` (`user_id`, `nombre`, `username`, `email`, `auth_level`, `id_cliente`, `banned`, `passwd`, `passwd_recovery_code`, `passwd_recovery_date`, `passwd_modified_at`, `last_login`, `created_at`, `modified_at`) VALUES
(1798833370, 'Administrador', 'admin', 'administrador@gdsnet.mx', 9, 0, '0', '$2y$11$Q5bUGtYm8fNoI11yq60vFeYAJLIiXkYLC4hKzJOBYf2/K5szPoAKy', NULL, NULL, '2022-02-15 15:42:21', '2022-02-15 22:23:24', '2022-02-15 22:42:00', '2022-02-15 21:42:21'),
(2157535143, 'Miguel Angel Mendoza Enriquez', 'Miguel.Mendoza', 'miguel.mendoza@gdsnet.mx', 2, 1, '0', '$2y$11$4WtI7BpsxX5uVWwRRoZvFuit.PXowQj4O8oG6DBNSoGqQlNgBV9Le', '$2y$11$9toefcf3CX970cW38vlmn.AUz2mqWdxdoxQbHMJOXL0ondVGfopNu', '2022-02-18 05:36:24', NULL, '2022-05-11 15:43:00', '2022-05-04 01:03:18', '2022-05-11 13:43:00'),
(2666471602, 'Skunkbot', 'skunkbot', 'skunkbot@example.com', 9, 0, '0', '$2y$11$J.mQt/4dL73VOGCrYw7kles0rbez2l6kAQQR9Ll/LTBqnpWyYtsCy', NULL, NULL, NULL, '2022-05-11 15:43:32', '2022-02-15 22:41:47', '2022-05-11 13:43:32'),
(2797747747, 'Jared', 'Jared', 'sasasa@asdada', 2, 1, '0', '$2y$11$gafBTTgm06cKe7/1IlgiEuzx.QOQI0rbJ6OUDULT03JxFX/HWUFF.', NULL, NULL, NULL, NULL, '2022-03-12 04:02:36', '2022-03-12 03:02:36'),
(405519724, 'ya esras', 'Fabian.Aparicio', 'fabian@adaf.nc', 1, 1, '0', '$2y$11$dob7Wct4xJsE1LPsMajqieM2z9ceE2DiUA.QwBG9eswsVNqnfFR0K', NULL, NULL, NULL, '2022-03-12 03:50:43', '2022-03-08 06:10:44', '2022-03-12 02:50:43'),
(1258003605, 'Prueba 3', 'Fabian.Aparicio', 'aasaa@adf.cs', 1, 1, '0', '$2y$11$oUsrUBDWogfAr3N0YN24z.UJVyJ6kwUKSCETLASTWC4zE9ZfkTPzq', NULL, NULL, NULL, NULL, '2022-03-08 06:11:21', '2022-03-08 05:11:21');

--
-- Disparadores `users`
--
DELIMITER $$
CREATE TRIGGER `ca_passwd_trigger` BEFORE UPDATE ON `users` FOR EACH ROW BEGIN
    IF ((NEW.passwd <=> OLD.passwd) = 0) THEN
        SET NEW.passwd_modified_at = NOW();
    END IF;
END
$$
DELIMITER ;

-- --------------------------------------------------------

--
-- Estructura de tabla para la tabla `user_auth_level`
--

CREATE TABLE `user_auth_level` (
  `id` int(11) NOT NULL,
  `nombre` text NOT NULL
) ENGINE=InnoDB DEFAULT CHARSET=utf8mb4;

--
-- Volcado de datos para la tabla `user_auth_level`
--

INSERT INTO `user_auth_level` (`id`, `nombre`) VALUES
(1, 'Usuario'),
(2, 'Cliente'),
(4, 'Técnico'),
(6, 'Administrador'),
(9, 'Developer');

-- --------------------------------------------------------

--
-- Estructura de tabla para la tabla `usuarios`
--

CREATE TABLE `usuarios` (
  `id` int(1) NOT NULL,
  `nombres` text DEFAULT NULL,
  `primerApellido` text DEFAULT NULL,
  `segundoApellido` text DEFAULT NULL,
  `id_cliente` int(11) NOT NULL,
  `id_regional` int(11) NOT NULL,
  `id_oficina` int(11) NOT NULL,
  `id_ubicacion` int(11) NOT NULL,
  `id_departamento` int(11) NOT NULL,
  `cargo` text NOT NULL,
  `ingreso` date DEFAULT NULL,
  `id_jefe` int(11) NOT NULL,
  `id_estado` int(11) NOT NULL,
  `fechaRegistro` date DEFAULT NULL,
  `fechaModificacion` date DEFAULT NULL
) ENGINE=Aria DEFAULT CHARSET=latin1;

--
-- Volcado de datos para la tabla `usuarios`
--

INSERT INTO `usuarios` (`id`, `nombres`, `primerApellido`, `segundoApellido`, `id_cliente`, `id_regional`, `id_oficina`, `id_ubicacion`, `id_departamento`, `cargo`, `ingreso`, `id_jefe`, `id_estado`, `fechaRegistro`, `fechaModificacion`) VALUES
(1, 'ARMANDO', 'MENENDEZ', 'ARSUAGA', 1, 2, 7, 8, 84, 'DIRECCION GENERAL', '2000-01-01', 1, 1, '2021-11-01', '2022-02-02'),
(2, 'JESUS ISAIAS', 'ARELLANO', 'BLANCAS', 1, 2, 7, 8, 80, 'DIRECTOR ADMINISTRATIVO', '2001-02-01', 1, 1, '2021-10-27', '2021-12-21'),
(3, 'CARLOS', 'CRUZ', 'GUTIERREZ', 1, 2, 7, 8, 81, 'DIRECCION DE OPERACIONES', '1989-10-01', 1, 1, '2021-10-27', '2022-01-27'),
(4, 'OSCAR MANUEL', 'QUIROZ REYES', 'REYES', 1, 2, 7, 8, 82, 'DIRECTOR DE PISO Y SEGURIDAD', '1990-10-01', 1, 1, '2021-10-27', '2021-12-21'),
(5, 'JORGE', 'CASAS', 'DE LA TORRE', 1, 2, 7, 8, 83, 'DIRECTOR DE PROCURACION', '2020-02-24', 1, 1, '2021-10-27', '2021-10-27'),
(6, 'PERLA MAGALY', 'CASAS', 'SANDOVAL', 1, 2, 7, 8, 79, 'SUPERVISOR DE HOJA DE COSTOS', '2000-01-01', 3, 1, '2021-10-27', '2022-01-17'),
(7, 'MIGUEL', 'MARQUEZ', 'CHAVEZ', 1, 2, 7, 8, 85, 'GERENTE DE INGRENIERIA Y PROYECTOS', '2006-02-01', 4, 1, '2021-10-27', '2021-10-27'),
(8, 'JOSE CALLITZIN', 'GONZALEZ NICASIO', 'NICASIO', 1, 2, 7, 8, 85, 'JEFE INGENIERO DE PROYECTOS', '2021-07-01', 1, 2, '2021-10-27', '2022-02-02'),
(9, 'LILIA ALEJANDRA', 'MARTINEZ', 'CABRERA', 1, 2, 7, 8, 86, 'GERENTE DE JURIDICO', '2020-07-16', 5, 1, '2021-10-27', '2021-10-27'),
(10, 'ALIX NALLELY', 'DE LEON', 'ARCE', 1, 2, 7, 8, 87, 'GERENTE DE CONTROL DE OFICINAS FORANES', '2020-03-11', 1, 1, '2021-10-27', '2021-12-20'),
(11, 'MIRIAM', 'RUIZ', 'DIAZ', 1, 2, 7, 8, 79, 'ASISTENTE DE LAS DIRECCIONES', '2017-07-12', 3, 1, '2021-10-27', '2022-01-17'),
(12, 'SANDRA MONICA', 'RIASCOS', 'CORTES', 1, 2, 7, 8, 87, 'GERENTE REGIONAL CENTRO', '2016-04-25', 3, 1, '2021-10-27', '2022-01-27'),
(13, 'CLAUDIA', 'QUEZADA', 'MERCADO', 1, 2, 7, 8, 88, 'EJECUTIVO DE CUENTA', '2007-07-09', 3, 1, '2021-10-27', '2021-10-27'),
(14, 'RODRIGO', 'PEREZ', 'REAL', 1, 2, 7, 8, 88, 'GERENTE DE VENTAS', '2019-09-17', 3, 1, '2021-10-27', '2021-10-27'),
(15, 'DANIEL ANTONIO', 'CASTILLO', 'GARCIA', 1, 2, 7, 8, 88, 'TRAINEE', '2021-01-13', 14, 1, '2021-10-27', '2022-02-02'),
(16, 'DIANA', 'RIVERA', 'AGUILAR', 1, 2, 7, 8, 88, 'EJECUTIVO DE CUENTA', '2015-11-11', 3, 1, '2021-10-27', '2021-10-27'),
(17, 'GABRIELA YOLOTZIN', 'MARTINEZ', 'MARTINEZ', 1, 2, 7, 8, 88, 'EJECUTIVO DE CUENTA', '2015-02-16', 3, 1, '2021-10-27', '2021-10-27'),
(18, 'MARIA GUADALUPE', 'MAYORGA', 'LADRON DE GUEVARA', 1, 2, 7, 8, 113, 'COMUNITY MANAGER', '2021-09-15', 14, 1, '2021-10-27', '2022-02-02'),
(19, 'SABAS', 'SANTES', 'VAZQUEZ', 1, 2, 7, 8, 88, 'EJECUTIVO DE CUENTA', '2021-01-13', 14, 1, '2021-10-27', '2021-10-27'),
(20, 'CHRISTIAN', 'MANZO', 'RAMIREZ', 1, 2, 7, 2, 2, 'GERENTE DE SERVICIOS', '2021-12-01', 12, 1, '2021-10-27', '2021-10-27'),
(21, 'KARLA', 'MARIANA', 'TREJO', 1, 2, 7, 4, 66, 'JEFE DE CAPACITACION', '2022-01-20', 5, 1, '2021-10-27', '2022-02-02'),
(22, 'JUAN MANUEL', 'VILLARREAL', 'ARAGON', 1, 2, 7, 2, 2, 'GERENTE DE SERVICIO', '2021-06-24', 12, 1, '2021-10-27', '2022-02-18'),
(23, 'GERARDO', 'MENDEZ', 'VELAZQUEZ', 1, 2, 7, 2, 2, 'GERENTE DE SERVICIO', '2016-06-01', 12, 1, '2021-10-27', '2021-10-27'),
(24, 'DANIEL', 'SANTIAGO', 'VALDEZ', 1, 2, 7, 2, 2, 'SUPERVISOR DE SERVICIOS', '2021-04-01', 20, 1, '2021-10-27', '2021-10-27'),
(25, 'DAVID', 'RIVERA', 'VALDIVIA', 1, 2, 7, 2, 2, 'SUPERVISOR DE SERVICIOS', '2021-05-09', 20, 1, '2021-10-27', '2022-01-17'),
(26, 'DINORAH SONIA', 'MALDONADO', 'SAN JUAN', 1, 2, 7, 2, 2, 'AUXILIAR ADMINISTRATIVO CONTRATOS', '2019-08-20', 22, 1, '2021-10-27', '2021-12-23'),
(27, 'MAYRA', 'CEDILLO', 'LOPEZ', 1, 2, 7, 2, 2, 'AUXILIAR ADMINISTRATIVO CONTRATOS', '2018-07-12', 20, 1, '2021-10-28', '2022-01-27'),
(28, 'OSCAR JHONATAN', 'ORTEGA', 'CORTES', 1, 2, 7, 2, 2, 'SUPERVISOR DE SERVICIOS', '2021-05-25', 20, 1, '2021-10-28', '2022-01-31'),
(29, 'OSCAR', 'ESCUDERO', 'GUADALUPE', 1, 2, 7, 2, 2, 'AUXILIAR ADMINISTRATIVO DE CONTRATOS', '2019-05-28', 22, 1, '2021-10-28', '2022-01-27'),
(30, 'ALDO GREGORIO', 'CORIA', 'TRESS', 1, 2, 7, 3, 64, 'GERENTE DE RELACIONES LABORALES', '2018-10-29', 2, 1, '2021-10-28', '2022-02-02'),
(31, 'ESTEFANY MONSERRAT', 'SANTIAGO', 'DOMINGUEZ', 1, 2, 7, 7, 92, 'ANALISTA DE INFORMACIÓN', '2021-10-12', 30, 1, '2021-10-28', '2021-12-23'),
(32, 'MIRIAM', 'LANDIN', 'ARVIZU', 1, 2, 7, 7, 92, 'JEFE DE ADMINISTRACION DE PERSONAL', '2021-10-01', 2, 1, '2021-10-28', '2021-12-23'),
(33, 'ALEXIA PAOLA', 'BARRIOS', 'RAMIREZ', 1, 2, 7, 3, 64, 'JEFE DE RECLUTAMIENTO Y SELECCION', '2021-07-05', 30, 1, '2021-10-28', '2021-12-23'),
(34, 'LEIHLANY', 'JURADO', 'OLVERA', 1, 2, 7, 3, 4, 'AUXILIAR DE RECLUTAMIENTO Y SELECCION', '2020-02-20', 30, 2, '2021-10-28', '2022-02-02'),
(35, 'MARIANA', 'CRUZ', 'RODRIGUEZ', 1, 2, 7, 3, 4, 'AUXILIAR DE RECLUTAMIENTO Y SELECCION', '2021-01-25', 30, 1, '2021-10-28', '2021-12-23'),
(36, 'MARIANA ITZEL', 'ARZAMENDI', 'SOTELO', 1, 2, 7, 3, 4, 'ANALISTA DE RECLUTAMIENTO', '2021-07-19', 33, 1, '2021-10-28', '2021-12-23'),
(37, 'ALICIA MICHELL', 'MEDINA', 'GONZALEZ', 1, 2, 7, 3, 4, 'BECARIA DE RECLUTAMIENTO', '2021-10-01', 33, 1, '2021-10-28', '2021-12-23'),
(38, 'DIANA LAURA', 'SANCHEZ', 'GONZÁLEZ', 1, 2, 7, 3, 4, 'AUXILIAR DE RECLUTAMIENTO Y SELECCIÓN', '2021-08-31', 33, 2, '2021-10-28', '2022-02-21'),
(39, 'DAVID', 'REYES', 'ZUÑIGA', 1, 2, 7, 7, 74, 'BECARIO CONTROL DE OBRAS', '2022-02-01', 59, 1, '2021-10-28', '2022-02-21'),
(40, 'JESSICA', 'HERNANDEZ', 'ORDOÑEZ', 1, 2, 7, 7, 92, 'AUXILIAR DE ADMINISTRACION Y SERVICIOS AL PERSONAL', '2021-07-26', 30, 1, '2021-10-28', '2022-01-17'),
(41, 'JOSE ANTONIO', 'CASTRO', 'CUELLAR', 1, 2, 7, 7, 92, 'ANALISTA DE NOMINA', '2021-10-11', 30, 1, '2021-10-28', '2021-12-26'),
(42, 'MARCO ANTONIO', 'IBARRA', 'BERNAL', 1, 2, 7, 7, 92, 'ANALISTA DE NOMINA', '2021-10-11', 30, 1, '2021-10-28', '2021-12-26'),
(43, 'MONICA', 'ORTIZ', 'ORTIZ', 1, 2, 7, 7, 92, 'JEFE DE ADMINISTRACION Y SERVICIOS AL PERSONAL', '2020-10-20', 30, 1, '2021-10-28', '2022-01-17'),
(44, 'WENDY KENNY', 'RODRIGUEZ', 'CASTILLO', 1, 2, 7, 7, 92, 'AUXILIAR DE ADMINISTRACION Y SERVICIOS AL PERSONAL', '2020-01-27', 30, 1, '2021-10-28', '2021-12-26'),
(45, 'EFREN BASILIO', 'PASCUAL', 'HERNANDEZ', 1, 2, 7, 4, 67, 'GERENTE DE SERVICIO', '2019-06-19', 12, 1, '2021-10-28', '2022-01-31'),
(46, 'CRISTINA JHUSET', 'DEL VALLE', 'MENDEZ', 1, 2, 7, 4, 67, 'JEFE DE SERVICIO', '2020-08-31', 45, 1, '2021-10-28', '2021-12-23'),
(47, 'JUAN', 'ANGELES', 'SALAS', 1, 2, 7, 7, 72, 'GERENTE DE COMPRAS', '2021-02-08', 5, 1, '2021-10-28', '2022-01-17'),
(48, 'JOSE MARIO', 'FABIAN', 'HERNANDEZ', 1, 2, 7, 5, 68, 'AUXILIAR DE ALMACEN', '2016-03-08', 47, 1, '2021-10-28', '2022-01-17'),
(49, 'MARIBEL AMANDA', 'GARCIA', 'ENGELMO', 1, 2, 7, 6, 69, 'AUXILIAR DE METODOS Y PROCEDIMIENTOS', '2013-08-20', 47, 1, '2021-10-28', '2021-12-26'),
(50, 'MARIA ISABEL', 'CRUZ', 'ACOSTA', 1, 2, 7, 7, 71, 'JEFE DE COBRANZA', '2021-04-16', 2, 1, '2021-10-28', '2022-01-17'),
(51, 'MARIA DEL CARMEN', 'GARCIA', 'LORENZO', 1, 2, 7, 7, 71, 'AUXILIAR DE COBRANZA', '2021-05-31', 50, 2, '2021-10-28', '2022-02-02'),
(52, 'DALIA DANIELA', 'SANCHEZ', 'ASUNCIÓN', 1, 2, 7, 7, 72, 'AUXILIAR DE COMPRAS', '2021-10-12', 47, 2, '2021-10-28', '2022-02-02'),
(53, 'JUAN DANIEL', 'HERNANDEZ', 'PORRAS', 1, 2, 7, 7, 72, 'AUXILIAR DE COMPRAS', '2020-12-10', 47, 2, '2021-10-28', '2022-02-21'),
(54, 'SANDY GISSELLE', 'LICONA', 'ALVAREZ', 1, 2, 7, 7, 72, 'AUXILIAR DE COMPRAS', '2016-04-01', 47, 1, '2021-10-28', '2021-12-26'),
(55, 'RICARDO', 'CORTEZ', 'LOPEZ', 1, 2, 7, 7, 73, 'GERENTE DE CONTABILIDAD', '2011-01-11', 2, 1, '2021-10-28', '2021-12-26'),
(56, 'ERNESTO ALEJANDRO', 'HERRERA', 'HERNANDEZ', 1, 2, 7, 7, 73, 'JEFE DE CONTABILIDAD', '2017-07-03', 55, 1, '2021-10-28', '2021-12-26'),
(57, 'KATE MARIA', 'MOSCOSA', 'DE LA BRENA', 1, 2, 7, 7, 73, 'BECARIO DE CONTABILIDAD', '2020-07-20', 56, 1, '2021-10-28', '2021-12-26'),
(58, 'LILIANA', 'ESPINOSA', 'RAMIREZ', 1, 2, 7, 7, 74, 'GERENTE DE CONTROL DE OBRAS Y PRESUPUESTO', '2014-04-01', 2, 1, '2021-10-28', '2021-12-26'),
(59, 'MARIA DEL ROCIO', 'PLIEGO', 'BARRERA', 1, 2, 7, 7, 74, 'JEFE DE CONTROL DE OBRAS', '2014-05-19', 58, 1, '2021-10-28', '2021-12-26'),
(60, 'CIRENIA', 'MARTINEZ', 'GARCIA', 1, 2, 7, 7, 74, 'AUXILIAR DE CONTROL DE OBRAS', '2019-12-16', 58, 1, '2021-10-28', '2021-12-26'),
(61, 'DIANA LAURA', 'VIDAL', 'CERVANTES', 1, 2, 7, 7, 74, 'AUXILIAR DE CONTROL DE OBRAS', '2021-08-23', 60, 1, '2021-10-29', '2021-12-26'),
(62, 'LUISA MARIA', 'BRISEÑO', 'GUTIERREZ', 1, 2, 7, 7, 74, 'AUXILIAR DE CONTROL DE OBRAS', '2021-08-23', 60, 1, '2021-10-29', '2021-12-26'),
(63, 'MAURICIO OSVALDO', 'FLORES', 'RAMIREZ', 1, 2, 7, 7, 74, 'AUXILIAR DE CONTROL DE OBRAS', '2021-08-23', 60, 2, '2021-10-29', '2022-02-18'),
(64, 'OSCAR ANTONIO', 'MARTINEZ', 'LOPEZ', 1, 2, 7, 7, 74, 'BECARIO', '2021-08-23', 60, 2, '2021-10-29', '2022-02-02'),
(65, 'HUMBERTO', 'ARRIETA', 'ROSALES', 1, 2, 7, 7, 70, 'AUXILIAR DE CONTROL DE OBRAS', '2021-07-15', 149, 1, '2021-10-29', '2022-01-31'),
(66, 'IXCHELL XOCHIQUETZAL', 'POPOCA', 'ROMERO', 1, 2, 7, 7, 74, 'AUXILIAR DE CONTROL DE OBRAS', '2020-09-01', 59, 1, '2021-10-29', '2022-01-31'),
(67, 'JANETH', 'HURTADO', 'HERNANDEZ', 1, 2, 7, 7, 74, 'AUXILIAR DE CONTROL DE OBRAS', '2018-11-30', 59, 1, '2021-10-29', '2022-01-31'),
(68, 'JORGE JAVIER', 'HERNANDEZ', 'PORRAS', 1, 2, 7, 7, 76, 'JEFE DE RECURSOS MATERIALES', '2021-03-12', 47, 1, '2021-10-29', '2021-12-26'),
(101, 'VICENTE', 'MARTINEZ', '.', 4, 14, 35, 84, 91, 'SALES', '2020-02-24', 101, 1, '2021-12-24', '2021-12-24'),
(69, 'KEILA', 'FLORES', 'OSORIO', 1, 2, 7, 7, 76, 'JEFE DE RECURSOS MATERIALES', '2020-09-10', 47, 1, '2021-10-29', '2022-01-31'),
(70, 'MARIA VIRGINIA', 'LOPEZ', 'ROCHA', 1, 2, 7, 7, 74, 'AUXILIAR DE CONTROL DE OBRAS', '2019-07-24', 58, 1, '2021-10-29', '2022-02-02'),
(71, 'MONICA', 'ALVAREZ', 'DIAZ', 1, 2, 7, 7, 74, 'AUXILIAR DE CONTROL DE OBRAS', '2019-08-05', 59, 1, '2021-10-29', '2021-12-26'),
(72, 'AURORA ESTHER', 'ZEA', 'GARDUÑO', 1, 2, 7, 7, 74, 'BECARIO CONTROL DE OBRAS', '2021-09-23', 60, 1, '2021-10-29', '2022-02-02'),
(73, 'NANCY', 'BERBER', 'OCHOA', 1, 2, 7, 7, 74, 'AUXILIAR DE CONTROL DE OBRAS', '2019-07-30', 58, 1, '2021-10-29', '2021-12-26'),
(74, 'UBALDO', 'RETIZ', 'FRANCO', 1, 2, 7, 7, 76, 'AUXILIAR DE RECURSOS MATERIALES', '2000-05-17', 47, 1, '2021-10-29', '2021-12-26'),
(75, 'DANIEL', 'MIRANDA', 'HUERTA', 1, 2, 7, 7, 75, 'SUPERVISOR DE INSTALACIONES', '1990-08-19', 4, 1, '2021-10-29', '2021-12-27'),
(76, 'JOSE EDUARDO', 'ARZATE', 'ESQUIVEL', 1, 2, 7, 7, 77, 'COORDINADOR DE SERVICIO', '2021-01-15', 12, 2, '2021-10-29', '2022-02-02'),
(77, 'NOEMI', 'HERNANDEZ', 'CHAVEZ', 1, 2, 7, 7, 77, 'AUXILIAR ADMINISTRATIVO CONTRATOS', '2021-11-05', 100, 1, '2021-10-29', '2021-12-27'),
(78, 'SAUL', 'LOPEZ', 'ALVARADO', 1, 2, 7, 7, 77, 'SUPERVISOR DE SERVICIOS', '2021-04-01', 20, 1, '2021-10-29', '2022-01-31'),
(79, 'NALLELI', 'MENDOZA', 'ALVARADO', 1, 2, 7, 7, 78, 'JEFE DE TESORERIA', '2011-02-08', 2, 1, '2021-10-29', '2022-01-31'),
(80, 'CECILIA SUSANA', 'RIVEROS', 'GARCIA', 1, 2, 7, 7, 78, 'AUXILIAR DE TESORERIA', '2020-07-20', 79, 1, '2021-10-29', '2022-01-31'),
(81, 'EDUARDO', 'MAYEN', 'FERNANDEZ', 1, 2, 7, 7, 78, 'BECARIO DE TESORERIA', '2021-09-08', 79, 2, '2021-10-29', '2022-02-21'),
(82, 'HUGO ANTONIO', 'CASTILLO', 'JUAREZ', 1, 2, 6, 43, 43, 'JEFE DE OFICINA', '2019-05-06', 12, 1, '2021-10-29', '2022-01-31'),
(83, 'MARIA IDALIA', 'ARELLANO', 'TRUJILLO', 1, 2, 6, 43, 43, 'AUXILIAR ADMINISTRATIVO CONTRATOS', '2019-08-20', 82, 1, '2021-10-29', '2022-01-31'),
(84, 'KRISTIAN', 'NAVARRETE', 'BASTIDA', 1, 2, 8, 12, 56, 'SUPERVISOR DE SERVICIOS', '2021-10-14', 23, 2, '2021-10-29', '2022-02-10'),
(85, 'MARCOS ANTONIO', 'JIMENEZ', 'MARTINEZ', 1, 2, 8, 15, 57, 'SUPERVISOR DE SERVICIOS', '2021-04-16', 23, 2, '2021-10-29', '2022-02-02'),
(86, 'JUAN CARLOS', 'ROMERO', 'CORREA', 1, 2, 32, 23, 58, 'GERENTE DE FABRICA', '2019-03-29', 4, 1, '2021-10-29', '2022-02-01'),
(87, 'FANNY', 'ANAYA', 'LOPEZ', 1, 2, 32, 23, 58, 'AUXILIAR ADMINISTRATIVO DE FABRICA', '2021-03-19', 86, 1, '2021-10-29', '2022-01-13'),
(88, 'ISRAEL', 'RODRIGUEZ', 'LOPEZ', 1, 2, 32, 32, 60, 'SUPERVISOR DE SERVICIOS', '2016-09-12', 4, 1, '2021-10-29', '2022-02-01'),
(89, 'KARLA SUSANA', 'TAPIA', 'PINEDA', 1, 2, 32, 32, 59, 'AUXILIAR DE CONTABILIDAD', '2017-03-03', 4, 1, '2021-10-29', '2021-10-29'),
(90, 'POLICARPO', 'ROSALIANO', 'FRANCISCO', 1, 2, 9, 21, 62, 'JEFE DE OFICINA', '2012-08-15', 12, 1, '2021-10-29', '2021-12-27'),
(91, 'ISHELT OLIVIA', 'LUNA', 'CORREA', 1, 2, 9, 21, 61, 'ADMINISTRACION DE CONTRATOS', '2016-04-13', 90, 1, '2021-10-29', '2022-02-02'),
(92, 'TEODORA', 'SOTENO', 'FARFAN', 1, 2, 9, 29, 63, 'CABO DE LIMPIEZA (ENCARGADA)', '2019-08-05', 90, 1, '2021-10-29', '2022-02-25'),
(93, 'RODOLFO', 'MARTINEZ', 'URIBE', 1, 1, 4, 42, 8, 'GERENTE REGIONAL BAJIO', '2019-07-18', 3, 1, '2021-10-29', '2021-12-27'),
(94, 'PEDRO', 'FLORES', 'MENDOZA', 1, 1, 1, 22, 5, 'SUPERVISOR DE SERVICIOS', '2017-12-06', 93, 1, '2021-10-29', '2022-01-15'),
(95, 'AMIRT', 'TELLO', 'ALCANTARA', 1, 1, 2, 40, 6, 'JEFE DE OFICINA', '2013-04-11', 93, 1, '2021-10-29', '2021-12-27'),
(96, 'IRMA LILIANA', 'CONTRERAS', 'DELGADO', 1, 1, 2, 40, 6, 'ADMINISTRATIVO DE CONTRATOS', '2020-07-16', 95, 1, '2021-10-29', '2022-01-08'),
(97, 'ALMA NOHEMI', 'HERNANDEZ', 'VERA', 1, 1, 4, 42, 8, 'JEFE DE OFICINA', '2012-02-16', 93, 1, '2021-10-29', '2022-01-08'),
(98, 'JOSEFINA', 'DERRAMONA', 'SANCHEZ', 1, 1, 4, 42, 8, 'ADMINISTRATIVO DE CONTRATOS', '2015-05-20', 97, 1, '2021-10-29', '2022-01-08'),
(99, 'PATRICIA', 'VILLAFAN', 'RIVERA', 1, 1, 4, 42, 8, 'ADMINISTRATIVO DE CONTRATOS', '2021-08-18', 9, 1, '2021-10-29', '2022-01-08'),
(100, 'MAURICIO ADRIÁN', 'GUZMAN', 'SANTILLAN', 1, 2, 7, 2, 2, 'GERENTE DE SERVICIO MEXICO', '2021-11-16', 12, 1, '2021-12-23', '2021-12-23'),
(102, 'VICTOR IGNACIO', 'ALMAZAN', 'MATAMOROS', 1, 2, 7, 4, 66, 'JEFE DE SEGURIDAD E HIGIENE', '2021-11-03', 5, 1, '2021-12-24', '2021-12-24'),
(103, 'JAIME ARTURO', 'LOPEZ', 'BARRERA', 1, 2, 7, 4, 67, 'AUXILIAR ADMINISTRATIVO DE CONTRATOS', '2021-11-29', 45, 2, '2021-12-24', '2022-02-10'),
(104, 'AURA', 'CIORON', '.', 4, 14, 35, 84, 91, 'EJECUTIVO ADMINISTRATIVO', '2021-07-14', 101, 1, '2021-12-24', '2021-12-24'),
(105, 'FERNANDA', 'CORONEL', '-', 1, 2, 7, 7, 70, 'JEFE', '2021-12-02', 1, 2, '2021-12-25', '2022-02-02'),
(106, 'EDUARDO NEFTALI', 'MORALES', 'ORTEGA', 1, 2, 7, 7, 70, 'AUXILIAR ADMINISTRATIVO CONTRATOS', '2018-07-30', 3, 1, '2021-12-25', '2022-02-02'),
(107, 'ARNOLD JUAN CARLOS', 'MUÑOZ', 'GONZALEZ', 1, 2, 5, 74, 94, 'SUPERVISOR DE SERVICIOS', '2018-07-30', 183, 1, '2021-12-25', '2022-01-22'),
(108, 'SAHAMARA', 'BADILLO', 'ROMERO', 1, 5, 19, 85, 95, 'AUXILIAR ADMINISTRATIVO CONTRATOS', '2020-06-30', 1, 2, '2021-12-25', '2022-02-02'),
(109, 'LUIS ALBERTO', 'RAMIREZ', 'FRANCO', 1, 2, 5, 77, 50, 'SUPERVISOR DE SERVICIOS', '2019-05-02', 1, 1, '2021-12-25', '2022-01-22'),
(110, 'DULCE IVET', 'ZACARIAS', 'DIRCIO', 1, 2, 7, 7, 70, 'AUXILIAR ADMINISTRATIVO CONTRATOS', '2018-05-03', 105, 2, '2021-12-25', '2022-02-02'),
(111, 'ARTURO', 'VILLAGON', 'GASTELUM', 1, 6, 24, 58, 33, 'JEFE DE OFICINA', '2012-06-12', 145, 1, '2021-12-25', '2022-02-02'),
(112, 'MOISES RAMSES', 'SANTILLANES', 'ENCINAS', 1, 2, 7, 8, 85, 'JEFE INGENIERO DE PROYECTOS', '2016-04-25', 7, 1, '2021-12-25', '2022-01-31'),
(113, 'MARTIN', 'HANS', 'GONZALEZ', 1, 7, 36, 86, 96, 'JEFE DE OFICINA', '2019-12-05', 1, 1, '2021-12-25', '2022-01-22'),
(114, 'VICTOR ALBERTO', 'MENA', 'BARRERA', 1, 2, 8, 15, 57, 'SUPERVISOR DE SERVICIOS', '2019-06-04', 23, 2, '2021-12-25', '2022-02-02'),
(115, 'DANIELA ITZEL', 'HERNANDEZ', 'HERNANDEZ', 1, 2, 7, 7, 72, 'AUXILIAR DE COMPRAS', '2018-08-30', 1, 2, '2021-12-25', '2022-02-02'),
(116, 'YURI MARIBEL', 'TUN', 'EUAN', 1, 7, 27, 61, 36, 'INGENIERO DE PROYECTOS', '2017-10-17', 127, 1, '2021-12-25', '2022-02-01'),
(117, 'RAUL', 'ROSAS', 'ESPINOSA', 1, 7, 30, 63, 42, 'ADMINISTRATIVO DE CONTRATOS', '2020-02-05', 1, 2, '2021-12-25', '2022-02-02'),
(118, 'LUIS ENRIQUE', 'VICENTE', 'JIMENEZ', 1, 7, 29, 24, 38, 'JEFE DE OFICINA', '2020-07-01', 1, 2, '2021-12-25', '2022-02-02'),
(119, 'BRENDA VALERIA', 'TRUJILLO', 'CASTAÑEDA', 1, 2, 7, 7, 71, 'AUXILIAR DE COBRANZA', '2022-01-31', 50, 1, '2021-12-25', '2022-02-22'),
(120, 'SAMANTHA', 'LOPEZ', 'VELAZQUEZ', 1, 7, 30, 63, 42, 'AUXILIAR ADMINISTRATIVO DE CONTRATOS', '2020-07-01', 1, 2, '2021-12-25', '2022-02-02'),
(121, 'DIANA LAURA', 'SANCHEZ', 'GONZÁLEZ', 1, 2, 7, 7, 70, 'SUPERVISOR DE SERVICIOS', '2021-08-04', 149, 1, '2021-12-25', '2022-01-31'),
(122, 'MARIA DEL ROSARIO', 'GARCIA', 'GUIJARRO', 1, 6, 23, 57, 97, 'AUXILIAR ADMINISTRATIVO DE CONTRATOS', '2020-01-15', 1, 2, '2021-12-25', '2022-02-02'),
(123, 'ALEJANDRA', 'BENITEZ', 'MUÑOZ', 1, 2, 7, 7, 76, 'AUXILIAR DE RECURSOS MATERIALES', '2019-12-30', 1, 2, '2021-12-25', '2022-02-02'),
(124, 'NAYELHI ALEJANDRA', 'RAMIREZ', 'SANCHEZ', 1, 2, 7, 8, 84, 'ASISTENTE DE DIRECCION GENERAL', '2017-04-10', 1, 2, '2021-12-25', '2022-02-02'),
(125, 'DANIEL', 'ROSAS', 'AGUILAR', 1, 5, 21, 55, 29, 'SUPERVISOR DE SERVICIOS', '2020-01-27', 1, 2, '2021-12-25', '2022-02-02'),
(126, 'ERICK', 'VILLEGAS', 'MEDINA', 1, 2, 32, 32, 59, 'AUXILIAR DE CONTABILIDAD', '2017-03-03', 1, 2, '2021-12-25', '2022-02-02'),
(127, 'CARLOS', 'CANO', 'DAVILA', 1, 7, 27, 61, 35, 'GERENTE REGIONAL', '2004-05-06', 3, 1, '2022-01-08', '2022-01-08'),
(128, 'ERIC', 'VILLATORO', 'GUTIERREZ', 1, 7, 26, 60, 34, 'JEFE DE OFICINA', '2014-02-01', 127, 1, '2022-01-08', '2022-01-08'),
(129, 'CARLOS EDUARDO', 'HERRERA', 'URIBIA', 1, 7, 27, 61, 35, 'SUPERVISOR DE SERVICIOS', '2021-02-19', 127, 1, '2022-01-08', '2022-01-08'),
(130, 'FATIMA EVELYN', 'CANUL', 'VENTURA', 1, 7, 27, 61, 36, 'AUXILIAR ADMINISTRATIVO', '2021-04-09', 127, 1, '2022-01-08', '2022-01-08'),
(131, 'MIGUEL ANGEL', 'PEON', 'PARRA', 1, 7, 27, 61, 35, 'COORDINADOR', '2021-03-30', 127, 1, '2022-01-08', '2022-01-08'),
(132, 'NADIA ESTHER', 'COCOM', 'TEJADA', 1, 7, 27, 61, 37, 'EJECUTIVO DE CUENTA', '2019-11-05', 127, 1, '2022-01-08', '2022-01-08'),
(133, 'GRACIELA', 'VAZQUEZ', 'VILLALOBOS', 1, 7, 29, 24, 38, 'JEFE DE OFICINA', '2011-03-10', 127, 1, '2022-01-08', '2022-02-01'),
(134, 'JOSE FEDERICO', 'GUZMAN', 'VAZQUEZ', 1, 7, 29, 73, 39, 'SUPERVISOR DE SERVICIOS', '2019-07-26', 127, 1, '2022-01-08', '2022-01-08'),
(135, 'EDUARDO', 'RAFAEL', 'CASTAÑEIRA', 1, 7, 30, 39, 40, 'INGENIERO DE SERVICIO', '2020-04-15', 127, 1, '2022-01-08', '2022-01-08'),
(136, 'JOSE ELIUD', 'MARTINEZ', 'RIVERA', 1, 7, 30, 39, 40, 'INGENIERO DE SERVICIO', '2020-04-15', 127, 1, '2022-01-08', '2022-01-08'),
(137, 'JOSE LUIS', 'GARCIA', 'ALVAREZ', 1, 7, 30, 39, 40, 'INGENIERO DE SERVICIO', '2020-04-15', 127, 1, '2022-01-08', '2022-01-08'),
(138, 'JORGE ALEJANDRO', 'SANCHEZ', 'JUAREZ', 1, 7, 30, 63, 42, 'JEFE DE OFICINA', '2022-01-01', 127, 1, '2022-01-08', '2022-01-08'),
(139, 'JOEL', 'PEREZ', 'JERONIMO', 1, 7, 30, 63, 42, 'SUPERVISOR DE SERVICIO', '2021-12-10', 127, 1, '2022-01-08', '2022-01-08'),
(140, 'DAVID OMAR', 'PEREZ', 'UREÑA', 1, 7, 26, 14, 20, 'SUPERVISOR DE SERVICIOS', '2019-07-08', 128, 1, '2022-01-08', '2022-01-08'),
(141, 'ALEX BALTAZAR', 'MENDOZA', 'NAHUAT', 1, 7, 26, 60, 34, 'AUXILIAR ADMINISTRATIVO DE CONTRATOS', '2021-06-01', 128, 1, '2022-01-08', '2022-01-08'),
(142, 'CLARA ILEANA', 'CHAN', 'CABRERA', 1, 7, 26, 60, 34, 'AUXILIAR ADMINISTRATIVO DE CONTRATOS', '2020-06-10', 128, 1, '2022-01-08', '2022-02-01'),
(143, 'SELENE DEL ROSARIO', 'OVANDO', 'MARTINEZ', 1, 7, 29, 24, 38, 'ADMINISTRATIVO DE CONTRATOS', '2020-10-15', 133, 1, '2022-01-08', '2022-02-01'),
(144, 'KARLA GABRIELA', 'LEON', 'GONZALEZ', 1, 7, 30, 63, 41, 'AUXILIAR ADMINISTRATIVO DE CONTRATOS', '2021-08-16', 138, 1, '2022-01-08', '2022-01-08'),
(145, 'HECTOR GERARDO', 'MENA', 'VILLAFUERTE', 1, 6, 23, 57, 31, 'GERENTE REGIONAL', '1995-12-05', 3, 1, '2022-01-08', '2022-01-31'),
(146, 'ROBERTO', 'VITAL', 'HERNANDEZ', 1, 6, 22, 56, 30, 'GERENTE DE OFICINA', '2022-01-08', 145, 1, '2022-01-08', '2022-01-08'),
(147, 'ALEJANDRA', 'ARAGON', 'RANGEL', 1, 6, 23, 57, 31, 'AUXILIAR CONTABLE', '2018-04-02', 145, 1, '2022-01-08', '2022-02-02'),
(148, 'VIGILANCIA', 'VIGILANCIA', 'VIGILANCIA', 1, 2, 7, 6, 69, 'VIGILANCIA', '2017-06-12', 30, 1, '2022-01-10', '2022-02-02'),
(149, 'MIGUEL DARIO', 'VARGAS', 'GUZMAN', 1, 2, 7, 7, 70, 'COORDINADOR ADMINISTRATIVO DE CONTRATOS', '2005-09-26', 3, 1, '2022-01-10', '2022-01-31'),
(150, 'ANDREA MONSERRAT', 'DIAZ', 'GALICIA', 1, 2, 7, 7, 70, 'AUXILIAR ADMINISTRATIVO CONTRATOS', '2021-06-18', 149, 1, '2022-01-10', '2022-01-10'),
(151, 'CLAUDIA IVETTE', 'ESPINOSA', 'JIMENEZ', 1, 2, 7, 7, 70, 'AUXILIAR ADMINISTRATIVO CONTRATOS', '2019-05-21', 23, 1, '2022-01-10', '2022-01-10'),
(152, 'ELOY', 'HERNANDEZ', 'ROMERO', 1, 2, 7, 7, 70, 'AUXILIAR ADMINISTRATIVO CONTRATOS', '2015-12-17', 149, 1, '2022-01-10', '2022-01-10'),
(153, 'FERNANDO', 'MIRANDA', 'GARCIA', 1, 2, 7, 7, 70, 'AUXILIAR ADMINISTRATIVO CONTRATOS', '2018-06-20', 149, 1, '2022-01-10', '2022-01-10'),
(154, 'GERARDO', 'ROCHA', 'LEYVA', 1, 2, 7, 7, 70, 'AUXILIAR ADMINISTRATIVO CONTRATOS', '2019-02-25', 149, 1, '2022-01-10', '2022-01-10'),
(155, 'HECTOR ALEJANDRO', 'CORONA', 'ESTRADA', 1, 2, 7, 7, 70, 'AUXILIAR ADMINISTRATIVO CONTRATOS', '2020-02-20', 149, 1, '2022-01-10', '2022-02-02'),
(156, 'LUIS DAVID', 'ROMERO', 'PEREZ', 1, 2, 7, 7, 70, 'AUXILIAR ADMINISTRATIVO CONTRATOS', '2017-10-02', 149, 1, '2022-01-10', '2022-01-10'),
(157, 'MARÍA JESICA JAZMIN', 'CHAVEZ', 'BALDERAS', 1, 2, 7, 7, 70, 'AUXILIAR ADMINISTRATIVO DE CONTRATOS.', '2021-10-28', 23, 2, '2022-01-10', '2022-02-21'),
(158, 'MARTHA ELIZABETH', 'CARDENAS', 'HERNANDEZ', 1, 2, 7, 7, 70, 'AUXILIAR ADMINISTRATIVO DE CONTRATOS.', '2021-01-08', 23, 1, '2022-01-10', '2022-01-10'),
(159, 'JONATHAN', 'PEREZ', 'CRUZ', 1, 2, 7, 7, 74, 'AUXILIAR DE CONTROL DE OBRAS', '2021-06-01', 58, 1, '2022-01-10', '2022-01-10'),
(160, 'MONTSERRAT', 'SANTAMARÍA', 'ROJAS', 1, 2, 7, 7, 74, 'AUXILIAR DE CONTROL DE OBRAS', '2021-11-09', 59, 2, '2022-01-10', '2022-02-21'),
(161, 'HILLARY', 'PORTILLO', 'GONZALEZ', 1, 2, 7, 7, 76, 'BECARIO RECURSOS MATERIALES', '2021-09-22', 47, 1, '2022-01-10', '2022-01-10'),
(162, 'JACOBO', 'GARCIA', 'AQUINO', 1, 2, 7, 7, 76, 'GERENTE DE RECURSOS MATERIALES', '2017-08-14', 5, 1, '2022-01-10', '2022-02-01'),
(163, 'OSCAR MAURICIO', 'PAULINO', 'GUZMAN', 1, 2, 7, 7, 92, 'ANALISTA DE RECURSO HUMANOS', '2021-09-26', 30, 1, '2022-01-10', '2022-01-10'),
(164, 'RAFAEL AMADOR', 'ESTUDILLO', 'MAYA', 1, 2, 7, 7, 77, 'COORDINADOR DE SERVICIO', '2021-12-15', 100, 1, '2022-01-10', '2022-01-31'),
(165, 'ELIZABETH VIOLETA', 'MARTINEZ', 'BELTRAN', 1, 2, 7, 8, 88, 'EJECUTIVO DE CUENTA', '2022-01-03', 4, 1, '2022-01-10', '2022-01-10'),
(166, 'MARIO ALBERTO', 'RUZ', 'ZARATE', 1, 5, 21, 55, 29, 'GERENTE REGIONAL', '2021-08-04', 3, 1, '2022-01-10', '2022-01-10'),
(167, 'ISRAEL', 'BARRERA', 'OLIVARES', 1, 5, 21, 55, 28, 'AUXILIAR ADMINISTRATIVO DE CONTRATOS', '2019-12-23', 166, 1, '2022-01-11', '2022-01-11'),
(168, 'KARLA EUGENIA', 'LABORIN', 'MONTOYA', 1, 5, 19, 53, 26, 'GERENTE OFICINA', '2020-04-20', 166, 1, '2022-01-11', '2022-01-11'),
(169, 'JESUS ERNESTO', 'LEON', 'AVILES', 1, 5, 20, 54, 27, 'GERENTE DE OFICINA', '2020-10-16', 166, 1, '2022-01-11', '2022-01-11'),
(170, 'MOISES', 'MADRID', 'AYON', 1, 5, 21, 55, 29, 'SUPERVISOR DE SERVICIOS', '2019-07-08', 166, 1, '2022-01-11', '2022-01-11'),
(171, 'EDGAR ALEJANDRO', 'GARCIA', 'PUGA', 1, 4, 14, 48, 15, 'GERENTE REGIONAL', '2019-03-22', 3, 1, '2022-01-11', '2022-02-18'),
(172, 'EDGAR SINAHI', 'MENDEZ', 'CARRILLO', 1, 4, 13, 47, 16, 'SUPERVISOR DE SERVICIOS', '2017-08-17', 171, 1, '2022-01-11', '2022-01-11'),
(173, 'LUZ ELVA', 'CARRILLO', 'ARELLANES', 1, 4, 13, 47, 16, 'AUXILIAR ADMINISTRATIVO REGIONAL', '2018-09-17', 171, 1, '2022-01-11', '2022-01-11'),
(174, 'ANA LUISA', 'TORRES', 'DAVILA', 1, 4, 14, 48, 15, 'ADMINISTRATIVO DE CONTRATOS', '2019-03-21', 171, 1, '2022-01-11', '2022-01-11'),
(175, 'BRENDA STEFHANY', 'DELGADO', 'MARTINEZ', 1, 4, 14, 48, 15, 'AUXILIAR ADMINISTRATIVO DE CONTRATOS', '2020-09-30', 171, 1, '2022-01-11', '2022-01-11'),
(176, 'JESUS ALBERTO', 'FLORES', 'COMPEAN', 1, 4, 14, 48, 15, 'SUPERVISOR DE SERVICIOS', '2018-01-22', 171, 1, '2022-01-11', '2022-01-11'),
(177, 'KARLA YAZMIN', 'CASTRO', 'LUCIO', 1, 4, 14, 48, 15, 'ADMINISTRATIVO DE CONTRATOS', '2021-11-16', 171, 1, '2022-01-11', '2022-01-11'),
(178, 'OMAR', 'CERRITOS', 'AGUILAR', 1, 4, 16, 50, 19, 'SUPERVISOR DE SERVICIOS', '2015-10-06', 171, 1, '2022-01-11', '2022-01-11'),
(179, 'CARLOS', 'ORTEGA', 'MEDINA', 1, 2, 5, 1, 44, 'SUPERVISOR DE SERVICIOS', '2019-12-11', 12, 1, '2022-01-11', '2022-01-11'),
(180, 'JAIME', 'HERNANDEZ', 'PLANCARTE', 1, 2, 5, 10, 45, 'JEFE DE SERVICIO', '2017-01-11', 100, 1, '2022-01-11', '2022-01-15'),
(181, 'ARTURO', 'COLIN', 'TELLEZ', 1, 2, 5, 76, 49, 'SUPERVISOR DE SERVICIOS', '2019-08-12', 100, 1, '2022-01-11', '2022-01-11'),
(182, 'ISRAEL', 'OCAMPO', 'ESQUIVEL', 1, 2, 7, 2, 2, 'SUPERVISOR DE SERVICIOS', '2017-01-16', 20, 2, '2022-01-11', '2022-02-02'),
(183, 'RICARDO ALEJANDRO', 'RAMIREZ', 'GARCIA', 1, 2, 5, 74, 94, 'JEFE DE SERVICIO', '2008-05-31', 20, 1, '2022-01-11', '2022-01-11'),
(184, 'MARIA TERESA', 'ISLAS', 'SOLIS', 1, 2, 5, 74, 46, 'AUXILIAR ADMINISTRATIVO CONTRATOS', '2021-02-08', 183, 1, '2022-01-11', '2022-01-11'),
(185, 'JUAN CARLOS', 'OROPEZA', 'OLGUIN', 1, 2, 5, 75, 48, 'SUPERVISOR DE SERVICIOS', '2016-04-27', 183, 1, '2022-01-11', '2022-01-11'),
(186, 'JESUS', 'SERRANO', 'SANTOS', 1, 2, 5, 79, 52, 'SUPERVISOR DE SERVICIOS', '2020-05-04', 23, 1, '2022-01-11', '2022-01-11'),
(187, 'JESUS ANDRES', 'HUERTA', 'BALTAZAR', 1, 2, 5, 80, 53, 'SUPERVISOR DE SERVICIOS', '2021-10-26', 23, 1, '2022-01-11', '2022-01-11'),
(188, 'ALEJANDRO', 'BARRADAS', 'DEL CASTILLO', 1, 3, 11, 45, 10, 'GERENTE REGIONAL', '2011-11-16', 3, 1, '2022-01-12', '2022-02-09'),
(189, 'KOSTER', 'JARILLO', 'MINERO', 1, 3, 11, 87, 99, 'SUPERVISOR DE SERVICIOS', '2018-05-25', 188, 1, '2022-01-12', '2022-01-12'),
(190, 'JULIAN', 'LUNA', 'VAZQUEZ', 1, 3, 12, 46, 13, 'JEFE DE OFICINA', '2011-08-15', 188, 1, '2022-01-12', '2022-01-12'),
(191, 'JOSE RAMON', 'ARREOLA', 'PAVON', 1, 3, 12, 34, 12, 'SUPERVISOR DE SERVICIOS', '2020-12-21', 190, 1, '2022-01-12', '2022-01-12'),
(192, 'GILBERTO', 'CRUZ', 'PALACIOS', 1, 3, 12, 88, 100, 'INGENIERO EN SERVICIOS', '2021-08-20', 190, 1, '2022-01-12', '2022-01-12'),
(193, 'FRANCISCO JAVIER', 'CASTRO', 'DELGADO', 1, 2, 5, 81, 54, 'SUPERVISOR DE SERVICIOS', '2018-07-23', 23, 1, '2022-01-13', '2022-01-13'),
(194, 'JORGE', 'LUNA', 'AGUILAR', 1, 2, 5, 82, 55, 'SUPERVISOR DE SERVICIOS', '2019-03-11', 23, 1, '2022-01-13', '2022-01-13'),
(195, 'CARLOS ALBERTO', 'CORONEL', 'DIAZ', 1, 2, 8, 15, 57, 'SUPERVISOR DE SERVICIOS', '2021-12-01', 23, 1, '2022-01-13', '2022-01-13'),
(196, 'ISAIN ENRIQUE', 'BELLO', 'ACUÑA', 1, 3, 10, 44, 9, 'JEFE DE OFICINA', '2020-05-18', 188, 1, '2022-01-13', '2022-01-13'),
(197, 'CORAL MARGARITA', 'GONZALEZ', 'CONTRERAS', 1, 3, 10, 44, 9, 'ADMINISTRATIVO DE CONTRATOS', '2020-12-22', 196, 1, '2022-01-13', '2022-02-02'),
(198, 'ANA CARMEN', 'HERNANDEZ', 'HERNANDEZ', 1, 3, 11, 45, 10, 'ADMINISTRATIVO DE CONTRATOS', '2021-07-02', 188, 1, '2022-01-13', '2022-01-13'),
(199, 'NAOMI SHECCID', 'TAVARES', 'HERNANDEZ', 1, 3, 11, 45, 10, 'BECARIO ADMINISTRATIVO', '2021-09-28', 188, 1, '2022-01-13', '2022-01-13'),
(200, 'TERESITA DE JESUS', 'REYES', 'AGUIÑAGA', 1, 6, 22, 56, 30, 'AUXILIAR ADMINISTRATIVO DE CONTRATOS', '2021-11-05', 146, 1, '2022-01-13', '2022-02-02'),
(201, 'CRISTAL IRASEMA', 'MEZA', 'ALCANTARA', 1, 3, 12, 46, 13, 'INGENIERO DE SERVICIOS', '2021-11-13', 190, 1, '2022-01-13', '2022-01-13'),
(202, 'GUADALUPE', 'MUGICA', 'PALACIOS', 1, 3, 12, 46, 13, 'ADMINISTRATIVO DE CONTRATOS', '2020-12-10', 190, 1, '2022-01-13', '2022-01-13'),
(203, 'JOEL MARTIN', 'PEREZ', 'PONCE', 1, 4, 17, 51, 23, 'JEFE DE OFICINA', '2013-03-25', 178, 1, '2022-01-13', '2022-02-18'),
(204, 'ABEL ENRIQUE', 'MATRON', 'VALDEZ', 1, 4, 14, 48, 15, 'SUPERVISOR DE SERVICIOS', '2021-09-13', 176, 1, '2022-01-13', '2022-03-29'),
(205, 'ESTHER', 'AMPUDIA', 'ALVARADO', 1, 2, 5, 78, 51, 'SUPERVISOR DE SERVICIOS', '2020-07-20', 23, 1, '2022-01-13', '2022-01-13'),
(251, 'CECILIA', 'SANTOS', 'TAPIA', 1, 6, 25, 59, 106, 'ADMINISTRATIVO DE CONTRATOS', '2014-08-25', 1, 1, '2022-01-22', '2022-01-22'),
(206, 'ANTONIA', 'CAMPECHANO', 'PEREZ', 1, 2, 5, 78, 51, 'SUPERVISOR DE SERVICIOS', '2020-07-20', 23, 1, '2022-01-13', '2022-01-13'),
(207, 'KIR ASERET', 'PAREDES', 'IBARRA', 1, 4, 14, 67, 18, 'SUPERVISOR DE SERVICIOS', '2021-04-22', 171, 1, '2022-01-13', '2022-01-13'),
(208, 'JOSE MARTIN', 'MEJIA', 'LECHUGA', 1, 4, 14, 67, 18, 'SUPERVISOR DE SERVICIOS', '2021-04-22', 171, 1, '2022-01-13', '2022-01-13'),
(209, 'DAVID', 'RIVERA', 'GARCIA', 1, 4, 14, 67, 18, 'SUPERVISOR DE SERVICIOS', '2021-04-22', 171, 1, '2022-01-13', '2022-01-13'),
(210, 'JOSE ARTURO', 'MANZANES', 'PASILLA', 1, 4, 14, 67, 18, 'SUPERVISOR DE SERVICIOS', '2021-04-22', 171, 1, '2022-01-13', '2022-01-13'),
(211, 'GRUPO', 'DIGITAL', 'SYSTEMS', 1, 2, 7, 9, 3, 'SOPORTE', '2022-01-15', 5, 1, '2022-01-15', '2022-02-22'),
(212, 'GERSON', 'ARREDONDO', 'ZARAGOZA', 1, 2, 7, 2, 2, 'SUPERVISOR DE SERVICIOS', '2020-09-08', 1, 2, '2022-01-15', '2022-02-02'),
(213, 'ADRIANA', 'PEREZ', 'AREVALO', 1, 2, 7, 7, 72, 'GERENTE DE COMPRAS', '2016-05-02', 5, 2, '2022-01-15', '2022-02-02'),
(214, 'BENITA MONSSERRAT', 'EK', 'TORRES', 1, 7, 27, 61, 36, 'ADMINISTRATIVO DE CONTRATOS', '2012-02-20', 127, 2, '2022-01-15', '2022-02-02'),
(215, 'EDI JAHAZIEL', 'GONZALEZ', 'ESPARZA', 1, 6, 23, 57, 31, 'AUXILIAR ADMINISTRATIVO DE CONTRATOS', '2021-11-05', 218, 1, '2022-01-15', '2022-02-02'),
(216, 'MILEYDI', 'MONTEJO', 'VILLEGAS', 1, 3, 12, 46, 13, 'ADMINISTRATIVO DE CONTRATOS', '2019-01-14', 190, 2, '2022-01-15', '2022-02-02'),
(217, 'SANDRA BEATRIZ', 'GONZALEZ', 'CRUZ', 1, 3, 10, 44, 9, 'ADMINISTRATIVO DE CONTRATOS', '2019-09-30', 1, 2, '2022-01-15', '2022-02-02'),
(218, 'ROBERTO', 'GONZALEZ', 'GONZALEZ', 1, 6, 23, 57, 32, 'JEFE DE SERVICIO', '2020-01-15', 145, 1, '2022-01-15', '2022-02-02'),
(219, 'STEFANY IRAIS', 'HERNANDEZ', 'CARCAÑO', 1, 3, 11, 45, 10, 'ADMINISTRATIVO DE CONTRATOS', '2019-03-04', 188, 2, '2022-01-15', '2022-02-02'),
(220, 'FERNANDO', 'BARRIGA', 'ARTEAGA', 1, 2, 7, 7, 74, 'AUXILIAR DE CONTROL DE OBRAS', '2022-01-26', 59, 1, '2022-01-15', '2022-02-02'),
(221, 'FATIMA DIALID', 'GALLEGOS', 'HERNANDEZ', 1, 2, 7, 7, 70, 'AUXILIAR ADMINISTRATIVO DE CONTRATOS', '2020-08-17', 23, 2, '2022-01-15', '2022-02-02'),
(222, 'MARIO ALBERTO', 'GARCIA', 'DAMIAN', 1, 6, 23, 57, 31, 'AUXILIAR ADMINISTRATIVO DE CONTRATOS', '2003-06-28', 145, 1, '2022-01-15', '2022-02-02'),
(223, 'GERARDO', 'TORRES', 'SALDUA', 1, 2, 7, 7, 72, 'GERENTE DE COMPRAS', '2021-01-15', 5, 2, '2022-01-15', '2022-02-02'),
(224, 'REYNA LIZBETH', 'CALIXTO', 'IBARRA', 1, 2, 7, 7, 70, 'AUXILIAR ADMINISTRATIVO DE CONTRATOS', '2021-01-28', 1, 2, '2022-01-15', '2022-02-02'),
(225, 'JOSE DANIEL', 'HERNANDEZ', 'GUTIERREZ', 1, 2, 7, 7, 77, 'ADMINISTRATIVO DE CONTRATOS', '2022-01-31', 20, 1, '2022-01-15', '2022-02-02'),
(226, 'THADIA LYNETTE', 'CHANG', 'MARTINEZ', 1, 2, 7, 7, 70, 'AUXILIAR ADMINISTRATIVO DE CONTRATOS', '2019-02-11', 149, 2, '2022-01-15', '2022-02-02'),
(227, 'HENRY DAVID', 'HERNANDEZ', 'PEREZ', 1, 7, 27, 61, 36, 'SUPERVISOR DE SERVICIOS', '2019-08-09', 127, 2, '2022-01-15', '2022-02-02'),
(228, 'JAVIER', 'HERNANDEZ', 'SANCHEZ', 1, 6, 23, 57, 31, 'SUPERVISOR DE SERVICIOS', '2021-08-11', 145, 1, '2022-01-15', '2022-02-02'),
(229, 'OLGA ELENA', 'QUEZADA', 'REAL', 1, 6, 23, 57, 31, 'ADMINISTRATIVO', '2021-03-26', 222, 1, '2022-01-15', '2022-02-02'),
(230, 'ALMA DELIA', 'LAGUNES', 'PEREZ', 1, 6, 23, 57, 31, 'SUPERVISOR DE LIMPIEZA UVM', '2019-06-26', 145, 2, '2022-01-15', '2022-02-02'),
(231, 'DELFINO ALBERTO', 'MEJIA', 'GONZALEZ', 1, 2, 7, 2, 2, 'SUPERVISOR DE SERVICIOS', '2018-12-05', 1, 2, '2022-01-15', '2022-02-02'),
(232, 'IRIS GUADALUPE', 'ROBLES', 'ACOSTA', 1, 6, 24, 58, 33, 'ADMINISTRATIVO DE CONTRATOS', '2019-04-15', 1, 2, '2022-01-15', '2022-02-02'),
(233, 'RAYMUNDO JAVIER', 'RAMIREZ', 'DE LA CRUZ', 1, 2, 5, 89, 103, 'AUXILIAR ADMINISTRATIVO DE FABRICA', '2020-10-30', 86, 1, '2022-01-15', '2022-01-15'),
(234, 'KARELI', 'AGUILLON', '.', 1, 2, 7, 7, 74, 'AUXILIAR DE CONTROL DE OBRAS', '2020-03-05', 1, 2, '2022-01-15', '2022-02-02'),
(235, 'SANDRA FABIOLA', 'SOTO', 'DIAZ', 1, 6, 23, 57, 31, 'JEFE ADMINISTRATIVO REGIONAL', '2020-06-19', 145, 1, '2022-01-15', '2022-02-02'),
(236, 'ANA PALOMA', 'CONTRERAS', 'SALCEDO', 1, 6, 23, 57, 32, 'AUXILIAR ADMINISTRATIVO DE CONTRATOS', '2021-05-06', 145, 1, '2022-01-15', '2022-02-02'),
(237, 'LUIS DONALDO', 'URIBE', 'PADILLA', 1, 2, 8, 12, 56, 'SUPERVISOR DE SERVICIOS', '2020-08-17', 23, 2, '2022-01-15', '2022-02-02'),
(238, 'MARIA FERNANDA', 'CORONEL', 'BATIZ', 1, 2, 7, 7, 70, 'COORDINADOR ADMINISTRATIVO DE CONTRATOS', '2015-02-13', 3, 2, '2022-01-22', '2022-02-02'),
(239, 'FERNANDO', 'OSORIO', 'LIMON', 1, 3, 10, 44, 9, 'JEFE DE OFICINA', '2020-01-09', 188, 2, '2022-01-22', '2022-02-02'),
(240, 'JORGE ANTONIO', 'DIAZ', 'GARCIA', 1, 4, 17, 51, 23, 'JEFE DE OFICINA TAMPICO', '2013-03-25', 1, 2, '2022-01-22', '2022-02-02'),
(241, 'JORGE ALBERTO', 'JAVIER', 'CRUZ', 1, 3, 11, 45, 11, 'SUPERVISOR  DE SERVICIOS', '2019-08-19', 188, 2, '2022-01-22', '2022-02-02'),
(242, 'YOVANNA GUADALUPE', 'AYALA', 'TANORI', 1, 5, 19, 85, 95, 'AUXILIAR ADMINISTRATIVO DE CONTRATOS', '2019-07-16', 168, 2, '2022-01-22', '2022-02-02'),
(243, 'DIEGO', 'VILLALOBOS', 'JAVIER', 1, 2, 7, 2, 2, 'COORDINADOR DE SERVICIO', '2020-10-16', 1, 2, '2022-01-22', '2022-02-02'),
(244, 'ABIGAIL ALEJANDRA', 'SANCHEZ', 'VALDEZ', 1, 2, 7, 3, 104, 'BECARIO DE RECURSOS HUMANOS', '2020-07-20', 1, 2, '2022-01-22', '2022-02-02'),
(245, 'ERIKA GUADALUPE', 'MUÑOZ', 'MUÑOZ', 1, 6, 23, 57, 31, 'AUXILIAR ADMINISTRATIVO', '2018-08-22', 1, 2, '2022-01-22', '2022-02-02'),
(246, 'ARIADNA', 'RODRIGUEZ', 'SIBAJA', 1, 7, 36, 86, 96, 'ADMINISTRATIVO DE CONTRATOS', '2019-02-04', 1, 1, '2022-01-22', '2022-01-22'),
(247, 'JOEL', 'ABAD', 'PUENTES', 1, 1, 37, 90, 105, 'SUPERVISOR DE SERVICIOS', '2020-07-15', 93, 2, '2022-01-22', '2022-02-02'),
(248, 'FRANCISCO JAVIER', 'MENDEZ', 'MORALES', 1, 1, 4, 42, 8, 'EJECUTIVO DE CUENTA', '2020-01-21', 93, 2, '2022-01-22', '2022-02-02'),
(249, 'ROBERTO', 'DE ZATARAIN', '.', 1, 3, 11, 45, 11, 'SUPERVISOR DE SERVICIOS', '2016-11-01', 188, 2, '2022-01-22', '2022-02-02'),
(250, 'DAYANA BERENICE', 'CORONADO', 'BENITEZ', 1, 5, 21, 55, 29, 'AUXILIAR ADMINISTRATIVO DE CONTRATOS', '2019-12-19', 170, 2, '2022-01-22', '2022-02-02'),
(252, 'OMAR ENRIQUE', 'SANDOVAL', 'MORALES', 1, 6, 22, 56, 30, 'SUPERVISOR DE SERVICIOS', '2022-01-22', 1, 2, '2022-01-22', '2022-02-02'),
(253, 'ANA ISABEL', 'CONTRERAS', 'RIVERA', 1, 1, 3, 41, 7, 'ADMINISTRATIVO DE CONTRATOS', '2017-01-16', 1, 2, '2022-01-22', '2022-02-02'),
(254, 'EDUARDO ANGEL', 'GONZALEZ', 'PEREZ', 1, 1, 3, 41, 7, 'ADMINISTRATIVO DE CONTRATOS', '2017-02-23', 1, 2, '2022-01-22', '2022-02-02'),
(255, 'MAYRA', 'SERRATOS', 'MORENO', 1, 1, 3, 41, 7, 'SERVICIOS', '2022-01-22', 1, 2, '2022-01-22', '2022-02-02'),
(256, 'POLETT', 'RODRIGUEZ', 'PARRAGUIRRE', 1, 1, 3, 41, 7, 'ADMINISTRATIVO DE CONTRATOS', '2018-12-21', 1, 2, '2022-01-22', '2022-02-02'),
(257, 'ALEXIS', 'SANTILLAN', 'AQUINO', 1, 1, 4, 42, 8, 'SUPERVISOR DE SERVICIOS', '2019-07-29', 93, 2, '2022-01-22', '2022-02-02'),
(258, 'FRANCISCO JAVIER', 'GUTIERREZ', 'BARRON', 1, 2, 5, 74, 47, 'SUPERVISOR DE SERVICIOS', '2017-01-20', 183, 2, '2022-01-22', '2022-02-02'),
(259, 'MIGUEL', 'RAMIREZ', 'MARTINEZ', 1, 2, 5, 74, 94, 'SUPERVISOR DE SERVICIOS', '2019-07-08', 1, 2, '2022-01-22', '2022-02-02'),
(260, 'OSCAR ENRIQUE', 'MEZA', 'ARREDONDO', 1, 6, 23, 57, 31, 'SUPERVISOR DE SERVICIOS', '2021-12-02', 145, 1, '2022-01-22', '2022-01-31'),
(261, 'JESUS ANTONIO', 'HERNANDEZ', 'COELLO', 1, 4, 15, 49, 98, 'SUPERVISOR DE SERVICIOS', '2022-01-22', 1, 1, '2022-01-22', '2022-01-22'),
(262, 'JOSE ELADIO', 'MENDIVIL', 'GUITIERREZ', 1, 5, 20, 54, 27, 'GERENTE DE OFICINA MEXICALI', '2019-11-27', 1, 2, '2022-01-22', '2022-02-02'),
(263, 'MIGUEL ANGEL', 'SANCHEZ', 'PALMA', 1, 7, 30, 91, 108, 'SUPERVISOR DE SERVICIOS', '2022-01-22', 127, 2, '2022-01-22', '2022-02-02'),
(264, 'GUILLERMO DANIEL', 'GONZALEZ', 'TORRES', 1, 7, 36, 86, 96, 'JEFE DE OFICINA', '2020-07-21', 127, 1, '2022-01-22', '2022-01-22'),
(265, 'MAURICIO', 'GOMEZ', 'OJEDA', 1, 2, 7, 2, 2, 'JEFE DE OFICINA', '2016-02-19', 22, 2, '2022-01-22', '2022-02-02'),
(266, 'SABINO SABAS', 'MAGUEY', 'HERNANDEZ', 1, 2, 7, 7, 77, 'SUPERVISOR DE SERVICIOS', '2021-01-14', 1, 2, '2022-01-22', '2022-02-02'),
(267, 'YESENIA', 'LOPEZ', 'ALPIZAR', 1, 2, 7, 7, 76, 'GERENTE DE RECURSOS MATERIALES', '2020-10-13', 5, 2, '2022-01-22', '2022-02-02'),
(268, 'DANIEL', 'SOLIS', 'PAREDES', 1, 2, 7, 2, 2, 'SUPERVISOR DE SERVICIOS', '2019-06-19', 1, 2, '2022-01-22', '2022-02-02'),
(269, 'JONATHAN OZIEL', 'JULIAN', 'CALDERON', 1, 4, 14, 48, 15, 'GERENTE REGIONAL NORESTE', '2017-02-16', 1, 2, '2022-01-22', '2022-02-02'),
(270, 'JAVIER FERNANDO', 'BLANCO', 'CORDOVA', 1, 2, 7, 3, 104, 'BECARIO DE RECURSOS HUMANOS', '2020-07-20', 1, 2, '2022-01-22', '2022-02-02'),
(271, 'JAVIER FERNANDO', 'BLANCO', 'CORDOVA', 1, 5, 19, 92, 110, 'SUPERVISOR DE SERVICIOS', '2020-09-29', 168, 2, '2022-01-22', '2022-02-02'),
(272, 'JONATHAN JONAS', 'GALLARDO', 'SANTILLAN', 1, 4, 18, 93, 111, 'SUPERVISOR DE SERVICIOS', '2019-04-24', 1, 2, '2022-01-22', '2022-02-02'),
(273, 'XIOMARA YASIRIS', 'BALDERAS', 'AGUILAR', 1, 4, 14, 48, 17, 'ADMINISTRATIVO DE CONTRATOS', '2019-06-05', 1, 2, '2022-01-22', '2022-02-02'),
(274, 'JAMES', 'SMITHERS', 'IBARRA', 1, 2, 7, 8, 88, 'TRAINEE', '2021-01-13', 14, 2, '2022-01-22', '2022-02-21'),
(275, 'GONZALO', 'DE LA CRUZ', 'RODRIGUEZ', 1, 7, 26, 60, 34, 'AUXILIAR ADMINISTRATIVO DE CONTRATOS', '2020-07-14', 128, 2, '2022-01-22', '2022-02-02'),
(276, 'JOCELYN ESTEFANIA', 'RAMIREZ', 'DOMINGUEZ', 1, 3, 11, 45, 10, 'ADMINISTRATIVO DE CONTRATOS', '2019-07-12', 188, 2, '2022-01-22', '2022-02-02'),
(277, 'JULIAN', 'VAZQUEZ', 'RUIZ', 1, 4, 17, 72, 24, 'SUPERVISOR DE SERVICIOS', '2018-05-02', 178, 2, '2022-01-22', '2022-02-02'),
(278, 'ILSE PAULINA', 'ANTONIO', 'MORALES', 1, 7, 36, 86, 96, 'ADMINISTRATIVO DE CONTRATOS', '2019-11-04', 1, 1, '2022-01-22', '2022-01-22'),
(279, 'KARLA PAMELA', 'CHAVEZ', 'SOTO', 1, 4, 18, 52, 25, 'AUXILIAR ADMINISTRATIVO DE CONTRATOS', '2019-09-02', 178, 2, '2022-02-02', '2022-02-02'),
(280, 'HECTOR JESUS', 'BERNAL', 'ARMENTA', 1, 2, 7, 7, 72, 'AUXILIAR DE COMPRAS', '2022-01-31', 47, 1, '2022-02-02', '2022-02-02'),
(281, 'ZULEYMA', 'CORONA', 'AGUILAR', 1, 2, 7, 3, 4, 'AUXILIAR DE RECLUTAMIENTO Y SELECCIÓN', '2022-02-17', 33, 1, '2022-02-21', '2022-02-21'),
(282, 'LUIS ENRIQUE', 'TAPIA', 'SALES', 1, 2, 7, 4, 67, 'AUXILIAR ADMINISTRATIVO DE CONTRATOS', '2022-02-16', 45, 1, '2022-02-21', '2022-02-21');

-- --------------------------------------------------------

--
-- Estructura de tabla para la tabla `usuarios_status`
--

CREATE TABLE `usuarios_status` (
  `id` int(1) NOT NULL,
  `nombre` text DEFAULT NULL,
  `id_estado` int(1) DEFAULT NULL,
  `fechaRegistro` date DEFAULT NULL,
  `fechaModificacion` date DEFAULT NULL
) ENGINE=Aria DEFAULT CHARSET=latin1;

--
-- Volcado de datos para la tabla `usuarios_status`
--

INSERT INTO `usuarios_status` (`id`, `nombre`, `id_estado`, `fechaRegistro`, `fechaModificacion`) VALUES
(1, 'ACTIVO', 1, '2006-09-21', '2006-09-21'),
(2, 'BAJA', 1, '2021-10-25', '2021-10-25');

--
-- Índices para tablas volcadas
--

--
-- Indices de la tabla `acl`
--
ALTER TABLE `acl`
  ADD PRIMARY KEY (`ai`),
  ADD KEY `action_id` (`action_id`),
  ADD KEY `user_id` (`user_id`);

--
-- Indices de la tabla `acl_actions`
--
ALTER TABLE `acl_actions`
  ADD PRIMARY KEY (`action_id`),
  ADD KEY `category_id` (`category_id`);

--
-- Indices de la tabla `acl_categories`
--
ALTER TABLE `acl_categories`
  ADD PRIMARY KEY (`category_id`),
  ADD UNIQUE KEY `category_code` (`category_code`),
  ADD UNIQUE KEY `category_desc` (`category_desc`);

--
-- Indices de la tabla `administradores`
--
ALTER TABLE `administradores`
  ADD PRIMARY KEY (`id`);

--
-- Indices de la tabla `asignacion`
--
ALTER TABLE `asignacion`
  ADD PRIMARY KEY (`id`);

--
-- Indices de la tabla `asignacion_status`
--
ALTER TABLE `asignacion_status`
  ADD PRIMARY KEY (`id`);

--
-- Indices de la tabla `auth_sessions`
--
ALTER TABLE `auth_sessions`
  ADD PRIMARY KEY (`id`);

--
-- Indices de la tabla `ci_sessions`
--
ALTER TABLE `ci_sessions`
  ADD PRIMARY KEY (`id`),
  ADD KEY `ci_sessions_timestamp` (`timestamp`);

--
-- Indices de la tabla `clientes_clientes`
--
ALTER TABLE `clientes_clientes`
  ADD PRIMARY KEY (`id`);

--
-- Indices de la tabla `clientes_contratos`
--
ALTER TABLE `clientes_contratos`
  ADD PRIMARY KEY (`id`);

--
-- Indices de la tabla `clientes_departamentos`
--
ALTER TABLE `clientes_departamentos`
  ADD PRIMARY KEY (`id`);

--
-- Indices de la tabla `clientes_oficinas`
--
ALTER TABLE `clientes_oficinas`
  ADD PRIMARY KEY (`id`);

--
-- Indices de la tabla `clientes_regional`
--
ALTER TABLE `clientes_regional`
  ADD PRIMARY KEY (`id`);

--
-- Indices de la tabla `clientes_ubicaciones`
--
ALTER TABLE `clientes_ubicaciones`
  ADD PRIMARY KEY (`id`);

--
-- Indices de la tabla `configuracion`
--
ALTER TABLE `configuracion`
  ADD PRIMARY KEY (`id`);

--
-- Indices de la tabla `correos`
--
ALTER TABLE `correos`
  ADD PRIMARY KEY (`id`);

--
-- Indices de la tabla `correos_asignacion`
--
ALTER TABLE `correos_asignacion`
  ADD PRIMARY KEY (`id`);

--
-- Indices de la tabla `correos_estados`
--
ALTER TABLE `correos_estados`
  ADD PRIMARY KEY (`id`);

--
-- Indices de la tabla `correos_provedores`
--
ALTER TABLE `correos_provedores`
  ADD PRIMARY KEY (`id`);

--
-- Indices de la tabla `correos_tipos`
--
ALTER TABLE `correos_tipos`
  ADD PRIMARY KEY (`id`);

--
-- Indices de la tabla `correo_utilidades`
--
ALTER TABLE `correo_utilidades`
  ADD PRIMARY KEY (`id`);

--
-- Indices de la tabla `denied_access`
--
ALTER TABLE `denied_access`
  ADD PRIMARY KEY (`ai`);

--
-- Indices de la tabla `documentos_usuario`
--
ALTER TABLE `documentos_usuario`
  ADD PRIMARY KEY (`id`);

--
-- Indices de la tabla `equipos`
--
ALTER TABLE `equipos`
  ADD PRIMARY KEY (`id`),
  ADD UNIQUE KEY `serie` (`serie`);

--
-- Indices de la tabla `equipos_discoduro_tipo`
--
ALTER TABLE `equipos_discoduro_tipo`
  ADD PRIMARY KEY (`id`);

--
-- Indices de la tabla `equipos_ram`
--
ALTER TABLE `equipos_ram`
  ADD PRIMARY KEY (`id`);

--
-- Indices de la tabla `equipos_status`
--
ALTER TABLE `equipos_status`
  ADD PRIMARY KEY (`id`);

--
-- Indices de la tabla `imagenes_equipo`
--
ALTER TABLE `imagenes_equipo`
  ADD PRIMARY KEY (`id`);

--
-- Indices de la tabla `ips_on_hold`
--
ALTER TABLE `ips_on_hold`
  ADD PRIMARY KEY (`ai`);

--
-- Indices de la tabla `login_errors`
--
ALTER TABLE `login_errors`
  ADD PRIMARY KEY (`ai`);

--
-- Indices de la tabla `menu_disponibilidad`
--
ALTER TABLE `menu_disponibilidad`
  ADD PRIMARY KEY (`id`);

--
-- Indices de la tabla `menu_marcaequipo`
--
ALTER TABLE `menu_marcaequipo`
  ADD PRIMARY KEY (`id`);

--
-- Indices de la tabla `menu_modelos`
--
ALTER TABLE `menu_modelos`
  ADD PRIMARY KEY (`id`);

--
-- Indices de la tabla `menu_roll`
--
ALTER TABLE `menu_roll`
  ADD PRIMARY KEY (`id`);

--
-- Indices de la tabla `menu_sistemasoperativos`
--
ALTER TABLE `menu_sistemasoperativos`
  ADD PRIMARY KEY (`id`);

--
-- Indices de la tabla `menu_status`
--
ALTER TABLE `menu_status`
  ADD PRIMARY KEY (`id`);

--
-- Indices de la tabla `menu_tipocontratos`
--
ALTER TABLE `menu_tipocontratos`
  ADD PRIMARY KEY (`id`);

--
-- Indices de la tabla `menu_tipoequipo`
--
ALTER TABLE `menu_tipoequipo`
  ADD PRIMARY KEY (`id`);

--
-- Indices de la tabla `menu_vesion`
--
ALTER TABLE `menu_vesion`
  ADD PRIMARY KEY (`id`);

--
-- Indices de la tabla `procesador_generacion`
--
ALTER TABLE `procesador_generacion`
  ADD PRIMARY KEY (`id`);

--
-- Indices de la tabla `procesador_marca`
--
ALTER TABLE `procesador_marca`
  ADD PRIMARY KEY (`id`);

--
-- Indices de la tabla `procesador_modelo`
--
ALTER TABLE `procesador_modelo`
  ADD PRIMARY KEY (`id`);

--
-- Indices de la tabla `software`
--
ALTER TABLE `software`
  ADD PRIMARY KEY (`id`);

--
-- Indices de la tabla `username_or_email_on_hold`
--
ALTER TABLE `username_or_email_on_hold`
  ADD PRIMARY KEY (`ai`);

--
-- Indices de la tabla `usuarios`
--
ALTER TABLE `usuarios`
  ADD PRIMARY KEY (`id`);

--
-- Indices de la tabla `usuarios_status`
--
ALTER TABLE `usuarios_status`
  ADD PRIMARY KEY (`id`);

--
-- AUTO_INCREMENT de las tablas volcadas
--

--
-- AUTO_INCREMENT de la tabla `administradores`
--
ALTER TABLE `administradores`
  MODIFY `id` int(1) NOT NULL AUTO_INCREMENT, AUTO_INCREMENT=8;

--
-- AUTO_INCREMENT de la tabla `asignacion`
--
ALTER TABLE `asignacion`
  MODIFY `id` int(1) NOT NULL AUTO_INCREMENT, AUTO_INCREMENT=292;

--
-- AUTO_INCREMENT de la tabla `asignacion_status`
--
ALTER TABLE `asignacion_status`
  MODIFY `id` int(1) NOT NULL AUTO_INCREMENT, AUTO_INCREMENT=5;

--
-- AUTO_INCREMENT de la tabla `clientes_clientes`
--
ALTER TABLE `clientes_clientes`
  MODIFY `id` int(1) NOT NULL AUTO_INCREMENT, AUTO_INCREMENT=10;

--
-- AUTO_INCREMENT de la tabla `clientes_contratos`
--
ALTER TABLE `clientes_contratos`
  MODIFY `id` int(11) NOT NULL AUTO_INCREMENT;

--
-- AUTO_INCREMENT de la tabla `clientes_departamentos`
--
ALTER TABLE `clientes_departamentos`
  MODIFY `id` int(1) NOT NULL AUTO_INCREMENT, AUTO_INCREMENT=114;

--
-- AUTO_INCREMENT de la tabla `clientes_oficinas`
--
ALTER TABLE `clientes_oficinas`
  MODIFY `id` int(1) NOT NULL AUTO_INCREMENT, AUTO_INCREMENT=39;

--
-- AUTO_INCREMENT de la tabla `clientes_regional`
--
ALTER TABLE `clientes_regional`
  MODIFY `id` int(1) NOT NULL AUTO_INCREMENT, AUTO_INCREMENT=23;

--
-- AUTO_INCREMENT de la tabla `clientes_ubicaciones`
--
ALTER TABLE `clientes_ubicaciones`
  MODIFY `id` int(1) NOT NULL AUTO_INCREMENT, AUTO_INCREMENT=94;

--
-- AUTO_INCREMENT de la tabla `configuracion`
--
ALTER TABLE `configuracion`
  MODIFY `id` int(1) NOT NULL AUTO_INCREMENT, AUTO_INCREMENT=256;

--
-- AUTO_INCREMENT de la tabla `correos`
--
ALTER TABLE `correos`
  MODIFY `id` int(11) NOT NULL AUTO_INCREMENT, AUTO_INCREMENT=459;

--
-- AUTO_INCREMENT de la tabla `correos_asignacion`
--
ALTER TABLE `correos_asignacion`
  MODIFY `id` int(11) NOT NULL AUTO_INCREMENT, AUTO_INCREMENT=171;

--
-- AUTO_INCREMENT de la tabla `correos_estados`
--
ALTER TABLE `correos_estados`
  MODIFY `id` int(1) NOT NULL AUTO_INCREMENT, AUTO_INCREMENT=3;

--
-- AUTO_INCREMENT de la tabla `correos_provedores`
--
ALTER TABLE `correos_provedores`
  MODIFY `id` int(11) NOT NULL AUTO_INCREMENT, AUTO_INCREMENT=3;

--
-- AUTO_INCREMENT de la tabla `correos_tipos`
--
ALTER TABLE `correos_tipos`
  MODIFY `id` int(11) NOT NULL AUTO_INCREMENT, AUTO_INCREMENT=3;

--
-- AUTO_INCREMENT de la tabla `correo_utilidades`
--
ALTER TABLE `correo_utilidades`
  MODIFY `id` int(11) NOT NULL AUTO_INCREMENT, AUTO_INCREMENT=4;

--
-- AUTO_INCREMENT de la tabla `documentos_usuario`
--
ALTER TABLE `documentos_usuario`
  MODIFY `id` int(11) NOT NULL AUTO_INCREMENT, AUTO_INCREMENT=39;

--
-- AUTO_INCREMENT de la tabla `equipos`
--
ALTER TABLE `equipos`
  MODIFY `id` int(1) NOT NULL AUTO_INCREMENT, AUTO_INCREMENT=254;

--
-- AUTO_INCREMENT de la tabla `equipos_discoduro_tipo`
--
ALTER TABLE `equipos_discoduro_tipo`
  MODIFY `id` int(11) NOT NULL AUTO_INCREMENT, AUTO_INCREMENT=6;

--
-- AUTO_INCREMENT de la tabla `equipos_ram`
--
ALTER TABLE `equipos_ram`
  MODIFY `id` int(11) NOT NULL AUTO_INCREMENT, AUTO_INCREMENT=3;

--
-- AUTO_INCREMENT de la tabla `equipos_status`
--
ALTER TABLE `equipos_status`
  MODIFY `id` int(1) NOT NULL AUTO_INCREMENT, AUTO_INCREMENT=6;

--
-- AUTO_INCREMENT de la tabla `imagenes_equipo`
--
ALTER TABLE `imagenes_equipo`
  MODIFY `id` int(11) NOT NULL AUTO_INCREMENT, AUTO_INCREMENT=178;

--
-- AUTO_INCREMENT de la tabla `menu_disponibilidad`
--
ALTER TABLE `menu_disponibilidad`
  MODIFY `id` int(1) NOT NULL AUTO_INCREMENT, AUTO_INCREMENT=3;

--
-- AUTO_INCREMENT de la tabla `menu_marcaequipo`
--
ALTER TABLE `menu_marcaequipo`
  MODIFY `id` int(1) NOT NULL AUTO_INCREMENT, AUTO_INCREMENT=17;

--
-- AUTO_INCREMENT de la tabla `menu_modelos`
--
ALTER TABLE `menu_modelos`
  MODIFY `id` int(1) NOT NULL AUTO_INCREMENT, AUTO_INCREMENT=44;

--
-- AUTO_INCREMENT de la tabla `menu_roll`
--
ALTER TABLE `menu_roll`
  MODIFY `id` int(1) NOT NULL AUTO_INCREMENT, AUTO_INCREMENT=3;

--
-- AUTO_INCREMENT de la tabla `menu_sistemasoperativos`
--
ALTER TABLE `menu_sistemasoperativos`
  MODIFY `id` int(11) NOT NULL AUTO_INCREMENT, AUTO_INCREMENT=3;

--
-- AUTO_INCREMENT de la tabla `menu_status`
--
ALTER TABLE `menu_status`
  MODIFY `id` int(1) NOT NULL AUTO_INCREMENT, AUTO_INCREMENT=3;

--
-- AUTO_INCREMENT de la tabla `menu_tipocontratos`
--
ALTER TABLE `menu_tipocontratos`
  MODIFY `id` int(1) NOT NULL AUTO_INCREMENT, AUTO_INCREMENT=2;

--
-- AUTO_INCREMENT de la tabla `menu_tipoequipo`
--
ALTER TABLE `menu_tipoequipo`
  MODIFY `id` int(1) NOT NULL AUTO_INCREMENT, AUTO_INCREMENT=5;

--
-- AUTO_INCREMENT de la tabla `menu_vesion`
--
ALTER TABLE `menu_vesion`
  MODIFY `id` int(11) NOT NULL AUTO_INCREMENT, AUTO_INCREMENT=6;

--
-- AUTO_INCREMENT de la tabla `procesador_generacion`
--
ALTER TABLE `procesador_generacion`
  MODIFY `id` int(1) NOT NULL AUTO_INCREMENT, AUTO_INCREMENT=28;

--
-- AUTO_INCREMENT de la tabla `procesador_marca`
--
ALTER TABLE `procesador_marca`
  MODIFY `id` int(1) NOT NULL AUTO_INCREMENT, AUTO_INCREMENT=3;

--
-- AUTO_INCREMENT de la tabla `procesador_modelo`
--
ALTER TABLE `procesador_modelo`
  MODIFY `id` int(1) NOT NULL AUTO_INCREMENT, AUTO_INCREMENT=8;

--
-- AUTO_INCREMENT de la tabla `software`
--
ALTER TABLE `software`
  MODIFY `id` int(1) NOT NULL AUTO_INCREMENT, AUTO_INCREMENT=2;

--
-- AUTO_INCREMENT de la tabla `usuarios`
--
ALTER TABLE `usuarios`
  MODIFY `id` int(1) NOT NULL AUTO_INCREMENT, AUTO_INCREMENT=283;

--
-- AUTO_INCREMENT de la tabla `usuarios_status`
--
ALTER TABLE `usuarios_status`
  MODIFY `id` int(1) NOT NULL AUTO_INCREMENT, AUTO_INCREMENT=3;
COMMIT;

/*!40101 SET CHARACTER_SET_CLIENT=@OLD_CHARACTER_SET_CLIENT */;
/*!40101 SET CHARACTER_SET_RESULTS=@OLD_CHARACTER_SET_RESULTS */;
/*!40101 SET COLLATION_CONNECTION=@OLD_COLLATION_CONNECTION */;
